{"type":"FeatureCollection","crs":{"type":"name","properties":{"name":"EPSG:4326"}},"features":[{"type":"Feature","id":1,"geometry":{"type":"LineString","coordinates":[[-86.7743716768098,36.1622466686255],[-86.7759662991622,36.1615556317565]]},"properties":{"OBJECTID":1,"BikewayType":"WOL","Status":"Complete","OnStreetName":"Broadway","FromStreetName":"3rd Ave S","ToStreetName":"1st Ave S","YearCompleted":2011,"District":"19"}},{"type":"Feature","id":2,"geometry":{"type":"LineString","coordinates":[[-86.791913148944,36.1521862480727],[-86.7919247973549,36.1521568910285],[-86.791931676379,36.1521265602624],[-86.7919336709517,36.1520957631383],[-86.7919307477141,36.1520650148206],[-86.7919229555707,36.1520348296567],[-86.7919104248712,36.1520057125732],[-86.7918933652294,36.1519781506296],[-86.7918720620169,36.1519526048712],[-86.7918468715887,36.151929502617],[-86.7918182153229,36.1519092303116],[-86.7917865725712,36.1518921270613],[-86.791752472641,36.1518784789613],[-86.7917164859411,36.1518685143111],[-86.7916792144408,36.1518623997944],[-86.7916412816001,36.1518602376921],[-86.7916033219416,36.1518620641707]]},"properties":{"OBJECTID":2,"BikewayType":"BL","Status":"Complete","OnStreetName":"Division St","FromStreetName":"Buddy Killen Cir","ToStreetName":"Music Sq E","YearCompleted":2004,"District":"19"}},{"type":"Feature","id":3,"geometry":{"type":"LineString","coordinates":[[-86.7843171709731,36.1510799688195],[-86.7845359163775,36.1495846236333],[-86.7845944283642,36.1493502475105],[-86.7846983738894,36.1491264683101],[-86.7848450803896,36.1489190388689],[-86.7850307760999,36.1487332916677],[-86.7852061614655,36.1485736335212],[-86.7853544443072,36.1483968260593],[-86.7854731041462,36.1482058748383],[-86.785560124112,36.1480040258231],[-86.7859132584486,36.1466850850483],[-86.7862532245775,36.1454218155126],[-86.7865612776605,36.14429851774],[-86.7869657420297,36.1430252965199],[-86.7872088484241,36.141870654404],[-86.7874645028113,36.1405999885171],[-86.7875664708862,36.1400227949478],[-86.7876002197656,36.1396747524947],[-86.7877635491273,36.1387699822238],[-86.7878995685037,36.1382703882287],[-86.7882013291686,36.1375044774293],[-86.7882908418058,36.1372513639758],[-86.7883892310891,36.1369502093704],[-86.7886760286693,36.1361754262303],[-86.7888819626979,36.1356553932629],[-86.7889370816636,36.1353866012348],[-86.7889649229052,36.1351150534445],[-86.7889653002672,36.1348425682802],[-86.7889382115048,36.134570970389],[-86.7887879002181,36.1333486360981],[-86.788709072416,36.1327863823486],[-86.7886679369837,36.132221488694],[-86.7886661940945,36.1318787624607],[-86.7886964112483,36.1315369109965],[-86.7887652367391,36.130807918447],[-86.7889392711899,36.1292257339392]]},"properties":{"OBJECTID":3,"BikewayType":"PBL","Status":"Complete","OnStreetName":"12th Ave S","FromStreetName":"Lawrence Ave","ToStreetName":"Division St","YearCompleted":2023,"District":"17, 18, 19"}},{"type":"Feature","id":4,"geometry":{"type":"LineString","coordinates":[[-86.7757754941547,36.1421319116685],[-86.7759397837455,36.1410256520419],[-86.7759525837845,36.1407498229078],[-86.7759074979931,36.1404762317052],[-86.7756055128769,36.1398910748037],[-86.7755234174263,36.1397239549761],[-86.7754611759451,36.1395512863972],[-86.7753614163461,36.1392070528501]]},"properties":{"OBJECTID":4,"BikewayType":"BL","Status":"Complete","OnStreetName":"Fort Negley Blvd","FromStreetName":"Chestnut St","ToStreetName":"Hamilton Ave","YearCompleted":2014,"District":"17"}},{"type":"Feature","id":5,"geometry":{"type":"LineString","coordinates":[[-86.7764988588004,36.117601101642],[-86.7766604952322,36.1174728074367],[-86.7768351173319,36.1173992985819],[-86.7770223244202,36.1173502493834],[-86.7772169542724,36.1173270123662],[-86.777413640004,36.1173302282869],[-86.7776923587723,36.117326177427],[-86.7779708949019,36.1173353105143],[-86.7782483019319,36.1173575965147],[-86.7785236372363,36.1173929597006],[-86.7789260052298,36.1174745136901],[-86.7793191600183,36.1175816409876],[-86.7796510225846,36.1176401974777],[-86.7799883998835,36.1176718099223],[-86.7802505313652,36.1176704900065],[-86.7805120880635,36.1176563518167],[-86.7807721186397,36.1176294467763],[-86.7810296773082,36.1175898727447],[-86.7813506426498,36.117554912598],[-86.7833496725036,36.1173044357684],[-86.7836496915811,36.1172678245889],[-86.7844758176515,36.1171504469167],[-86.7858852477406,36.1168978982725],[-86.7861350549185,36.1168558754623],[-86.7863885336821,36.1168324361658],[-86.7866435885681,36.1168277741514],[-86.7868981110865,36.1168419279594],[-86.7870498828853,36.1168538152262],[-86.791531909974,36.1171296689714],[-86.7915544487927,36.1171310361172],[-86.7941933616078,36.1172910229223],[-86.7970760091272,36.1174667030413],[-86.7972527142748,36.1175027356076]]},"properties":{"OBJECTID":5,"BikewayType":"SSR","Status":"Completed","OnStreetName":"Gale Ln","FromStreetName":"Belmont Blvd","ToStreetName":"975' SW of 8th Ave S","YearCompleted":2024,"District":"17, 18"}},{"type":"Feature","id":6,"geometry":{"type":"LineString","coordinates":[[-86.7889392711899,36.1292257339392],[-86.7890272578007,36.1286639639608],[-86.7892496405298,36.1264092645497],[-86.7893043583808,36.1258863061652],[-86.7893630009028,36.1255708678146],[-86.7894416622426,36.1252583102195],[-86.7896441075076,36.1244882407174],[-86.7900131729085,36.1229535568091],[-86.7900767590129,36.1226847653307]]},"properties":{"OBJECTID":6,"BikewayType":"SSR","Status":"Complete","OnStreetName":"12th Ave S","FromStreetName":"Ashwood Ave","ToStreetName":"Halcyon Ave","YearCompleted":2007,"District":"17, 18"}},{"type":"Feature","id":7,"geometry":{"type":"LineString","coordinates":[[-86.7913272805352,36.1179472686915],[-86.7909995852051,36.1192466651273],[-86.7907204128709,36.1202962955941],[-86.7905261234509,36.1209040019298],[-86.7900767590129,36.1226847653307]]},"properties":{"OBJECTID":7,"BikewayType":"SSR","Status":"Complete","OnStreetName":"12th Ave S","FromStreetName":"Halcyon Ave","ToStreetName":"Clayton Ave","YearCompleted":2007,"District":"17, 18"}},{"type":"Feature","id":8,"geometry":{"type":"LineString","coordinates":[[-86.7919661490631,36.1152570117136],[-86.7919394867925,36.1153814302717],[-86.7917140121609,36.1163486923396],[-86.7915384398012,36.1171144458391],[-86.7913272805352,36.1179472686915]]},"properties":{"OBJECTID":8,"BikewayType":"BL","Status":"Complete","OnStreetName":"Granny White Pike","FromStreetName":"Clayton Ave","ToStreetName":"Battlefield Dr","YearCompleted":2007,"District":"17, 18, 25"}},{"type":"Feature","id":9,"geometry":{"type":"LineString","coordinates":[[-86.7925910636418,36.1116343235309],[-86.7924049031554,36.1128030996625],[-86.792221477946,36.1140727953473],[-86.7921297425329,36.1146241580304],[-86.7919905456125,36.1151689377914],[-86.7919661490631,36.1152570117136]]},"properties":{"OBJECTID":9,"BikewayType":"SSR","Status":"Complete","OnStreetName":"Granny White Pike","FromStreetName":"Battlefield Dr","ToStreetName":"Woodmont Blvd","YearCompleted":2007,"District":"25"}},{"type":"Feature","id":10,"geometry":{"type":"LineString","coordinates":[[-86.8021061483512,36.1013170284625],[-86.8020579540183,36.1015805352387],[-86.8013078677146,36.1047072744544],[-86.8011813846351,36.1052193839237],[-86.8009016803943,36.1063675586099],[-86.8008010193819,36.106898798757],[-86.8007291743833,36.1074677770693],[-86.8005103815538,36.1090850695254],[-86.8003488392895,36.1103185299075],[-86.8000200798693,36.1130771271516]]},"properties":{"OBJECTID":10,"BikewayType":"SSR","Status":"Complete","OnStreetName":"Belmont Blvd","FromStreetName":"Woodmont Blvd","ToStreetName":"Shackleford Rd","YearCompleted":2004,"District":"25"}},{"type":"Feature","id":11,"geometry":{"type":"LineString","coordinates":[[-86.8000200798693,36.1130771271516],[-86.7999474839682,36.1137356433511],[-86.7999195742145,36.1139376731346],[-86.7998709941411,36.1141371101093],[-86.7998020821457,36.1143325644099],[-86.799713318328,36.1145226739164],[-86.7995658352336,36.1147712965263],[-86.7993924914709,36.1150086803046],[-86.798731640734,36.1158016271751],[-86.7976922908588,36.1170221626298]]},"properties":{"OBJECTID":11,"BikewayType":"BL","Status":"Complete","OnStreetName":"Belmont Blvd","FromStreetName":"Gale Ln","ToStreetName":"Woodmont Blvd","YearCompleted":2019,"District":"25"}},{"type":"Feature","id":12,"geometry":{"type":"LineString","coordinates":[[-86.797682661092,36.1170058995944],[-86.79679084461,36.1180665496081]]},"properties":{"OBJECTID":12,"BikewayType":"BBL","Status":"Complete","OnStreetName":"Belmont Blvd","FromStreetName":"S of Clayton Ave","ToStreetName":"Gale Ln","YearCompleted":2019,"District":"18, 25"}},{"type":"Feature","id":13,"geometry":{"type":"LineString","coordinates":[[-86.7952579381015,36.1289969501802],[-86.7950964904967,36.128746427764],[-86.7944380049898,36.127802156289],[-86.7943240677897,36.1276141451392],[-86.7942268557253,36.1274200514108],[-86.7941468583563,36.1272208528066],[-86.7940844785177,36.1270175527368],[-86.7940337360044,36.1268120947013],[-86.7940015226942,36.1266041893114],[-86.7939880086151,36.1263949348717],[-86.7939932650096,36.1261854368052],[-86.7940149434721,36.1259427348505],[-86.7940536791469,36.1257014342003],[-86.794253889812,36.1247357676252],[-86.7942907255074,36.1245395075408],[-86.7944770231588,36.1235939628309],[-86.7945472225839,36.1232071883729],[-86.7948659061604,36.1215697011906],[-86.7949739282149,36.121135717667],[-86.7951218222573,36.1207095428939],[-86.7953334886224,36.1201927173481],[-86.7955777151789,36.1196854333739],[-86.7959686721331,36.1190747696639],[-86.79679084461,36.1180665496081]]},"properties":{"OBJECTID":13,"BikewayType":"BBL","Status":"Complete","OnStreetName":"Belmont Blvd","FromStreetName":"Ashwood Ave","ToStreetName":"S of Clayton Ave","YearCompleted":2020,"District":"18"}},{"type":"Feature","id":14,"geometry":null,"properties":{"OBJECTID":14,"BikewayType":"WOL","Status":"Complete","OnStreetName":"Wedgewood Ave","FromStreetName":"Magnolia Blvd","ToStreetName":"16th Ave S","YearCompleted":2005,"District":"17, 18"}},{"type":"Feature","id":15,"geometry":{"type":"LineString","coordinates":[[-86.8004391709463,36.1301376620564],[-86.8002091834176,36.1316325419173],[-86.7999880219776,36.1331391914579],[-86.7997858720618,36.1346519760003]]},"properties":{"OBJECTID":15,"BikewayType":"SSR","Status":"Complete","OnStreetName":"20th Ave S","FromStreetName":"Magnolia Blvd","ToStreetName":"Blair Blvd","YearCompleted":2005,"District":"18"}},{"type":"Feature","id":16,"geometry":{"type":"LineString","coordinates":[[-86.8118309531604,36.1315152720987],[-86.806068304598,36.1308644535793],[-86.8019524079794,36.1303992180715],[-86.8020040525317,36.1303097499672],[-86.8004391709463,36.1301376620564],[-86.7975656471735,36.1298375355596],[-86.7955729867695,36.1296411934864]]},"properties":{"OBJECTID":16,"BikewayType":"SSR","Status":"Complete","OnStreetName":"Blair Blvd","FromStreetName":"Natchez Trc","ToStreetName":"Belmont Blvd","YearCompleted":2005,"District":"18"}},{"type":"Feature","id":17,"geometry":{"type":"LineString","coordinates":[[-86.7951382956906,36.1365827114596],[-86.7957415412859,36.1368706353709]]},"properties":{"OBJECTID":17,"BikewayType":"SSR","Status":"Complete","OnStreetName":"Wedgewood Ave","FromStreetName":"17th Ave S","ToStreetName":"Magnolia Blvd","YearCompleted":2005,"District":"17, 18"}},{"type":"Feature","id":18,"geometry":{"type":"LineString","coordinates":[[-86.8007742935747,36.1375883397434],[-86.7981602049001,36.1373175520897],[-86.7969507998128,36.1371938874081],[-86.7966192589185,36.1371499569007],[-86.7962940998633,36.1370814927517],[-86.7960132529876,36.1369839394401],[-86.7957415412859,36.1368706353709],[-86.7957415412859,36.1368706353709]]},"properties":{"OBJECTID":18,"BikewayType":"SSR","Status":"Complete","OnStreetName":"Wedgewood Ave","FromStreetName":"21st Ave S","ToStreetName":"17th Ave S","YearCompleted":2004,"District":"17, 18"}},{"type":"Feature","id":19,"geometry":{"type":"LineString","coordinates":[[-86.8108513687789,36.1386696684668],[-86.808731439861,36.1384096643626],[-86.807143421218,36.1382443916146],[-86.8050429428405,36.1380371670957],[-86.8048104991881,36.1380124041551],[-86.8007742935747,36.1375883397434]]},"properties":{"OBJECTID":19,"BikewayType":"WOL","Status":"Complete","OnStreetName":"Blakemore Ave","FromStreetName":"Natchez Trc","ToStreetName":"21st Ave S","YearCompleted":2005,"District":"18"}},{"type":"Feature","id":20,"geometry":{"type":"LineString","coordinates":[[-86.805530930221,36.134597490385],[-86.8034776671612,36.1344108803542],[-86.8020277776571,36.1342709596636],[-86.8011913377251,36.1342169445971]]},"properties":{"OBJECTID":20,"BikewayType":"SSR","Status":"Complete","OnStreetName":"Fairfax Ave","FromStreetName":"24th Ave S","ToStreetName":"21st Ave S","YearCompleted":2005,"District":"18"}},{"type":"Feature","id":21,"geometry":{"type":"LineString","coordinates":[[-86.8113970902209,36.1351304355387],[-86.805530930221,36.134597490385]]},"properties":{"OBJECTID":21,"BikewayType":"SSR","Status":"Complete","OnStreetName":"Fairfax Ave","FromStreetName":"Natchez Trc","ToStreetName":"24th Ave S","YearCompleted":2005,"District":"18"}},{"type":"Feature","id":22,"geometry":{"type":"LineString","coordinates":[[-86.8046732487679,36.1432495562281],[-86.8048331731353,36.1421029122911],[-86.8049943667017,36.1409514897432],[-86.8051020496427,36.1402163585394],[-86.8051402383492,36.1398841632672],[-86.8051466237273,36.1395505671056],[-86.8050611659898,36.1390733838204],[-86.805040698598,36.1389374815947],[-86.8050042234158,36.1387508555226],[-86.8049884318535,36.1385623334324],[-86.8049934498463,36.1383734205157],[-86.8050192371819,36.1381856250739],[-86.8050429428405,36.1380371670957]]},"properties":{"OBJECTID":22,"BikewayType":"SSR","Status":"Complete","OnStreetName":"24th Ave S","FromStreetName":"Garland Ave","ToStreetName":"Blakemore Ave","YearCompleted":2012,"District":"18"}},{"type":"Feature","id":23,"geometry":{"type":"LineString","coordinates":[[-86.7998459924782,36.1441015161453],[-86.7956873977766,36.1436648149233],[-86.79315076923,36.1433735475213]]},"properties":{"OBJECTID":23,"BikewayType":"BL","Status":"Complete","OnStreetName":"Edgehill Ave","FromStreetName":"21st Ave S","ToStreetName":"16th Ave S","YearCompleted":2010,"District":"17, 19"}},{"type":"Feature","id":24,"geometry":{"type":"LineString","coordinates":[[-86.8055518696802,36.1253530328951],[-86.8092055716337,36.1257234344228],[-86.8113030871874,36.1259516255148],[-86.8125529938192,36.126088914838]]},"properties":{"OBJECTID":24,"BikewayType":"SSR","Status":"Complete","OnStreetName":"Woodlawn Dr","FromStreetName":"Natchez Trc","ToStreetName":"21st Ave S","YearCompleted":2012,"District":"18"}},{"type":"Feature","id":25,"geometry":{"type":"LineString","coordinates":[[-86.8118309531604,36.1315152720987],[-86.8120530754589,36.1296038012476],[-86.8122053900593,36.1283550688392],[-86.8123577762248,36.1272625506845],[-86.8123589515666,36.1272554875453]]},"properties":{"OBJECTID":25,"BikewayType":"BBL","Status":"Complete","OnStreetName":"Natchez Trc","FromStreetName":"Blair Blvd","ToStreetName":"Westwood Ave","YearCompleted":2015,"District":"18"}},{"type":"Feature","id":26,"geometry":{"type":"LineString","coordinates":[[-86.8125529938192,36.126088914838],[-86.8133475059084,36.1261602568588],[-86.8135773307717,36.126173278882],[-86.8138075524649,36.1261662488447],[-86.8140355203827,36.1261392476855],[-86.8142586098731,36.1260925862755],[-86.8145724334439,36.1259919878788],[-86.8148616222948,36.1258509313811],[-86.8155387091539,36.1253789648822],[-86.8160063931047,36.1250081631851],[-86.8166989405582,36.1240974307414],[-86.8169249055244,36.1238705357989],[-86.8171884083315,36.1236720726947],[-86.8174258686279,36.1235371246812],[-86.8176855817671,36.1234325839857],[-86.8178592281376,36.1233755788372],[-86.8180378332492,36.1233297547186],[-86.8182203052192,36.123295391769],[-86.8184055285306,36.1232727000612],[-86.8189071300071,36.1232750140219],[-86.8194067515385,36.1233112114063],[-86.8216454124883,36.1234915241274],[-86.823213180161,36.1236000685945],[-86.8239246622293,36.1236438812185],[-86.826566263098,36.1238619851015]]},"properties":{"OBJECTID":26,"BikewayType":"SSR","Status":"Complete","OnStreetName":"Woodlawn Dr","FromStreetName":"Bowling Ave","ToStreetName":"Natchez Trc","YearCompleted":2012,"District":"18, 24, 25"}},{"type":"Feature","id":27,"geometry":{"type":"LineString","coordinates":[[-86.8183494322453,36.1345105200887],[-86.8176473469587,36.1339233417053],[-86.8174457546643,36.1336817507955],[-86.8165568346777,36.1323332573308],[-86.8164520731506,36.1322047138099],[-86.8163124768725,36.1321002058959],[-86.8161461366253,36.132025790617],[-86.8159626931164,36.1319857808904],[-86.8158505652678,36.1319731858588],[-86.8149144774247,36.131847165111],[-86.8118309531604,36.1315152720987]]},"properties":{"OBJECTID":27,"BikewayType":"SSR","Status":"Complete","OnStreetName":"Blair Blvd","FromStreetName":"Marlborough Ave","ToStreetName":"Natchez Trc","YearCompleted":2005,"District":"18"}},{"type":"Feature","id":28,"geometry":{"type":"LineString","coordinates":[[-86.8170598851382,36.1357795306238],[-86.8170598851382,36.1357795306238],[-86.8166863718982,36.1356843801139],[-86.8163028824234,36.1356204725271],[-86.8163028824234,36.1356204725271],[-86.8143494260274,36.1354198914524],[-86.8113970902209,36.1351304355387]]},"properties":{"OBJECTID":28,"BikewayType":"BL","Status":"Complete","OnStreetName":"Fairfax Ave","FromStreetName":"Marlborough Ave","ToStreetName":"Natchez Trc","YearCompleted":2005,"District":"18"}},{"type":"Feature","id":29,"geometry":{"type":"LineString","coordinates":[[-86.8170598851382,36.1357795306238],[-86.8184983245027,36.1343663985952],[-86.8195351090149,36.1333649892624],[-86.8197876102849,36.1332108038998],[-86.820058050958,36.1330781400956],[-86.8203455479888,36.1329816510705],[-86.8206446809921,36.1329122379845],[-86.8223049430059,36.1326998267813],[-86.8223293850654,36.132696637287]]},"properties":{"OBJECTID":29,"BikewayType":"SSR","Status":"Complete","OnStreetName":"Marlborough Ave","FromStreetName":"Elmington Ave","ToStreetName":"Fairfax Ave","YearCompleted":2005,"District":"18, 24"}},{"type":"Feature","id":30,"geometry":{"type":"LineString","coordinates":[[-86.8155046010748,36.1426135736208],[-86.8143704887522,36.1411081006758],[-86.8140823072736,36.1407430037596],[-86.8136844130116,36.1402151155636],[-86.8130429502428,36.139413910277],[-86.8129533170557,36.1393171202094],[-86.812851184442,36.1392288521763],[-86.8127377750184,36.1391501627898],[-86.8126144463783,36.1390819939978],[-86.8124341779655,36.1389852952932],[-86.8122425908356,36.1389041698161],[-86.8120417224389,36.13883948029],[-86.8118337089092,36.1387919146499],[-86.8108513687789,36.1386696684668]]},"properties":{"OBJECTID":30,"BikewayType":"SSR","Status":"Complete","OnStreetName":"31st Ave S","FromStreetName":"West End Ave","ToStreetName":"Natchez Trc","YearCompleted":2005,"District":"18, 21"}},{"type":"Feature","id":31,"geometry":{"type":"LineString","coordinates":[[-86.8123995909834,36.1141007267988],[-86.8108788058686,36.1139763628619]]},"properties":{"OBJECTID":31,"BikewayType":"BL","Status":"Complete","OnStreetName":"Woodmont Blvd","FromStreetName":"Valley Brook Rd","ToStreetName":"Hillsboro Pike","YearCompleted":2004,"District":"25"}},{"type":"Feature","id":32,"geometry":{"type":"LineString","coordinates":[[-86.8308877532144,36.11599833103],[-86.824862611049,36.1153320406909],[-86.8206142968813,36.1149050730971],[-86.8160170886182,36.1144675576146],[-86.8123995909834,36.1141007267988]]},"properties":{"OBJECTID":32,"BikewayType":"BL","Status":"Complete","OnStreetName":"Woodmont Blvd","FromStreetName":"Lynnbrook Rd","ToStreetName":"Valley Brook Rd","YearCompleted":2004,"District":"24, 25"}},{"type":"Feature","id":33,"geometry":{"type":"LineString","coordinates":[[-86.8223293850654,36.132696637287],[-86.822270336609,36.1323600240867],[-86.8222241223179,36.1317057833956],[-86.8221853848812,36.1314868290516],[-86.8221197948059,36.1312721259319],[-86.8220804940322,36.1311903033242],[-86.8220025437657,36.1310397098147],[-86.8219090010665,36.130895076875],[-86.8218005516205,36.1307574645647],[-86.8216779903579,36.1306278814819],[-86.8215422156248,36.1305072773714],[-86.8213942225985,36.130396536165],[-86.8212350959926,36.1302964695038],[-86.821066002107,36.1302078107905],[-86.8207132583442,36.1300603848733],[-86.8201748636303,36.1298451361875],[-86.8198745575539,36.1297028500221],[-86.8196878106598,36.1296033607119],[-86.8195108078792,36.1294927683825],[-86.8193445501309,36.1293716984391],[-86.8191899775571,36.1292408355357],[-86.8190925553495,36.12915657658],[-86.8187278724634,36.1288038150561],[-86.8185641232254,36.128658556478],[-86.8182841968742,36.1284570047481],[-86.8179741497606,36.1282869233579],[-86.8177945273746,36.1282152497532],[-86.8176082123798,36.1281558758169],[-86.8174164818626,36.128109208521],[-86.8172206500217,36.1280755677404],[-86.8168270510624,36.1280383589971]]},"properties":{"OBJECTID":33,"BikewayType":"BL","Status":"Complete","OnStreetName":"Elmington Ave","FromStreetName":"Richardson Ave","ToStreetName":"Sharondale Ave","YearCompleted":2013,"District":"24"}},{"type":"Feature","id":34,"geometry":{"type":"LineString","coordinates":[[-86.8438472832436,36.1275726442643],[-86.8420257517961,36.1252808238918],[-86.8418943779227,36.12518797723],[-86.8417330284685,36.1251346363359],[-86.840325323261,36.1250009520594],[-86.8384938879791,36.1248049896173],[-86.8357126743177,36.1245321009058],[-86.8354440132293,36.1245201712169],[-86.835175292708,36.1245311846439],[-86.834864848755,36.1245408889487],[-86.8345548901482,36.1245237905475],[-86.8329575304235,36.1243996214748],[-86.8325324097387,36.1243639371562],[-86.8313765023529,36.1242559609737],[-86.8297688173616,36.1241325302111],[-86.8291659897495,36.1240802073043],[-86.8285711138226,36.1240277790038],[-86.8270522687113,36.1239051384826],[-86.826566263098,36.1238619851015]]},"properties":{"OBJECTID":34,"BikewayType":"SSR","Status":"Complete","OnStreetName":"Woodlawn Dr","FromStreetName":"Harding Pike","ToStreetName":"Bowling Ave","YearCompleted":2012,"District":"24"}},{"type":"Feature","id":35,"geometry":{"type":"LineString","coordinates":[[-86.8285109669085,36.0913621009985],[-86.8268542316566,36.0936717274048],[-86.8260862804817,36.094697627888],[-86.8248967012627,36.0961508780891],[-86.8243877493129,36.0967154972401],[-86.8241764873112,36.0969267928428],[-86.8239490954158,36.0971267570941],[-86.8237064941093,36.0973145804361],[-86.8234496654711,36.0974895024585],[-86.820277415052,36.0996487339305],[-86.8192266940209,36.1005086312638],[-86.8187112727274,36.100962831927],[-86.8153840777855,36.1040272450488],[-86.8146694765174,36.104726991194],[-86.8143912750464,36.1050491231706],[-86.8138758949362,36.105851679525],[-86.8121676503962,36.1086375034853],[-86.8118827715314,36.109142433974],[-86.8117357031207,36.1093826239361],[-86.8116154709452,36.1096324529677],[-86.8115230231793,36.1098899514011],[-86.8114590889663,36.1101530890838],[-86.8113449965649,36.1107849359513],[-86.8110458100941,36.1127976876491],[-86.8108788058686,36.1139763628619]]},"properties":{"OBJECTID":35,"BikewayType":"SSR","Status":"Complete","OnStreetName":"Hillsboro Pike","FromStreetName":"Woodmont Blvd","ToStreetName":"Harding Pl","YearCompleted":2010,"District":"25, 34"}},{"type":"Feature","id":36,"geometry":{"type":"LineString","coordinates":[[-86.8177807945093,36.1096652988728],[-86.8177807945093,36.1096652988728],[-86.8176601542487,36.1097029316792],[-86.8175337992222,36.1097249959636],[-86.8174047608318,36.1097309623782],[-86.8172761348614,36.1097206877817],[-86.8149211084577,36.109480148297],[-86.8121652154487,36.1092011328971],[-86.8118685015447,36.109163550697]]},"properties":{"OBJECTID":36,"BikewayType":"BL","Status":"Complete","OnStreetName":"Crestmoor Rd","FromStreetName":"Cleghorn Ave","ToStreetName":"Hillsboro Pike","YearCompleted":2012,"District":"25"}},{"type":"Feature","id":37,"geometry":{"type":"LineString","coordinates":[[-86.8177807945093,36.1096652988728],[-86.8178987180841,36.1096123990041],[-86.8180064902069,36.1095467715149],[-86.8181020388237,36.1094696781917],[-86.8181835269112,36.1093826012656],[-86.8187262076606,36.1083928052061],[-86.8191639055554,36.1076060220487],[-86.8192812188818,36.1073930859732],[-86.8193341204479,36.1073029953227],[-86.8193652881675,36.1072064579365],[-86.8194079185919,36.106923586384],[-86.8194470618395,36.1064451964114]]},"properties":{"OBJECTID":37,"BikewayType":"BL","Status":"Complete","OnStreetName":"Cleghorn Ave","FromStreetName":"Crestmoor Rd","ToStreetName":"Abbott Martin Rd","YearCompleted":2012,"District":"25"}},{"type":"Feature","id":38,"geometry":{"type":"LineString","coordinates":[[-86.8159899890791,36.1061271537617],[-86.816091871184,36.105459154207],[-86.8161201986429,36.1053179076726],[-86.8161856686086,36.1051349362868],[-86.8162770639323,36.1049594356964],[-86.8163165533538,36.1049020589767],[-86.8163777495213,36.1048590142522],[-86.8164513876911,36.1048296217108],[-86.8165333535362,36.1048263671354],[-86.8195402745064,36.1050763432302]]},"properties":{"OBJECTID":38,"BikewayType":"BL","Status":"Complete","OnStreetName":"Bandywood Dr","FromStreetName":"Abbott Martin Rd","ToStreetName":"Hillsboro Cir","YearCompleted":2013,"District":"25"}},{"type":"Feature","id":39,"geometry":{"type":"LineString","coordinates":[[-86.8194470618395,36.1064451964114],[-86.8194433700934,36.1061662059116],[-86.819418769587,36.1059426873792],[-86.8194408792494,36.1057189975193],[-86.8195402031553,36.1050769628987],[-86.8196382459352,36.1042285178774],[-86.8196172599678,36.1039864098919],[-86.8195441522102,36.1037510663486],[-86.819419911618,36.1035289440217],[-86.8193321941378,36.1033335696642],[-86.8192790763087,36.1031243927396],[-86.819263672598,36.1029111866527],[-86.8193182780759,36.102639640674],[-86.8194018132484,36.1023729847972],[-86.8198069567315,36.1010716435396]]},"properties":{"OBJECTID":39,"BikewayType":"BL","Status":"Complete","OnStreetName":"Hillsboro Cir","FromStreetName":"Abbott Martin Rd","ToStreetName":"Hobbs Rd","YearCompleted":2012,"District":"25"}},{"type":"Feature","id":40,"geometry":{"type":"LineString","coordinates":[[-86.7585383940981,36.0508404163115],[-86.7591001161095,36.0524891709547]]},"properties":{"OBJECTID":40,"BikewayType":"SSR","Status":"Complete","OnStreetName":"Trousdale Dr","FromStreetName":"Baxter Ln","ToStreetName":"Broadwell Dr","YearCompleted":2007,"District":"26"}},{"type":"Feature","id":41,"geometry":null,"properties":{"OBJECTID":41,"BikewayType":"BL","Status":"Complete","OnStreetName":"Trousdale Dr","FromStreetName":"Dillard Ct","ToStreetName":"Baxter Ln","YearCompleted":2007,"District":"26"}},{"type":"Feature","id":42,"geometry":{"type":"LineString","coordinates":[[-86.7601464183373,36.0577364923435],[-86.7601733454793,36.0579634336731],[-86.7601666279659,36.0581913605521],[-86.7601402013681,36.0583163663304],[-86.7600922945452,36.0584370880247],[-86.7599928392248,36.0586087749869],[-86.7599850979767,36.058617931354],[-86.759799068656,36.0588478809307],[-86.7595011502739,36.0591761334937],[-86.7593755334211,36.0593596227327],[-86.7592862803199,36.059556649889],[-86.7592308265756,36.0598388673547],[-86.759128470825,36.0605563488631],[-86.7591267747778,36.0607523751076],[-86.7591569519024,36.0611728528712],[-86.7592302796173,36.0616259442046],[-86.7592828442819,36.0619632818357],[-86.7593050387818,36.0621610183877],[-86.7592989653194,36.0623595131357],[-86.759281581694,36.062937666532],[-86.7592803437053,36.0630979526991],[-86.7592701366421,36.0634212470055],[-86.7592753523345,36.0637446197632],[-86.7592742134931,36.0638921664316],[-86.7592737775577,36.063909161212],[-86.7592731569309,36.0643386641142],[-86.7592517704666,36.0647678161289],[-86.7592392264624,36.0652572616346],[-86.7592376109908,36.0653203152739],[-86.7592272306142,36.0657623365108],[-86.7592740125234,36.0662028034388],[-86.7593722201614,36.0668751186895],[-86.7593998225555,36.0671829760064],[-86.759431828188,36.0674260399174],[-86.7594331598099,36.0676704864444],[-86.7594036104407,36.0678699001101],[-86.7593393792275,36.0680638638827],[-86.7590919336234,36.0687264517195],[-86.7588340185732,36.069400552102],[-86.7587333386945,36.0697460083856],[-86.7586851970746,36.0700567947748],[-86.7586766448705,36.0704531806713],[-86.7587202248726,36.0711411209221],[-86.7587254379058,36.0711857271601],[-86.7587469533665,36.0714782590419],[-86.7587927945003,36.0717689392527],[-86.7592136319739,36.0737163144796],[-86.7592431521074,36.0739094554287],[-86.7592561089604,36.0741037930263],[-86.7592599415546,36.0743023734327],[-86.7592440456223,36.0745005585189],[-86.7592293128568,36.0746026636383],[-86.7584655599024,36.0803801300938],[-86.758346840789,36.0811005663257]]},"properties":{"OBJECTID":42,"BikewayType":"SSR","Status":"Complete","OnStreetName":"Trousdale Dr","FromStreetName":"Harding Pike","ToStreetName":"Dillard Ct","YearCompleted":2007,"District":"26"}},{"type":"Feature","id":43,"geometry":{"type":"LineString","coordinates":[[-86.7592394787952,36.0652474224599],[-86.7548653141937,36.0650380573705],[-86.7540257819084,36.0649650944234],[-86.7516579451664,36.0647852946663],[-86.7509384262678,36.0647306394034],[-86.7507827948557,36.0647241777366],[-86.750093167339,36.0646854770251],[-86.7494023512846,36.0646650821179],[-86.7494215321924,36.0646676505118]]},"properties":{"OBJECTID":43,"BikewayType":"SSR","Status":"Complete","OnStreetName":"Hogan Rd","FromStreetName":"Trousdale Dr","ToStreetName":"Marchant Dr","YearCompleted":2007,"District":"26"}},{"type":"Feature","id":44,"geometry":{"type":"LineString","coordinates":[[-86.7494023512846,36.0646650821179],[-86.7492118725221,36.0640879841693],[-86.7491546733978,36.0638858540789],[-86.7491287202355,36.0636795307218],[-86.7491753994909,36.0633346557627],[-86.7491844413556,36.0631378895823],[-86.7491731573725,36.0629411997503],[-86.7491351778835,36.06277575915],[-86.7490687677628,36.0626163412436],[-86.7490321307883,36.062536902218],[-86.7489814944568,36.0624627057324],[-86.7489179614306,36.062395367443],[-86.7488429151921,36.0623363536626],[-86.7485534765437,36.0621652632989],[-86.7483942063743,36.0620379688382],[-86.7482543086097,36.0618964606593],[-86.7480138220002,36.0616213319822],[-86.7478718780508,36.0615036059432],[-86.7477150943668,36.0613990264413],[-86.7476102032935,36.0613311109871],[-86.7475158799355,36.0612536487609],[-86.7474334340074,36.0611677153804],[-86.747364010286,36.0610745040879],[-86.7472721733156,36.0608342216267],[-86.7472130806388,36.0607202358405],[-86.747108721136,36.0606301534315],[-86.7470426211252,36.0606132315293],[-86.7469734709666,36.060609439576],[-86.746905168949,36.0606189913402],[-86.7468415655494,36.060641348348],[-86.7465547632709,36.0608336380899],[-86.746508246985,36.0608676083225],[-86.7463727169874,36.0609384548685],[-86.7462161399711,36.0609695369714],[-86.7459899518392,36.0609649750601],[-86.7456227378914,36.0609357495349],[-86.7452538942023,36.0609277968378],[-86.7450735690347,36.0609606450501],[-86.7449022950889,36.0610170105919],[-86.7447539380472,36.0610863720057],[-86.744617377084,36.0611701977686],[-86.744162295837,36.0614997070639],[-86.7437434699125,36.0618201564406],[-86.7427962138029,36.062511287212],[-86.7427331841682,36.0625461614551],[-86.7426605146709,36.0625649723871],[-86.7425842552636,36.0625661539407],[-86.7425107547765,36.0625496077482],[-86.7424248995999,36.0624574156873],[-86.7423214186441,36.062378047241],[-86.742203172288,36.0623136962437],[-86.7420734290176,36.0622661414258],[-86.7409606694282,36.0619379406703],[-86.7404363592263,36.0617742365569],[-86.7402843379624,36.0617276408085]]},"properties":{"OBJECTID":44,"BikewayType":"SSR","Status":"Complete","OnStreetName":"Marchant Dr","FromStreetName":"Hogan Rd","ToStreetName":"Edmondson Pike","YearCompleted":2007,"District":"26, 27"}},{"type":"Feature","id":45,"geometry":{"type":"LineString","coordinates":[[-86.7434942876474,36.0400315176884],[-86.7436952764072,36.0409523450016],[-86.7440086303711,36.0424573315349],[-86.7440909914572,36.0427726238617],[-86.7441377202123,36.043092691267],[-86.7441363807274,36.0434063379948],[-86.7441039423841,36.0437188782646],[-86.7440435370305,36.0443237670596],[-86.7439384347121,36.0453295575891],[-86.7438448547792,36.0464688176849],[-86.7436787952208,36.048172321327],[-86.7436394778617,36.048629720443],[-86.7435154329832,36.0496124226381],[-86.7433759595729,36.0505008813503],[-86.7432444431771,36.0514114092396],[-86.742809603904,36.0542581474755],[-86.7426465740832,36.0552151926312],[-86.7425142569674,36.0556983195248],[-86.7422711387375,36.05641557928],[-86.7422195915955,36.0565986785669],[-86.7419682935935,36.0573633200921],[-86.7416051293431,36.0584777651387],[-86.7413105690487,36.0593914750173],[-86.7411117048474,36.0599860038802],[-86.7409980209826,36.0602763024585],[-86.7408609556033,36.0605598656026],[-86.7404621317758,36.0613807345869],[-86.7402843379624,36.0617276408085],[-86.7398587830554,36.0625977108385],[-86.7377548077382,36.0668707389446],[-86.7371244374993,36.0680801632825],[-86.7370438220115,36.0682320689268],[-86.7369475532337,36.0683778437384],[-86.7368363316351,36.068516426907],[-86.7367109665096,36.0686468099504],[-86.7363304002863,36.0689712853047],[-86.7348712804719,36.070142821769],[-86.7337439613009,36.0711136509784],[-86.7334927531203,36.0713426688169],[-86.7332679407013,36.0715891050175],[-86.7331333578119,36.0717814361866],[-86.7330145277848,36.0719804898725],[-86.7324626333725,36.0728495414872],[-86.7320760328915,36.0734568416901],[-86.731841427227,36.0738412735937],[-86.7315696036517,36.0742091952972],[-86.7313500121089,36.0744229998862],[-86.7311057279293,36.074618355346],[-86.7309819884555,36.0747158134681],[-86.7308481046091,36.0748039938335],[-86.7307051281988,36.0748822036655],[-86.7305541824782,36.0749498285176],[-86.729298099477,36.0755095599575],[-86.7275488215817,36.076261441773],[-86.7255850135353,36.0771144832205]]},"properties":{"OBJECTID":45,"BikewayType":"SSR","Status":"Complete","OnStreetName":"Edmondson Pike","FromStreetName":"Nolensville Pike","ToStreetName":"Old Hickory Blvd","YearCompleted":2006,"District":"04, 26, 27, 30"}},{"type":"Feature","id":46,"geometry":{"type":"LineString","coordinates":[[-86.7431217844727,36.0522144301169],[-86.7428938209244,36.0521872518767],[-86.742675590371,36.0521272324987],[-86.7423689175879,36.0519920029655],[-86.740989530333,36.0512934363442],[-86.7399284344212,36.0507506515527],[-86.7398594305597,36.0507144106284],[-86.7395246144522,36.0505495679541],[-86.7392747279602,36.0504218404614],[-86.7386978401328,36.0501266680054],[-86.7383475261046,36.0499718502037],[-86.7378981669414,36.0498064825759],[-86.7376956168245,36.0497398345647],[-86.7370998260874,36.0495440475255],[-86.7362404310156,36.049252471001],[-86.7357316600059,36.0490852491956],[-86.7349572333466,36.0488336101059],[-86.7346188723366,36.0487356096308],[-86.7342726653986,36.0486577517299],[-86.7330854445712,36.0484038580335],[-86.7324676844444,36.0482736588773],[-86.729918124792,36.047730335942],[-86.7288677094349,36.0475018024246],[-86.7277231979284,36.0472583285075],[-86.7264977709217,36.0469962548294],[-86.7256357441325,36.0468154434467],[-86.7250800854441,36.0466904070605]]},"properties":{"OBJECTID":46,"BikewayType":"BL","Status":"Complete","OnStreetName":"Huntington Pkwy","FromStreetName":"Edmondson Pike","ToStreetName":"Amalie Dr","YearCompleted":2013,"District":"27"}},{"type":"Feature","id":47,"geometry":{"type":"LineString","coordinates":[[-86.6999935826699,36.0568954601511],[-86.7000191538463,36.0569048770065],[-86.7003581798476,36.0570279557785],[-86.7013462016327,36.0573698941216],[-86.7016348359778,36.0574925755509],[-86.7019054072838,36.0576399210832],[-86.702457680596,36.0580526065876],[-86.7026805779592,36.0582463000668],[-86.7035790511598,36.0589937134185],[-86.7040760340546,36.0593985882092],[-86.7041807898525,36.0594797149658],[-86.7042957187559,36.0595511861758],[-86.7044194777133,36.0596121666159],[-86.7045506204729,36.0596619436579],[-86.7046973852382,36.0597118462033],[-86.7048511924092,36.0597449329881],[-86.7050091349813,36.0597605786605],[-86.7051682277812,36.0597584875117],[-86.7054111624124,36.0597389261207],[-86.705651013198,36.059701991189],[-86.7075511541321,36.0594197316424],[-86.7088177405222,36.0592560306411],[-86.709417505792,36.0592061430433],[-86.7100187255585,36.0591695802401],[-86.7106209509914,36.059146369527],[-86.7112237325111,36.0591365282318],[-86.7112689527287,36.0591342812554],[-86.7129574648029,36.0591123811065],[-86.7142377389366,36.0591117321044],[-86.7149364667221,36.0591151495331],[-86.7151546401775,36.0591277182324],[-86.7153686323192,36.0591644517662],[-86.7155944840434,36.0591926724043],[-86.7158225288226,36.0591808345108],[-86.7159398362658,36.0591646366437],[-86.7160528794129,36.0591344707557],[-86.7161591504127,36.0590910060757],[-86.7162562916634,36.0590352068639]]},"properties":{"OBJECTID":47,"BikewayType":"BL","Status":"Complete","OnStreetName":"Tusculum Rd","FromStreetName":"Nolensville Pike","ToStreetName":"Colemont Dr","YearCompleted":2010,"District":"27, 30"}},{"type":"Feature","id":48,"geometry":null,"properties":{"OBJECTID":48,"BikewayType":"BL","Status":"Complete","OnStreetName":"Ocala Dr","FromStreetName":"Wessex Dr","ToStreetName":"Tusculum Rd","YearCompleted":2012,"District":"27, 30, 31"}},{"type":"Feature","id":49,"geometry":{"type":"LineString","coordinates":[[-86.7143406990462,36.0515272777516],[-86.7143397707208,36.0515274743275],[-86.7141716945577,36.0515630159967],[-86.713664009201,36.0516773309419],[-86.7132101222127,36.0517553729138],[-86.7128791983747,36.0517582310297],[-86.7125497678952,36.0517325710736],[-86.7122087860063,36.051643322467],[-86.7118795678037,36.0515285878628],[-86.7116294424243,36.0514477415991],[-86.7113742985575,36.0513779996415],[-86.7111353618324,36.051348120055],[-86.7108936236712,36.0513503119608],[-86.71061884738,36.0513799470336],[-86.7103553539516,36.0514498265361],[-86.7101464620844,36.051512069408],[-86.7099561939043,36.0516057512082],[-86.7097446933439,36.0517300455545],[-86.7089522919294,36.0521792112091],[-86.7087320927104,36.0522835241674],[-86.708495800555,36.0523612225711],[-86.7082268886192,36.0524009205095],[-86.7079546148861,36.052420317941]]},"properties":{"OBJECTID":49,"BikewayType":"SSR","Status":"Complete","OnStreetName":"Ocala Dr","FromStreetName":"Nolensville Pike","ToStreetName":"Wessex Dr","YearCompleted":2012,"District":"27"}},{"type":"Feature","id":50,"geometry":{"type":"LineString","coordinates":[[-86.7136544199082,36.0487792431404],[-86.7137048040259,36.0491281273326],[-86.7137979275436,36.049687973096],[-86.7143128653105,36.0514376534875],[-86.7149781899462,36.0535799097558],[-86.7155321908325,36.0554723946686],[-86.7156815879757,36.056046439526],[-86.7158071715586,36.0566242328985],[-86.7160750358064,36.0579701366111],[-86.7162562916634,36.0590352068639],[-86.7164000234417,36.0599929885338],[-86.7166527089248,36.0613078199964],[-86.7168323440856,36.0623751208483],[-86.7170040731161,36.0632973085918],[-86.7173032206788,36.0650176012647],[-86.7173649286128,36.0653102003475],[-86.7174526030545,36.0655983969386],[-86.7175657828054,36.0658806741042],[-86.7177038724011,36.0661555460524],[-86.7179101685264,36.0665764649008],[-86.7181446220464,36.0669875517978],[-86.7184383056812,36.0674209711698],[-86.7187002894756,36.0677397467194],[-86.7191391511196,36.0682371462773],[-86.7195132225112,36.0685653139955],[-86.7199006058542,36.0688831402165],[-86.7204140646001,36.0692506422682],[-86.7209585319195,36.0695874462416],[-86.7221268665332,36.0703185041816],[-86.7230027745256,36.0708676876917],[-86.7233071698495,36.0711293066184],[-86.7235878149104,36.071407879496],[-86.7238228289708,36.0717464757108],[-86.7240068658766,36.0721052611319],[-86.7243086515521,36.0729881564396],[-86.7244979839319,36.0736180245736],[-86.7245387707184,36.0737624169538],[-86.7249088466489,36.0750183271499],[-86.725573892251,36.0770770548734],[-86.7263164420808,36.0795764713447],[-86.7263330344715,36.0796317526455],[-86.7271979059545,36.0824799462924],[-86.7273357591812,36.0829057674763],[-86.7274075810761,36.0831811080559],[-86.7274942006956,36.0834536289509],[-86.7275954517262,36.0837228064334],[-86.72771113973,36.0839881231953],[-86.727817254411,36.0842594746799],[-86.7279503003646,36.0845228906215],[-86.7281093900502,36.0847766132719],[-86.7282934621111,36.0850189495489],[-86.728678135616,36.0854399986541],[-86.7290869259694,36.0858458012096],[-86.7302418013173,36.0869160788856]]},"properties":{"OBJECTID":50,"BikewayType":"PBL","Status":"Complete","OnStreetName":"Nolensville Pike","FromStreetName":"Elysian Fields Rd","ToStreetName":"Hickoryview Dr","YearCompleted":2018,"District":"26, 27, 30"}},{"type":"Feature","id":51,"geometry":{"type":"LineString","coordinates":[[-86.7451870034566,36.1109384262819],[-86.7440515813324,36.1086943354385],[-86.7431246904614,36.1068560088011],[-86.7422932893815,36.1051987930187],[-86.7416874705132,36.1040159222384],[-86.7409097813717,36.1024757053389],[-86.7394721800576,36.0996379647678],[-86.7384328105402,36.0976316446489],[-86.7376029154386,36.0960335872288],[-86.7374529114402,36.09570065442],[-86.7362259765459,36.0932996572184]]},"properties":{"OBJECTID":51,"BikewayType":null,"Status":null,"OnStreetName":"Nolensville Pike","FromStreetName":"Thompson Ln","ToStreetName":"McNally Dr","YearCompleted":2017,"District":"16, 26"}},{"type":"Feature","id":52,"geometry":{"type":"LineString","coordinates":[[-86.7862054362616,36.1546338491029],[-86.785046367738,36.1550884861559],[-86.7827689861994,36.1560849998989]]},"properties":{"OBJECTID":52,"BikewayType":"BL","Status":"Complete","OnStreetName":"Demonbreun St","FromStreetName":"12th Ave S","ToStreetName":"10th Ave S","YearCompleted":2004,"District":"19"}},{"type":"Feature","id":53,"geometry":{"type":"LineString","coordinates":[[-86.7827689861994,36.1560849998989],[-86.7808248606809,36.1568887611929],[-86.7797110213163,36.1573865282811],[-86.7785824226014,36.1578702905874],[-86.7771124046819,36.1584758902574]]},"properties":{"OBJECTID":53,"BikewayType":"BL","Status":"Complete","OnStreetName":"Demonbreun St","FromStreetName":"10th Ave S","ToStreetName":"5th Ave S","YearCompleted":2013,"District":"19"}},{"type":"Feature","id":54,"geometry":{"type":"LineString","coordinates":[[-86.7771124046819,36.1584758902574],[-86.775869804537,36.1590285050376],[-86.7746657607668,36.1595637910924]]},"properties":{"OBJECTID":54,"BikewayType":"SSR","Status":"Complete","OnStreetName":"Demonbreun St","FromStreetName":"5th Ave S","ToStreetName":"3rd Ave S","YearCompleted":2004,"District":"19"}},{"type":"Feature","id":55,"geometry":{"type":"LineString","coordinates":[[-86.7752885428094,36.1604827375225],[-86.7746481415225,36.1595670892767]]},"properties":{"OBJECTID":55,"BikewayType":"SSR","Status":"Complete","OnStreetName":"3rd Ave S","FromStreetName":"Shelby Ave","ToStreetName":"Demonbreun St","YearCompleted":2004,"District":"19"}},{"type":"Feature","id":56,"geometry":{"type":"LineString","coordinates":[[-86.7746657607668,36.1595637910924],[-86.7731117909388,36.1602382965134]]},"properties":{"OBJECTID":56,"BikewayType":"SSR","Status":"Complete","OnStreetName":"Demonbreun St","FromStreetName":"3rd Ave S","ToStreetName":"1st Ave S","YearCompleted":2004,"District":"19"}},{"type":"Feature","id":57,"geometry":{"type":"LineString","coordinates":[[-86.7761223970294,36.1649789523232],[-86.7751514017073,36.1634800253515],[-86.7743716768098,36.1622466686255]]},"properties":{"OBJECTID":57,"BikewayType":"SSR","Status":"Complete","OnStreetName":"1st Ave N","FromStreetName":"Church St","ToStreetName":"Broadway","YearCompleted":2011,"District":"19"}},{"type":"Feature","id":58,"geometry":{"type":"LineString","coordinates":[[-86.7633961941591,36.1548649638567],[-86.7642735231694,36.1550982167789],[-86.7657757852765,36.155493124051],[-86.7661682034578,36.1555973336638],[-86.7665449879453,36.1557343324567],[-86.7678889640886,36.1563000037577],[-86.769190599091,36.1568640229213],[-86.7703599513918,36.1573697330113],[-86.771472919242,36.1578815153222],[-86.7715861331108,36.157954107402],[-86.7716779581491,36.1580444050498],[-86.7718888104737,36.1583135647762]]},"properties":{"OBJECTID":58,"BikewayType":"SSR","Status":"Complete","OnStreetName":"Hermitage Ave","FromStreetName":"Korean Veterans Blvd","ToStreetName":"Lindsley Ave","YearCompleted":2015,"District":"19"}},{"type":"Feature","id":59,"geometry":{"type":"LineString","coordinates":[[-86.7633961941591,36.1548649638567],[-86.7631380321931,36.1548469013694],[-86.7628789571998,36.1548429450832],[-86.7626201397718,36.1548531128741],[-86.7623627493383,36.1548773588003],[-86.7616622185421,36.1549568977543],[-86.7613019845345,36.1549921722882],[-86.7609392900693,36.1550008042497],[-86.760411804383,36.1550054628277],[-86.7598849766738,36.1549836018794],[-86.7592566250486,36.1549243643104],[-86.7588518936753,36.1548654446622],[-86.7584505704654,36.1547927941556],[-86.7580422931605,36.1546741161552],[-86.7576528656158,36.1545192828571],[-86.7568787909102,36.154133062971],[-86.7564787207257,36.1539658067749],[-86.7560642872394,36.1538233992765]]},"properties":{"OBJECTID":59,"BikewayType":"SSR","Status":"Complete","OnStreetName":"Hermitage Ave","FromStreetName":"Lindsley Ave","ToStreetName":"Fairfield Ave","YearCompleted":2015,"District":"19"}},{"type":"Feature","id":60,"geometry":{"type":"LineString","coordinates":[[-86.7756123361952,36.1532892834044],[-86.7731860427245,36.1495825903068]]},"properties":{"OBJECTID":60,"BikewayType":"BL","Status":"Complete","OnStreetName":"6th Ave S","FromStreetName":"Lafayette St","ToStreetName":"I-40","YearCompleted":2022,"District":"17, 19"}},{"type":"Feature","id":61,"geometry":{"type":"LineString","coordinates":[[-86.7766732844223,36.1549197133164],[-86.7758502890356,36.1536599672701],[-86.7756123361952,36.1532892834044]]},"properties":{"OBJECTID":61,"BikewayType":"SSR","Status":"Complete","OnStreetName":"6th Ave S","FromStreetName":"Peabody St","ToStreetName":"Lafayette St","YearCompleted":2004,"District":"19"}},{"type":"Feature","id":62,"geometry":{"type":"LineString","coordinates":[[-86.7731860427245,36.1495825903068],[-86.7721993969584,36.1480439954866]]},"properties":{"OBJECTID":62,"BikewayType":"BL","Status":"Complete","OnStreetName":"6th Ave S","FromStreetName":"I-40","ToStreetName":"Oak St","YearCompleted":2022,"District":"17"}},{"type":"Feature","id":63,"geometry":{"type":"LineString","coordinates":[[-86.7759662991622,36.1615556317565],[-86.7752885428094,36.1604827375225]]},"properties":{"OBJECTID":63,"BikewayType":"SSR","Status":"Complete","OnStreetName":"3rd Ave S","FromStreetName":"Broadway","ToStreetName":"Shelby Ave","YearCompleted":2011,"District":"19"}},{"type":"Feature","id":64,"geometry":{"type":"LineString","coordinates":[[-86.7694233764823,36.1641741530967],[-86.7695478913226,36.1643775533646],[-86.7698730941303,36.1649787858708]]},"properties":{"OBJECTID":64,"BikewayType":"BL","Status":"Complete","OnStreetName":"S 1st St","FromStreetName":"Victory Ave","ToStreetName":"Korean Veterans Blvd","YearCompleted":2007,"District":"06"}},{"type":"Feature","id":65,"geometry":{"type":"LineString","coordinates":[[-86.7785824226014,36.1578702905874],[-86.7773547911956,36.1559614570236],[-86.7766732844223,36.1549197133164]]},"properties":{"OBJECTID":65,"BikewayType":"SSR","Status":"Complete","OnStreetName":"6th Ave S","FromStreetName":"Demonbreun St","ToStreetName":"Peabody St","YearCompleted":2004,"District":"19"}},{"type":"Feature","id":66,"geometry":{"type":"LineString","coordinates":[[-86.7699816161199,36.15950508517],[-86.7699399522883,36.159570572275],[-86.7698158537272,36.1598324281163],[-86.769712779782,36.1601002141019],[-86.7689996745461,36.1622521776174],[-86.7687501079415,36.1630239244203],[-86.7684110833231,36.1640404154169]]},"properties":{"OBJECTID":66,"BikewayType":"PBL","Status":"Complete","OnStreetName":"Korean Veterans Blvd","FromStreetName":"Korean Veterans Memorial Bridge (E of 1st Ave S)","ToStreetName":"Korean Veterans Memorial Bridge (W of S 2nd St)","YearCompleted":2014,"District":"06, 19"}},{"type":"Feature","id":67,"geometry":{"type":"LineString","coordinates":[[-86.7673807867849,36.1638994447043],[-86.7667828750905,36.1628287388491],[-86.7662765471852,36.1619219867475],[-86.7662113574407,36.1617644031538],[-86.7661815894671,36.1615999515348]]},"properties":{"OBJECTID":67,"BikewayType":"BL","Status":"Complete","OnStreetName":"S 2nd St","FromStreetName":"Davidson St","ToStreetName":"S of Sylvan St","YearCompleted":2009,"District":"06"}},{"type":"Feature","id":68,"geometry":{"type":"LineString","coordinates":[[-86.7686333252205,36.165454347754],[-86.7685000142373,36.1653538508492],[-86.7681226387646,36.1650126310805],[-86.7679832139598,36.1648773161373],[-86.7678763432998,36.1647237519658],[-86.7676369825388,36.164322216536],[-86.7673807867849,36.1638994447043]]},"properties":{"OBJECTID":68,"BikewayType":"SSR","Status":"Complete","OnStreetName":"S 2nd St","FromStreetName":"Victory Ave","ToStreetName":"S of Sylvan St","YearCompleted":2007,"District":"06"}},{"type":"Feature","id":69,"geometry":{"type":"LineString","coordinates":[[-86.7721117966124,36.1641753357874],[-86.7720498225258,36.1641776615099],[-86.7719906589473,36.1641928030925],[-86.7719533059154,36.1642073496542],[-86.7698730941303,36.1649787858708],[-86.7686333252205,36.165454347754]]},"properties":{"OBJECTID":69,"BikewayType":"SSR","Status":"Complete","OnStreetName":"Victory Ave","FromStreetName":"Titans Way","ToStreetName":"S 2nd St","YearCompleted":2007,"District":"06"}},{"type":"Feature","id":70,"geometry":{"type":"LineString","coordinates":[[-86.7721117966124,36.1641753357874],[-86.7723581602903,36.164364170521],[-86.7727077216188,36.1646559557551],[-86.7729329970591,36.1648651499884],[-86.7731406801748,36.1650859903379],[-86.7733139546582,36.1653089629775],[-86.7734680172115,36.1655410228087],[-86.7736204252616,36.1658169042507],[-86.7737434583313,36.1661022644855],[-86.7739607329621,36.1666696006343],[-86.7740923166731,36.1670443333301]]},"properties":{"OBJECTID":70,"BikewayType":"SSR","Status":"Complete","OnStreetName":"Titans Way","FromStreetName":"Russell St","ToStreetName":"Victory Ave","YearCompleted":2007,"District":"06"}},{"type":"Feature","id":71,"geometry":{"type":"LineString","coordinates":[[-86.7716084345079,36.1679814126406],[-86.7740923166731,36.1670443333301]]},"properties":{"OBJECTID":71,"BikewayType":"SSR","Status":"Complete","OnStreetName":"Russell St","FromStreetName":"Titans Way","ToStreetName":"S 1st St","YearCompleted":2007,"District":"06"}},{"type":"Feature","id":72,"geometry":{"type":"LineString","coordinates":[[-86.7679545418539,36.164842068636],[-86.7681239194548,36.1646132799069],[-86.7682131755917,36.1644761893108],[-86.7682910086153,36.1643345955243],[-86.7683570750404,36.1641891235278],[-86.7684110833231,36.1640404154169]]},"properties":{"OBJECTID":72,"BikewayType":"BBL","Status":"Complete","OnStreetName":"Korean Veterans Blvd","FromStreetName":"Korean Veterans Memorial Bridge (W of S 2nd St)","ToStreetName":"S 2nd St","YearCompleted":2014,"District":"06"}},{"type":"Feature","id":73,"geometry":{"type":"LineString","coordinates":[[-86.7523359826593,36.1713687212578],[-86.7523359826593,36.1713687212578],[-86.7526333510646,36.1712814931659],[-86.752921513575,36.1711758891563],[-86.7542927610099,36.170652097455],[-86.7561779589823,36.1699270657378],[-86.7578687643346,36.1692833484645],[-86.759544782663,36.1686337383963],[-86.7622182178508,36.1675999096284],[-86.7637458726202,36.1670158613094]]},"properties":{"OBJECTID":73,"BikewayType":"BL","Status":"Complete","OnStreetName":"Shelby Ave","FromStreetName":"S 4th St","ToStreetName":"S 10th St","YearCompleted":2004,"District":"06"}},{"type":"Feature","id":74,"geometry":{"type":"LineString","coordinates":[[-86.750750844193,36.1712380187514],[-86.7523359826593,36.1713687212578]]},"properties":{"OBJECTID":74,"BikewayType":"BBL","Status":"Complete","OnStreetName":"Shelby Ave","FromStreetName":"S 10th St","ToStreetName":"S 11th St","YearCompleted":2004,"District":"06"}},{"type":"Feature","id":75,"geometry":{"type":"LineString","coordinates":[[-86.7359303776507,36.1698565843242],[-86.7390115384356,36.1701286798451],[-86.7420044863943,36.1704002856],[-86.7467326329151,36.1708256324855],[-86.7467688325669,36.1708282700458]]},"properties":{"OBJECTID":75,"BikewayType":"SSR","Status":"Complete","OnStreetName":"Shelby Ave","FromStreetName":"S 14th St","ToStreetName":"S 20th St","YearCompleted":2004,"District":"06"}},{"type":"Feature","id":76,"geometry":{"type":"LineString","coordinates":[[-86.7368950043353,36.1739498688877],[-86.7371640787916,36.1720409867739],[-86.7373308231613,36.1707955976425],[-86.7374071843569,36.1702779114745],[-86.7374473110218,36.1699905539479]]},"properties":{"OBJECTID":76,"BikewayType":"BBL","Status":"Complete","OnStreetName":"S 19th St","FromStreetName":"Russell St","ToStreetName":"Shelby Ave","YearCompleted":2020,"District":"06"}},{"type":"Feature","id":77,"geometry":{"type":"LineString","coordinates":[[-86.7647512060904,36.1718414468836],[-86.758637927476,36.1741725209508],[-86.7566700099372,36.1749306142572],[-86.7516237142904,36.1768673880647],[-86.7505159454213,36.1773002198841],[-86.7498839613369,36.1775508775753]]},"properties":{"OBJECTID":77,"BikewayType":"SSR","Status":"Complete","OnStreetName":"Woodland St","FromStreetName":"S 5th St","ToStreetName":"S 11th St","YearCompleted":2005,"District":"06"}},{"type":"Feature","id":78,"geometry":{"type":"LineString","coordinates":[[-86.750750844193,36.1712380187514],[-86.7506022208643,36.1723263460055],[-86.750345830302,36.1741378534743],[-86.7502341386531,36.174923080691],[-86.7501211646966,36.1757285859316],[-86.7499932861419,36.1766689125738],[-86.7498839613369,36.1775508775753]]},"properties":{"OBJECTID":78,"BikewayType":"SSR","Status":"Complete","OnStreetName":"S 11th St","FromStreetName":"Woodland St","ToStreetName":"Shelby Ave","YearCompleted":2005,"District":"06"}},{"type":"Feature","id":79,"geometry":{"type":"LineString","coordinates":[[-86.7499716036395,36.1775700518521],[-86.7498839613369,36.1775508775753],[-86.7495493452694,36.1774789286749],[-86.7488335595144,36.1773126158636],[-86.7484499511256,36.1772217997584],[-86.7480585335122,36.1771564608857],[-86.7475947155658,36.177117492124],[-86.7471286226391,36.1771061812261],[-86.746352215952,36.1771219841129],[-86.7460054917758,36.1771367494517],[-86.7456583018854,36.1771391191506],[-86.7455450197497,36.1771337921097],[-86.744550344203,36.177077996517],[-86.7436689852596,36.1770297763915],[-86.7427199381192,36.1769771959423],[-86.7423241902354,36.1769484393357],[-86.7419324330988,36.1768946567554],[-86.7419117751835,36.1768927441644],[-86.7397193754051,36.1766727466028]]},"properties":{"OBJECTID":79,"BikewayType":"WOL","Status":"Complete","OnStreetName":"Woodland St","FromStreetName":"S 11th St","ToStreetName":"S 17th St","YearCompleted":2008,"District":"06"}},{"type":"Feature","id":80,"geometry":{"type":"LineString","coordinates":[[-86.7458055097535,36.1771386747844],[-86.7458545573477,36.1769104646401],[-86.7459328424779,36.1764149382444],[-86.7460243950488,36.1758291915974],[-86.7461058844007,36.1752993069581],[-86.7461893250667,36.1747894407205],[-86.7462622309642,36.1742853625087],[-86.7463281729382,36.1737913420896],[-86.7463963747245,36.1732355970862],[-86.7464731152926,36.1727811662209],[-86.7465494571756,36.1722579883109],[-86.7465954843219,36.1719677999867],[-86.7466283646716,36.1717492209546],[-86.7466879162079,36.1713267774369],[-86.7467688235852,36.1708273156613],[-86.7467872607292,36.1707443581727],[-86.7468501782178,36.1705058551619],[-86.7468907652717,36.170264187703],[-86.7470737527596,36.1689559549331],[-86.7471576073507,36.1684053937099],[-86.7472070295696,36.167852099249],[-86.7472134369063,36.1677990335859],[-86.7472666117437,36.1674495988973],[-86.7472772499549,36.1673762853179],[-86.7473870017397,36.1664931036961],[-86.7474308034446,36.1662073638185],[-86.7474592466742,36.1659203502111],[-86.7474552091657,36.1658200314206],[-86.7474352274251,36.1657209755712],[-86.7473996361901,36.1656248417722],[-86.7473490316397,36.1655332401853],[-86.7470075590646,36.164923520149],[-86.7468807402263,36.1646972902927],[-86.7467892633986,36.1644787722622],[-86.7467541916108,36.1642497669295],[-86.7467715454789,36.1640536721733],[-86.746825826469,36.1638620636386],[-86.7469005686252,36.1635544636866],[-86.7468943674583,36.1633335945471],[-86.7468470367137,36.1631160274156],[-86.7468183410707,36.1630325268208]]},"properties":{"OBJECTID":80,"BikewayType":"SSR","Status":"Complete","OnStreetName":"S 14th St","FromStreetName":"Woodland St","ToStreetName":"Davidson St","YearCompleted":2006,"District":"06"}},{"type":"Feature","id":81,"geometry":{"type":"LineString","coordinates":[[-86.7255425840555,36.1817578532197],[-86.7270792793524,36.1818964532625],[-86.7316918837661,36.1822947103519],[-86.7334967500741,36.1824530630568]]},"properties":{"OBJECTID":81,"BikewayType":"SSR","Status":"Complete","OnStreetName":"Eastland Ave","FromStreetName":"Porter Rd","ToStreetName":"Riverside Dr","YearCompleted":2006,"District":"06"}},{"type":"Feature","id":82,"geometry":{"type":"LineString","coordinates":[[-86.6615229322292,36.0447779188891],[-86.6616957942523,36.0447872553436],[-86.6627789582232,36.0448387248924],[-86.6649122729302,36.0449581086519],[-86.6653644391961,36.044981755841],[-86.6658175326667,36.0449841318418],[-86.6664474794859,36.0449674204683],[-86.6670761982891,36.0449313855481],[-86.6689779330152,36.044810194875],[-86.6694865785405,36.0447902773281],[-86.6699951006989,36.0448121742434],[-86.6704765828864,36.0448744148786],[-86.6709480980941,36.0449751065821],[-86.6714549712671,36.0450806705968],[-86.6743577280701,36.0457471692436]]},"properties":{"OBJECTID":82,"BikewayType":"BL","Status":"Complete","OnStreetName":"Bell Rd","FromStreetName":"Blue Hole Rd","ToStreetName":"Cane Ridge Rd","YearCompleted":2013,"District":"31, 32"}},{"type":"Feature","id":83,"geometry":{"type":"MultiLineString","coordinates":[[[-86.6743577280701,36.0457471692436],[-86.6743856499607,36.0457537257909]],[[-86.6615229322292,36.0447779188891],[-86.6615222429493,36.0447779165447],[-86.6611697532643,36.0447828796674],[-86.6608178512904,36.0448001333748],[-86.6604671864418,36.044829645826],[-86.6601184058516,36.0448713625573],[-86.6601177262405,36.0448714560215],[-86.6601172835606,36.0448715533368],[-86.6598930210574,36.0449273147993],[-86.6596737228435,36.0449948549038],[-86.6594603257659,36.0450738851211],[-86.6592537414698,36.0451640678357],[-86.659253344845,36.0451642548249],[-86.6589660089873,36.0453144037125]]]},"properties":{"OBJECTID":83,"BikewayType":"SSR","Status":"Complete","OnStreetName":"Bell Rd","FromStreetName":"Cane Ridge Rd","ToStreetName":"I-24","YearCompleted":2013,"District":"31, 32"}},{"type":"Feature","id":84,"geometry":{"type":"LineString","coordinates":[[-86.6559156012341,36.0475332766542],[-86.6559156012341,36.0475332766542],[-86.6562617262242,36.0473033340131],[-86.6565968041885,36.0470628427336],[-86.6569203480241,36.0468121524899],[-86.6572318874119,36.046551627782],[-86.6581629882599,36.0458553414192],[-86.6589660089873,36.0453144037125]]},"properties":{"OBJECTID":84,"BikewayType":"SSR","Status":"Complete","OnStreetName":"Bell Rd","FromStreetName":"I-24","ToStreetName":"Hickory Hollow Pkwy","YearCompleted":2013,"District":"32"}},{"type":"Feature","id":85,"geometry":{"type":"LineString","coordinates":[[-86.6469190300167,36.0507735244312],[-86.6475014000348,36.0505634084569],[-86.6494346703335,36.0499692419471],[-86.6507141214358,36.0495750711337],[-86.6528655436201,36.0489472400801],[-86.6533013398003,36.0488091330508],[-86.6537286373609,36.0486545032098],[-86.6541464869642,36.0484836941194],[-86.6545539602818,36.0482970852871],[-86.6549116723486,36.0481272196448],[-86.6552584282038,36.0479429805182],[-86.6555933528672,36.047744832844],[-86.6559156012341,36.0475332766542]]},"properties":{"OBJECTID":85,"BikewayType":"BL","Status":"Complete","OnStreetName":"Bell Rd","FromStreetName":"Hickory Hollow Pkwy","ToStreetName":"Bell Forge Ln","YearCompleted":2013,"District":"32"}},{"type":"Feature","id":86,"geometry":{"type":"LineString","coordinates":[[-86.6361797850541,36.0718979613567],[-86.6365423070971,36.0709094459153],[-86.6367310704656,36.0703519475042],[-86.6368027973005,36.0701026112811],[-86.6368765080249,36.0697110162493],[-86.6369139835393,36.0693160451555],[-86.6369202354193,36.0690802710009],[-86.6369112490322,36.0688445550856],[-86.6368870492444,36.0686095461098],[-86.6368477027887,36.0683758908228],[-86.6366650529168,36.0672818261401],[-86.6366504979735,36.0669753768392],[-86.6366858952852,36.0666700492881],[-86.6367033090004,36.0665805014551],[-86.6370127802386,36.0651282426551],[-86.6372751413388,36.0638563150844],[-86.6373904027134,36.0634431872051],[-86.6375364217036,36.0630365217361],[-86.6377740406649,36.0626027162625],[-86.6380559118021,36.0621867453225],[-86.6382122669092,36.0619943221192],[-86.6383816484683,36.0618093105148],[-86.6385635247553,36.0616322912032],[-86.6387573248405,36.0614638197891],[-86.6402073822537,36.0603439255757],[-86.6405085656659,36.060108454337],[-86.6407884832372,36.0598562768502],[-86.6410548411448,36.0595509609517],[-86.6412791303519,36.0592241187765],[-86.641424848453,36.0589863986837],[-86.6415524780129,36.0587419183163],[-86.641640801828,36.0585192088136],[-86.6417141859001,36.058292951648],[-86.6417724162255,36.0580638070292],[-86.6418153230234,36.057832443587],[-86.6421402032015,36.0561690870431],[-86.6422319130717,36.0557074816567],[-86.6423630339679,36.0552521915944],[-86.6424893783675,36.0549370092014],[-86.6426611241248,36.0546363163934],[-86.6428672839824,36.0543515745639],[-86.6430899396384,36.0540751446432],[-86.6433285837542,36.05380765629],[-86.6435826725889,36.0535497187898],[-86.6448642835555,36.0522532466601],[-86.6453670937727,36.0517815356742],[-86.6459093415406,36.0513395724052],[-86.6464025675483,36.0510428812674],[-86.6469190300167,36.0507735244312]]},"properties":{"OBJECTID":86,"BikewayType":"BL","Status":"Complete","OnStreetName":"Bell Rd","FromStreetName":"Murfreesboro Pike","ToStreetName":"Bell Forge Ln","YearCompleted":2013,"District":"29, 32"}},{"type":"Feature","id":87,"geometry":{"type":"LineString","coordinates":[[-86.6065582702955,36.0428577686967],[-86.6069803702536,36.0433379553563],[-86.6072554228927,36.0436388386983],[-86.6075614995824,36.0439192669758],[-86.6099216065963,36.0459734093671],[-86.6124857220542,36.0482687509359],[-86.6147367231133,36.0504588004074],[-86.6157616917684,36.0514589377359],[-86.6169475123235,36.0525975066313],[-86.6179372951265,36.0535540516305],[-86.6185335206922,36.0541365392093],[-86.6187583226546,36.0543785249556],[-86.618969630632,36.0546284001794],[-86.6192389706633,36.0549885009484],[-86.6194898003542,36.0553573121061],[-86.6207427418256,36.0572900325301],[-86.6212722343578,36.058113880994],[-86.6214125423695,36.0583042341876],[-86.6215670185762,36.0584872116562],[-86.6217350768927,36.0586621190678],[-86.6219160796818,36.0588282927086],[-86.6227271571261,36.0595777008698],[-86.624003526824,36.0607371927983],[-86.6271908873125,36.0636287275595],[-86.6279718487728,36.0643352863636],[-86.6284688840749,36.0647917404911]]},"properties":{"OBJECTID":87,"BikewayType":"BL","Status":"Complete","OnStreetName":"Murfreesboro Pike","FromStreetName":"Hamilton Church Rd","ToStreetName":"Hobson Pike","YearCompleted":2013,"District":"32, 33"}},{"type":"Feature","id":88,"geometry":{"type":"LineString","coordinates":[[-86.5873263415812,36.0255140589819],[-86.5895884421404,36.0275617153598],[-86.5904657606396,36.0283701116646],[-86.5922576859032,36.0299409153476],[-86.594196421265,36.0316616796556],[-86.5967263392192,36.0339041107044],[-86.6005965429028,36.0373316670551],[-86.6028843019995,36.0393424317789],[-86.605248397551,36.0414461425153],[-86.6056935342984,36.0418951295186],[-86.6061049319695,36.0423648654979],[-86.6065582702955,36.0428577686967]]},"properties":{"OBJECTID":88,"BikewayType":"BL","Status":"Complete","OnStreetName":"Murfreesboro Pike","FromStreetName":"Hobson Pike","ToStreetName":"County Line","YearCompleted":2013,"District":"32, 33"}},{"type":"Feature","id":89,"geometry":{"type":"LineString","coordinates":[[-86.6126795288204,36.0841936417827],[-86.6127694719705,36.0845352886261],[-86.6129068169785,36.0848663838851],[-86.6134071275429,36.0859698321955],[-86.6135525210156,36.0863081868895],[-86.6136725326119,36.0865449578384],[-86.6138152349785,36.0867732846243],[-86.6140860237616,36.0871424772708],[-86.6143699054306,36.0875298993852],[-86.6146932394804,36.08793346523],[-86.6149008914464,36.0881480743066],[-86.6151283329152,36.0883490337848],[-86.6153620304359,36.0885431181112],[-86.6153922913566,36.0885768963072],[-86.6154024862098,36.0886178324962],[-86.6153907650656,36.0886584986334],[-86.6153592547482,36.0886915156654],[-86.6148394528697,36.0891357664545]]},"properties":{"OBJECTID":89,"BikewayType":"SSR","Status":"Complete","OnStreetName":"Castlegate Dr","FromStreetName":"Smith Springs Rd","ToStreetName":"Holder Dr","YearCompleted":2012,"District":"29"}},{"type":"Feature","id":90,"geometry":{"type":"LineString","coordinates":[[-86.6014843804914,36.1079029133707],[-86.6023269796297,36.1062821458124],[-86.6029339224885,36.1050982499121],[-86.6032674912087,36.1044460573509],[-86.6035731502907,36.1038340649599],[-86.6036729775465,36.1036283997371],[-86.603771066595,36.1033779341806],[-86.6038498409362,36.1031230173066],[-86.6039585835152,36.1025845024614],[-86.6039756857642,36.1023166105743],[-86.6039733132441,36.1020483663069],[-86.6039335698455,36.101768133517],[-86.6038315633413,36.1013375043742],[-86.6037265785942,36.1009958933938],[-86.6037140414102,36.1009566092971],[-86.6033857379831,36.0998975165343],[-86.6033504660511,36.0997701241431],[-86.6032345430594,36.0994266033195],[-86.6031420972057,36.0990784246374],[-86.6030873851318,36.0988290252852],[-86.6030607151086,36.0985766305568],[-86.6030441897139,36.0981943065663],[-86.6030743055831,36.0978125289301],[-86.6031532693491,36.0974426019005],[-86.6032750130157,36.0970803993995],[-86.6034183044764,36.0967589951243],[-86.6035963640552,36.0964492508259],[-86.6040559319972,36.0956800539443],[-86.6047348857435,36.0945520610371],[-86.6054922746073,36.0933092091155],[-86.6056626844948,36.093007848743],[-86.6058172929406,36.0927009269308],[-86.6058933427601,36.092484601524],[-86.6059549982311,36.0922652789443],[-86.6061316523532,36.091620541986],[-86.6063870529177,36.0906692220919],[-86.6067816220758,36.0892450446004],[-86.6070163181731,36.0883842429071],[-86.6070371088747,36.0883062986648],[-86.6071192654928,36.0879856906021],[-86.6071783971047,36.0877526329729]]},"properties":{"OBJECTID":90,"BikewayType":"SSR","Status":"Complete","OnStreetName":"Anderson Rd","FromStreetName":"Couchville Pike","ToStreetName":"Smith Springs Rd","YearCompleted":2011,"District":"29"}},{"type":"Feature","id":91,"geometry":{"type":"LineString","coordinates":[[-86.6284688840749,36.0647917404911],[-86.631230336927,36.0674552692185],[-86.6332139027625,36.0692357347363],[-86.6361797850541,36.0718979613567],[-86.6385958025751,36.0744669599653]]},"properties":{"OBJECTID":91,"BikewayType":"BL","Status":"Complete","OnStreetName":"Murfreesboro Pike","FromStreetName":"Rural Hill Rd","ToStreetName":"Hamilton Church Rd","YearCompleted":2013,"District":"29, 32, 33"}},{"type":"Feature","id":92,"geometry":{"type":"LineString","coordinates":[[-86.6363948272637,36.0890999394936],[-86.6365861419156,36.0891360674903],[-86.6367735898676,36.0891837129905],[-86.6369561202224,36.0892426088785],[-86.6371327096458,36.0893124249654],[-86.6373301465783,36.0894067688718],[-86.637534681061,36.0894905621422],[-86.6377454584212,36.0895634546279],[-86.6379615978911,36.0896251417307],[-86.6381821962892,36.0896753656762],[-86.6384063317954,36.089713916591],[-86.6386330678044,36.0897406333802],[-86.6388614568403,36.0897554044007],[-86.639387271138,36.0898096713417],[-86.6399155605592,36.0898446903588],[-86.6404452559859,36.0898603905829],[-86.6409752854518,36.0898567402411],[-86.6414121267936,36.0898268991101],[-86.6418459792999,36.0897758624358],[-86.6422752831997,36.0897038137036],[-86.6426984950857,36.0896110119399],[-86.6430272773743,36.0894054220623],[-86.6433295678301,36.0891745961963],[-86.6440511803923,36.0886003396542],[-86.6442099168439,36.0884812621702],[-86.6443825664194,36.0883757068572],[-86.6445673880931,36.0882847381212],[-86.6447625181179,36.0882092732757],[-86.6451488001702,36.0881462896906],[-86.6455396461469,36.0881059141817],[-86.6463945785615,36.0880326565675],[-86.6465653373247,36.088001280027],[-86.6467312417589,36.0879558802228],[-86.6468905487408,36.0878969341635],[-86.6470415844755,36.0878250611849],[-86.6473715591295,36.0875884661193],[-86.6476673902771,36.0873237892163],[-86.6477768091841,36.0872357718943],[-86.6478982799093,36.0871588708575],[-86.648030098911,36.0870941645692],[-86.6481704175372,36.0870425604708],[-86.6486243920926,36.0868660137977]]},"properties":{"OBJECTID":92,"BikewayType":"BBL","Status":"Complete","OnStreetName":"Nashboro Blvd","FromStreetName":"Murfreesboro Pike","ToStreetName":"Flintlock Ct","YearCompleted":2014,"District":"29"}},{"type":"Feature","id":93,"geometry":{"type":"LineString","coordinates":[[-86.6731174007137,36.0526189623345],[-86.6739644912495,36.0527582521585],[-86.6754623152675,36.0529785630598],[-86.6758799065189,36.053030093326],[-86.6763015788665,36.0530500170181],[-86.6766374593415,36.0530536409871],[-86.6769727927118,36.0530376638501],[-86.6776755615683,36.0529674308898],[-86.6788733415398,36.0527565527537],[-86.6807118191538,36.0524299767745],[-86.6815284178222,36.0523180516785],[-86.6817237601844,36.0522988192642],[-86.6821130342775,36.0522651417067],[-86.6825039512796,36.0522481449235],[-86.682862444963,36.0522538147867],[-86.6832163302606,36.0523006869362],[-86.6839716216742,36.0524244533566],[-86.685280208833,36.0526316398717],[-86.6858156775449,36.0527070078446],[-86.686716689813,36.0528119281585],[-86.6879549987286,36.052914484233],[-86.6881321518415,36.0529228102174],[-86.6889041440947,36.0529385761372],[-86.6892737805056,36.0529762923186],[-86.6896363014134,36.0530459908476],[-86.6899743141208,36.0531474087322],[-86.6903025036763,36.0532682434235],[-86.690572238853,36.0534165226307],[-86.6908180422955,36.0535900804301],[-86.6913964727301,36.0540517723689],[-86.6918339738742,36.054313959288],[-86.6921610444793,36.0544437920511],[-86.6925065843121,36.0545368812525],[-86.6925784327628,36.0545510287088],[-86.6931537341352,36.0546425568857],[-86.6937340955753,36.0547098028168],[-86.6947180851539,36.0547784172786],[-86.695140404225,36.0548171755821],[-86.6953468770561,36.0548597164717],[-86.6955448408535,36.0549235826612],[-86.6958184870365,36.0550289158376],[-86.6960824777034,36.0551494068544],[-86.696959626991,36.0555569285311],[-86.6978917417728,36.0559893134805],[-86.698837622597,36.0564015233964],[-86.6989472575726,36.0564510695767],[-86.6999935826699,36.0568954601511]]},"properties":{"OBJECTID":93,"BikewayType":"BBL","Status":"Complete","OnStreetName":"Tusculum Rd","FromStreetName":"Colemont Dr","ToStreetName":"Blue Hole Rd","YearCompleted":2015,"District":"27, 30, 31"}},{"type":"Feature","id":94,"geometry":{"type":"LineString","coordinates":[[-86.6730695197952,36.1062263522837],[-86.673905548678,36.1065717480697],[-86.676879993048,36.1078084524762],[-86.6801627276722,36.1092078840968],[-86.6890018482848,36.1129344883021],[-86.6942354967538,36.1150983363905],[-86.6972148223384,36.1163285682756],[-86.6977277119257,36.1165746098059],[-86.6982207860582,36.1168460141401],[-86.6988130529621,36.1171778584988],[-86.6996799136128,36.1178010920228],[-86.7003229533818,36.118291552597]]},"properties":{"OBJECTID":94,"BikewayType":"BL","Status":"Complete","OnStreetName":"Murfreesboro Pike","FromStreetName":"McGavock Pike","ToStreetName":"Donelson Pike","YearCompleted":2015,"District":"13"}},{"type":"Feature","id":95,"geometry":{"type":"MultiLineString","coordinates":[[[-86.7250039297093,36.1357647660532],[-86.724693446246,36.1355347971583],[-86.7242349998807,36.135203930569],[-86.7231093449887,36.1344000313003],[-86.7219155673894,36.1335867512462],[-86.7216829524008,36.1334388571471],[-86.7214393668895,36.1333030822476],[-86.7211857689475,36.1331799605607],[-86.7209231560318,36.1330699763311],[-86.7204016926245,36.1328785065237],[-86.7188656073092,36.1323115442291],[-86.7183596751478,36.1321186934506],[-86.7178810970492,36.1318843594685],[-86.7176176286053,36.1317305644285],[-86.7173633541107,36.1315669025407],[-86.7171188345591,36.1313937349207],[-86.7168846094092,36.131211443656],[-86.7147060834327,36.1295033258715],[-86.7133895839406,36.1285000384549],[-86.7113513908095,36.1269276971228],[-86.711086771441,36.1267226393982],[-86.7043266422798,36.1214122749553],[-86.7035933886884,36.1208503232106],[-86.7003239456936,36.1182923471675]],[[-86.6890018482848,36.1129344883021],[-86.6942354967538,36.1150983363905],[-86.6972148223384,36.1163285682756],[-86.6977277119257,36.1165746098059],[-86.6982207860582,36.1168460141401],[-86.6988130529621,36.1171778584988],[-86.6996799136128,36.1178010920228],[-86.7003229533818,36.118291552597]]]},"properties":{"OBJECTID":95,"BikewayType":"BBL","Status":"Complete","OnStreetName":"Murfreesboro Pike","FromStreetName":"Spence Ln","ToStreetName":"McGavock Pike","YearCompleted":2015,"District":"13, 15, 16"}},{"type":"Feature","id":96,"geometry":{"type":"LineString","coordinates":[[-86.7250039297093,36.1357647660532],[-86.7255794763845,36.1361492595313],[-86.7261734511116,36.136514849808],[-86.72656027347,36.136730416238],[-86.7269568461535,36.1369339930005],[-86.7273626046719,36.1371252902844],[-86.7277769714449,36.1373040357577],[-86.728622376214,36.1376272048031],[-86.7294876460305,36.1379137050654],[-86.7319026415147,36.1387050814959],[-86.7334183233554,36.1392038020443],[-86.7359960100026,36.1400942606514],[-86.7382010304568,36.1408015632372]]},"properties":{"OBJECTID":96,"BikewayType":"BL","Status":"Complete","OnStreetName":"Murfreesboro Pike","FromStreetName":"Transit Ave","ToStreetName":"Spence Ln","YearCompleted":2015,"District":"15, 16, 17, 19"}},{"type":"Feature","id":97,"geometry":{"type":"LineString","coordinates":[[-86.7440386405363,36.1446798004068],[-86.7417708768125,36.1444333621406],[-86.7393148617016,36.1442165385346],[-86.7387814030252,36.1441769955874]]},"properties":{"OBJECTID":97,"BikewayType":"SSR","Status":"Complete","OnStreetName":"Elm Hill Pike","FromStreetName":"Fesslers Ln","ToStreetName":"I-40","YearCompleted":2013,"District":"19"}},{"type":"Feature","id":98,"geometry":{"type":"LineString","coordinates":[[-86.7387814030252,36.1441769955874],[-86.7377068586761,36.1440862768937],[-86.7343431255092,36.1437958417109],[-86.7338132378912,36.1437547094137],[-86.7332687403422,36.1437075177567],[-86.7327216025362,36.1436893300736],[-86.7316012290293,36.1437285597971],[-86.730421408919,36.1437614614726],[-86.7285520271065,36.1438128248535],[-86.7266297396904,36.1438659081886],[-86.7250935926183,36.1439006570094],[-86.722613224828,36.1439719483768],[-86.7225838266002,36.1439721244337],[-86.7194599467484,36.1440027865625],[-86.7180946383353,36.1440019692172],[-86.7176593475382,36.1440157444868],[-86.7172272237637,36.1440604330974],[-86.7166903556234,36.1441268764129],[-86.7161560121338,36.1442055796226],[-86.7147909666269,36.1444354429216],[-86.7142329259914,36.1445306816493],[-86.7136687441934,36.144598039553],[-86.712200516378,36.1447326228744],[-86.711241728702,36.1448269856896],[-86.7110408065516,36.1448467693507]]},"properties":{"OBJECTID":98,"BikewayType":"SSR","Status":"Complete","OnStreetName":"Elm Hill Pike","FromStreetName":"I-40","ToStreetName":"Massman Dr","YearCompleted":2013,"District":"15, 19"}},{"type":"Feature","id":99,"geometry":{"type":"LineString","coordinates":[[-86.6279857107232,36.1411559561258],[-86.6280989854427,36.1407318589128],[-86.6281853469565,36.1403036144726],[-86.6283419891137,36.1393685112882],[-86.6284096425024,36.1389399743428],[-86.6285222270363,36.1385176999684],[-86.6286036866929,36.1383053790986],[-86.6287005486614,36.1380973574502],[-86.6288124708446,36.1378943694582],[-86.6289390579831,36.1376971317802],[-86.629303505213,36.137167280726],[-86.6294561966354,36.1369234260817],[-86.6295853110563,36.136670766772],[-86.6297602626422,36.1362678088259],[-86.6298446137147,36.1360024548402],[-86.6298988817722,36.1357319800297],[-86.6299301366418,36.1354254863151],[-86.6299363413301,36.1351179869466],[-86.6299203370004,36.1348657927534],[-86.6298882516957,36.1346146094443],[-86.6297911362779,36.1342049651762],[-86.6296595662808,36.1338016990003],[-86.629369734514,36.1330620753422],[-86.6292687794745,36.13278646461],[-86.6291840377959,36.1325536920594],[-86.6290991284036,36.1321572124809],[-86.6290613095708,36.131755965399],[-86.6290830701527,36.1313187552476],[-86.6291461149201,36.130884187943],[-86.6292116599158,36.1302528787188],[-86.6293196441454,36.129190688032],[-86.6294246892413,36.1282029110474],[-86.6294766473204,36.1278382320478],[-86.6295459037523,36.1274754500316],[-86.629668965529,36.1269811930863],[-86.6297939033631,36.1265012346871],[-86.6300249542293,36.1256143832238],[-86.6301396121728,36.1251731081436],[-86.6302371587588,36.124791141533],[-86.6302957571189,36.1244039706636],[-86.6303551083184,36.1238828613783],[-86.6304747760386,36.1227404830062],[-86.6305986841331,36.1216882206672],[-86.6307213023021,36.1206960577094],[-86.6307947697878,36.1201194824067],[-86.630888504804,36.1195448447881],[-86.6310807067641,36.1184335628467],[-86.6312865902824,36.1172692698227],[-86.6314331394439,36.1164057478596],[-86.6314827210676,36.1160672675483],[-86.6315106224917,36.1157271575193],[-86.6314994689594,36.1153920342892],[-86.6314488837982,36.115059310863],[-86.6313704985755,36.1147238783341],[-86.6312522767983,36.1143962221063],[-86.6311813170597,36.114230832555],[-86.6308219047913,36.1133814359197],[-86.6306224683934,36.112914616188],[-86.6302419501617,36.1120710194875],[-86.6300892445675,36.1117051912763],[-86.6299698243053,36.1113313010368],[-86.6298960086017,36.1109664301562],[-86.6298405902237,36.1105994203584],[-86.6298223238053,36.1102476372995],[-86.6298261920713,36.1098955560835],[-86.6298484481095,36.1095892542589],[-86.6299356181155,36.108617649202],[-86.6299595462795,36.1083287238735],[-86.6299595781975,36.1080391468304],[-86.6299068662116,36.1075984352033],[-86.6297992414761,36.1071643509366],[-86.629673421888,36.1068050814852],[-86.6295044766247,36.1064576570339],[-86.6292055342721,36.1059383600115],[-86.6288796810954,36.1054298359803],[-86.6288331142425,36.1053518663142],[-86.6284660994131,36.1047771142074],[-86.627782943326,36.1036952219752],[-86.6271634761991,36.1027240872722],[-86.6265814302301,36.1018014010606],[-86.6260529522989,36.1009628498403],[-86.6258092766872,36.1005563680838],[-86.6255933652591,36.100139677776],[-86.6254280916852,36.0997526443734],[-86.6252839859393,36.0993600785983],[-86.6251838462669,36.0990351545115],[-86.6251095866397,36.0987056878207],[-86.6250377385558,36.0983503968899],[-86.6249911405748,36.0979923445615],[-86.6249595608108,36.0974604511807],[-86.6249439811354,36.0969280907538],[-86.6248594677169,36.0938972088145],[-86.6248385703671,36.0932620701719],[-86.6248276700656,36.092970951584],[-86.6248480957572,36.0926801707647],[-86.6248959774378,36.092427352477],[-86.6249645303562,36.092177689485],[-86.6250534489631,36.0919322938664],[-86.6251623370043,36.0916922586807],[-86.625307587076,36.0914793358874],[-86.6254723600309,36.0912759915271],[-86.6256557020748,36.0910834024874],[-86.6258565519651,36.0909026833995],[-86.6265010014253,36.0903303303453],[-86.6267085843014,36.0901580676756],[-86.626932217097,36.0899629499151],[-86.627137880065,36.0897552173356],[-86.6272322346402,36.0896110411399],[-86.6273089197586,36.0894601182713],[-86.6273672127642,36.0893038711792],[-86.6274065643575,36.089143772486]]},"properties":{"OBJECTID":99,"BikewayType":"BL","Status":"Complete","OnStreetName":"Bell Rd","FromStreetName":"Elm Hill Pike","ToStreetName":"Nashboro Blvd","YearCompleted":2012,"District":"13, 14, 29"}},{"type":"Feature","id":100,"geometry":{"type":"LineString","coordinates":[[-86.6295459037523,36.1274754500316],[-86.6307903155191,36.1276662407589],[-86.6310654795414,36.1277077245409],[-86.6315133267387,36.127782713939],[-86.6319687402605,36.1278162647401],[-86.6322874404342,36.127811259935],[-86.6326048961612,36.1277878923366],[-86.6328952985632,36.127767995692],[-86.6331867319167,36.1277669550668],[-86.6338514484981,36.1278183100909],[-86.6342585857839,36.1278239819254],[-86.6346656398835,36.1278152217567],[-86.6349436711504,36.1278085579889],[-86.6352212512755,36.1278230279076],[-86.6353223011327,36.1278400242929],[-86.6354176541499,36.1278720438407],[-86.635503949376,36.1279179579462],[-86.6355781451093,36.1279761482555],[-86.6356584456191,36.128067340303],[-86.6357207678085,36.1281673579034],[-86.635867352402,36.1284861237237]]},"properties":{"OBJECTID":100,"BikewayType":"SSR","Status":"Complete","OnStreetName":"Priest Woods Dr","FromStreetName":"Pleasant View Dr","ToStreetName":"Bell Rd","YearCompleted":2012,"District":"13"}},{"type":"Feature","id":101,"geometry":{"type":"LineString","coordinates":[[-86.6369136151169,36.128158761489],[-86.635867352402,36.1284861237237]]},"properties":{"OBJECTID":101,"BikewayType":"SSR","Status":"Complete","OnStreetName":"Pleasant View Rd","FromStreetName":"Timber Valley Dr","ToStreetName":"Priest Woods Dr","YearCompleted":2012,"District":"13"}},{"type":"Feature","id":102,"geometry":{"type":"LineString","coordinates":[[-86.6369136151169,36.128158761489],[-86.637575288729,36.1294410480979],[-86.6376504603191,36.1295932993512],[-86.6377000696958,36.1297522949305],[-86.6377131450712,36.1299306504644],[-86.6377005842365,36.1301090303258],[-86.6376695242018,36.1303409789979],[-86.6376111705337,36.1308344242615],[-86.637525328454,36.1315655221624],[-86.6374924526537,36.1318642488986],[-86.6374734916123,36.1321159636042],[-86.6374870899592,36.1323679064301],[-86.6375241632707,36.1325918638505],[-86.6376027922562,36.1328662987428],[-86.6377260247171,36.1331297179042],[-86.6378282885814,36.1333158358367],[-86.6379546966674,36.1334919233243],[-86.6380987810155,36.1336616855222],[-86.6382595374206,36.1338212941523],[-86.6385495575694,36.1340620363228],[-86.639036983889,36.1344314544087],[-86.6396190182424,36.1348671375435],[-86.6400047040455,36.1351588754838],[-86.6401894263144,36.1353331943551],[-86.6403451345119,36.1355252528727],[-86.6405868829641,36.135902644926],[-86.6409254628087,36.136476013581],[-86.6410502477607,36.1367076936344],[-86.6411608947808,36.1369440531255]]},"properties":{"OBJECTID":102,"BikewayType":"SSR","Status":"Complete","OnStreetName":"Timber Valley Dr","FromStreetName":"S Timber Dr","ToStreetName":"Pleasant View Dr","YearCompleted":2012,"District":"13"}},{"type":"Feature","id":103,"geometry":{"type":"LineString","coordinates":[[-86.6279857107232,36.1411559561258],[-86.6282128669493,36.1411972919281],[-86.6284249641768,36.1412751416074],[-86.6285790452782,36.1413594582976],[-86.6287165147305,36.14146092584],[-86.6288344953021,36.1415774205714],[-86.6289305176214,36.1417065043076],[-86.6291038572314,36.1418926374073],[-86.6293037533569,36.1420603415037],[-86.629518213027,36.1421973515308],[-86.6297560997497,36.1423059797065],[-86.630021145719,36.1423921093424],[-86.6302993244039,36.1424443110091],[-86.6305059096107,36.1424743692784],[-86.6307148141941,36.1424907865128],[-86.6312328940145,36.1425240482578],[-86.6317523885822,36.1425359112196],[-86.6321866465473,36.1425252522044],[-86.6326199764026,36.1424998888602],[-86.6330166305251,36.1424634500328],[-86.6334107090789,36.1424118020152],[-86.6340029944011,36.1423209242393],[-86.634592192514,36.1422176873664],[-86.6354906234003,36.1420689294323],[-86.6359680752049,36.1419974101386],[-86.6364492228119,36.1419446466338],[-86.6368388122397,36.1419159169844],[-86.6372297452655,36.1419042808058],[-86.6377253489179,36.1418956997209],[-86.6382210483387,36.1418990413666],[-86.6392982468465,36.1419000152747],[-86.6405732254367,36.1419014348253]]},"properties":{"OBJECTID":103,"BikewayType":"BL","Status":"Complete","OnStreetName":"Elm Hill Pike","FromStreetName":"Timber Valley Dr","ToStreetName":"Bell Rd","YearCompleted":2012,"District":"13"}},{"type":"Feature","id":104,"geometry":{"type":"LineString","coordinates":[[-86.6250561557716,36.152265538038],[-86.6250548850196,36.1524891097546],[-86.6250828342201,36.1527115318515],[-86.6251396888803,36.1529302996308],[-86.6252248089892,36.153142949526],[-86.6253100850611,36.1533515095424],[-86.6254143137946,36.1535543274122],[-86.6255369141322,36.1537502721833],[-86.6256772025581,36.1539382512215],[-86.6258081347354,36.1541016632659],[-86.6259518481993,36.1542578517375],[-86.6261077390078,36.1544061601901],[-86.6262751520275,36.154545965293],[-86.6264533836863,36.1546766794513],[-86.6266416849308,36.1547977532766],[-86.6268392643742,36.1549086778958],[-86.6270452916226,36.155008987091],[-86.6274412463372,36.1551670147106],[-86.6278497582222,36.1553024009466],[-86.6292318620099,36.1557606751499]]},"properties":{"OBJECTID":104,"BikewayType":"BBL","Status":"Complete","OnStreetName":"Stewarts Ferry Pike","FromStreetName":"I-40","ToStreetName":"Blackwood Dr / Bell Rd","YearCompleted":2014,"District":"13, 14"}},{"type":"Feature","id":105,"geometry":{"type":"LineString","coordinates":[[-86.5703734669826,36.1728848855359],[-86.5711181470132,36.173241793901],[-86.5714996618443,36.1734164240557],[-86.5719056367543,36.1735499677304],[-86.5722162473282,36.1736235382546],[-86.5725347201578,36.1736700292165],[-86.5740887253802,36.1738228921788],[-86.5745707613929,36.1738620896711],[-86.5749535581241,36.173880188237],[-86.5753366613678,36.1738670259893],[-86.5756725153283,36.1738364863522],[-86.5760030677597,36.1737794336549],[-86.5767536012403,36.1736127453895],[-86.5770669809465,36.1735520650587],[-86.5773845872011,36.1735081457492],[-86.5777304429317,36.1734923340357],[-86.5780763294666,36.173507696404],[-86.5793442367393,36.1736289540555],[-86.5803031758068,36.173728792308],[-86.5807065730544,36.1737634555117],[-86.5811117604068,36.1737792704866],[-86.5815324048889,36.1737664689924],[-86.5819514046313,36.1737337333901],[-86.5823209859592,36.1736709270845],[-86.5826826308118,36.1735828398855],[-86.5833638777629,36.1733549225355],[-86.5848821653627,36.1728406131579],[-86.5861996118708,36.1723911689515],[-86.5880865102883,36.1717453096745],[-86.5882928856042,36.1716841243331],[-86.588503851664,36.1716342835558],[-86.5887184610485,36.1715960111691],[-86.5889357499819,36.1715694790475],[-86.589349083214,36.1715505341033],[-86.589761655165,36.1715783236272],[-86.5900674044709,36.171626720115],[-86.5903695008507,36.1716883803981],[-86.591659777889,36.1719710736896],[-86.5924162151361,36.1721290378878],[-86.5928063793041,36.1722025327854],[-86.5932006862634,36.1722596750187],[-86.5941368159996,36.1723766844232],[-86.5951489208253,36.1725061882364],[-86.595574607456,36.1725527918914],[-86.5960034982342,36.1725720785064],[-86.5962958312241,36.1725603756007],[-86.5965854837462,36.1725262811613],[-86.5972941198967,36.1724269164089],[-86.5975440326801,36.1723951122873],[-86.5977962099193,36.1723788623189],[-86.5980491812303,36.1723782612535],[-86.5983014716005,36.1723933125957],[-86.5994319179615,36.1725365013231],[-86.5998431193198,36.1725943324304],[-86.6002499525663,36.1726697884088],[-86.6004664337928,36.1727406115213],[-86.6006769412411,36.1728224208071],[-86.6008806278134,36.1729148870665],[-86.6010766738505,36.1730176382147],[-86.602133876636,36.1736163022866]]},"properties":{"OBJECTID":105,"BikewayType":"SSR","Status":"Complete","OnStreetName":"Central Pike","FromStreetName":"Old Hickory Blvd","ToStreetName":"Earhart Rd","YearCompleted":2015,"District":"12"}},{"type":"Feature","id":106,"geometry":{"type":"LineString","coordinates":[[-86.6042169130331,36.1772966128865],[-86.6042766664532,36.1773856786019],[-86.6055695435434,36.179057749507],[-86.6064405490476,36.1805043423436],[-86.6067072798384,36.180909230041],[-86.6070084204472,36.1812979354764],[-86.6072509138346,36.1815359811997],[-86.6075078400044,36.1817638599134],[-86.6077785514016,36.1819809971677],[-86.6080623657036,36.1821868455862],[-86.6084488582278,36.1824372201994],[-86.6088458983254,36.1826765037807],[-86.6092530019868,36.1829044045788],[-86.6096696729189,36.1831206447183],[-86.6106673310148,36.1836411674033],[-86.6112335086045,36.1839048920231],[-86.611446531361,36.1840253525504],[-86.6116501182289,36.1841560976085],[-86.6118435147328,36.1842966426974],[-86.6120260041484,36.1844464669989],[-86.6122141424978,36.1846285610975],[-86.6123895880685,36.1848188007938],[-86.6125518051982,36.1850166053566],[-86.612700298595,36.1852213709578],[-86.6129105462607,36.1855484937458],[-86.6130796360112,36.1858909401364],[-86.6133767214402,36.1865742798229],[-86.6139395479175,36.1878419170071],[-86.6143564816642,36.1888050701183],[-86.6150436919091,36.1903276952164],[-86.6152858124219,36.1908987575686],[-86.6153565935052,36.1910856931019],[-86.6154442031785,36.1912678839627],[-86.6155481636208,36.1914443362498],[-86.6156679078018,36.1916140873609],[-86.6159508327822,36.1920195312292],[-86.6162671392935,36.1924084299009],[-86.6164947039612,36.1926557758753],[-86.6167377262089,36.1928932645407],[-86.616995557413,36.1931202619117],[-86.6172675093988,36.1933361620048],[-86.6178016489302,36.1937823187871],[-86.6183171606669,36.1942426495013],[-86.6185505957563,36.1944847789654],[-86.618769691917,36.1947355578933],[-86.6189739619902,36.1949944288361],[-86.61916295176,36.1952608163524],[-86.6193234680503,36.1955383568287],[-86.6194544945852,36.1958258934024],[-86.6196091367203,36.1962002346754],[-86.6197428093427,36.1965798442864],[-86.620062533716,36.1977380548879],[-86.6202608311176,36.1984161602556]]},"properties":{"OBJECTID":106,"BikewayType":"BBL","Status":"Complete","OnStreetName":"Old Hickory Blvd","FromStreetName":"Lebanon Pike","ToStreetName":"Hermitage Woods Dr","YearCompleted":2016,"District":"11, 12, 14"}},{"type":"Feature","id":107,"geometry":{"type":"LineString","coordinates":[[-86.5977843753433,36.2256613785034],[-86.5978197828402,36.2252945784424],[-86.597828280456,36.2249267225823],[-86.5977866963836,36.2243644895411],[-86.5976997550409,36.2238056703043],[-86.5976302834627,36.2233765050842],[-86.5975755583643,36.2229459412776],[-86.597547237498,36.2225715774797],[-86.5975442607006,36.2221965187541],[-86.5976724981424,36.2151522879297]]},"properties":{"OBJECTID":107,"BikewayType":"BL","Status":"Complete","OnStreetName":"Andrew Jackson Pkwy","FromStreetName":"Saundersville Rd","ToStreetName":"Lebanon Pike","YearCompleted":2010,"District":"11"}},{"type":"Feature","id":108,"geometry":{"type":"MultiLineString","coordinates":[[[-86.5976758237579,36.2151325405159],[-86.5968706535543,36.2151239320685],[-86.5957100183799,36.215103566062],[-86.5949474674224,36.2150899273276],[-86.5930225116214,36.2150458283483],[-86.5924235033375,36.2150293102865],[-86.5919926130258,36.2150174583857],[-86.5914254846498,36.214995285117],[-86.5912449378008,36.2149906751429],[-86.5910638567179,36.2149901880039],[-86.5908833753047,36.2149945048984],[-86.5907029256741,36.2150029418579],[-86.5905233592449,36.2150161814679],[-86.5903438206111,36.2150333122487],[-86.5898407550992,36.2151165785236],[-86.5891190363691,36.2152755352175],[-86.5889382759326,36.2153183084648],[-86.5885829119326,36.2153962699075],[-86.5878980425061,36.2155346670498],[-86.5877897265055,36.2155564834565],[-86.5864665039706,36.2158215913302],[-86.5860277182774,36.2159275788221],[-86.5859645575999,36.2159428351176],[-86.5858943405288,36.2159596586283],[-86.5852599153345,36.2161719476713],[-86.5837160110297,36.2166885456287],[-86.5834046178926,36.2167928334718],[-86.5832625686798,36.2168377003315],[-86.5831969278601,36.2168625113181]],[[-86.5976724981424,36.2151522879297],[-86.5988979539411,36.2151493021703],[-86.6001263232107,36.2151533138032],[-86.6018677099016,36.2151637842766],[-86.6024608657423,36.2151531959783],[-86.6027663712889,36.21513634269],[-86.6030697905267,36.2151029029664],[-86.6033697536101,36.2150530277778],[-86.6036649063034,36.2149869422948],[-86.6041941908529,36.2148182419558],[-86.6047049432663,36.214615472241],[-86.6049451119665,36.2144855876846],[-86.6051748794537,36.214343885156],[-86.6053933614688,36.2141909100311],[-86.6055997172018,36.2140272510681],[-86.6059317484975,36.2137415277533],[-86.6062449704699,36.2134421829561],[-86.6071537129146,36.2125295808313],[-86.60787546804,36.2117934161909],[-86.6084776223423,36.2111907842085],[-86.6090454076432,36.2105666299051],[-86.6107163942188,36.2086887009286],[-86.6115285388445,36.2078163733337]]]},"properties":{"OBJECTID":108,"BikewayType":"PBL","Status":"Completed","OnStreetName":"Lebanon Pike","FromStreetName":"Highland View Dr","ToStreetName":"Andrew Jackson Pkwy","YearCompleted":2024,"District":"11, 14"}},{"type":"Feature","id":109,"geometry":{"type":"LineString","coordinates":[[-86.6494593285369,36.1726203002374],[-86.6489898355918,36.1729070630151],[-86.6485317946906,36.1732057545395],[-86.6480578806547,36.1735610209024],[-86.6476024526036,36.1739318426767],[-86.6471642800845,36.1743371516287],[-86.6467551178552,36.1747619281368],[-86.6463626797838,36.1752430068026],[-86.6460113590881,36.1757445443283],[-86.6458330868782,36.1760031296024],[-86.6456678722828,36.1762673541606],[-86.6455159863083,36.1765367847975],[-86.6453776781158,36.1768109797678],[-86.6448970333106,36.1780354081076],[-86.6446200541012,36.1786978936647],[-86.6445173628346,36.1789350037441],[-86.6444009615827,36.1791679134955],[-86.6442711104528,36.1793961022264],[-86.6441280996277,36.1796190597948],[-86.6439636862464,36.1798293760309],[-86.6437642653261,36.1800187476491],[-86.6432004757548,36.1805711606063],[-86.6422851745599,36.1813042840898],[-86.6415766892564,36.1818617507083],[-86.6402522409014,36.1828545658778],[-86.6387334886825,36.1840501303299],[-86.6384352094044,36.1842695625743],[-86.6381252624709,36.1844780982066],[-86.6378042530433,36.1846753300093],[-86.6374728078993,36.1848608728359],[-86.6370238094991,36.1850766119815],[-86.6365529538707,36.1852591810105]]},"properties":{"OBJECTID":109,"BikewayType":"BL","Status":"Complete","OnStreetName":"Lebanon Pike","FromStreetName":"Disspayne Dr","ToStreetName":"Jackson Downs Blvd","YearCompleted":2008,"District":"14"}},{"type":"Feature","id":110,"geometry":{"type":"LineString","coordinates":[[-86.7290491563886,36.1654797798543],[-86.7288583266266,36.1656124714967],[-86.7286799787821,36.1657561270411],[-86.7285150685845,36.1659099767225],[-86.7283644797744,36.1660731961465],[-86.7282794438847,36.1662092708651],[-86.7282362231375,36.1663577379533],[-86.7281091890597,36.167256307728],[-86.7280558216232,36.1678503947131],[-86.7280354422741,36.1680012078617],[-86.7279923884713,36.1681488526439],[-86.7279475487595,36.1683061287974],[-86.727942375043,36.1684674981217],[-86.7279731349924,36.1685353279363],[-86.7280177709717,36.1685978824561],[-86.7280749633511,36.1686533122602],[-86.7281430212614,36.1686999785657],[-86.7282250980746,36.168727861142],[-86.7283122498838,36.1687424490199],[-86.7284012345491,36.1687431995148],[-86.7284887417431,36.1687300847075],[-86.7286127957784,36.1687143765278],[-86.7287369527151,36.1687295407929],[-86.7287811775775,36.1687605088236],[-86.7288101083832,36.1688016743013],[-86.7288204231003,36.1688483103621],[-86.7288109372976,36.1688950619687],[-86.728774709381,36.1689306585517],[-86.7287284593305,36.1689575597601],[-86.7282259524065,36.1692443602831],[-86.7277726224455,36.1695189393358],[-86.7276105133368,36.1696880459088],[-86.7274921235637,36.1698795119749],[-86.7274484685135,36.1700745383042],[-86.7274295501015,36.17027215627],[-86.7274297453271,36.1704305188417],[-86.7274618446811,36.1705867281566],[-86.7276646747016,36.1714224995707],[-86.727712682492,36.1715516206817],[-86.7278099154621,36.1716610383514],[-86.7278937241215,36.1717226535956],[-86.727966791547,36.1717926834329],[-86.728027844165,36.1718699072635],[-86.7280758178071,36.1719529790949],[-86.7280893726704,36.1720435117525],[-86.7280774805985,36.1721341979028],[-86.7280238876332,36.1722350588865],[-86.7279454079695,36.1723245699121],[-86.727827009784,36.1724062507085],[-86.7276848699474,36.172457294586],[-86.7266754713633,36.1725516057669]]},"properties":{"OBJECTID":110,"BikewayType":"SSR","Status":"Complete","OnStreetName":"Private (Shelby Park)\r\n","FromStreetName":"Private (Shelby Park)","ToStreetName":"Riverside Dr","YearCompleted":2008,"District":"06"}},{"type":"Feature","id":111,"geometry":{"type":"LineString","coordinates":[[-86.6324065027008,36.1864611601177],[-86.6327133683185,36.1863631189685],[-86.6342443176455,36.1859406475432],[-86.6354975520157,36.1855894858348],[-86.6360314552684,36.1854373557948],[-86.6365529538707,36.1852591810105]]},"properties":{"OBJECTID":111,"BikewayType":"BL","Status":"Completed","OnStreetName":"Lebanon Pike","FromStreetName":"Jackson Downs Blvd","ToStreetName":"Stones River Rd","YearCompleted":2008,"District":"14"}},{"type":"Feature","id":112,"geometry":{"type":"LineString","coordinates":[[-86.6115285388445,36.2078163733337],[-86.6133300351614,36.2059633946867],[-86.6146038869945,36.2046511352474],[-86.6147152765759,36.2045334419912],[-86.6158626878475,36.2033434141091],[-86.6169780222786,36.2021335307779],[-86.6170611837192,36.2020448780289],[-86.6177624206127,36.2012293496292],[-86.6185779343114,36.2003560021605],[-86.6191966730461,36.1997173441563],[-86.6194630388237,36.1994218688186],[-86.6196950066921,36.1991079164164],[-86.6199903726135,36.1987340460738],[-86.6202657232812,36.1983502717384],[-86.6204398589086,36.1981056743075],[-86.6206001798542,36.1978549490518],[-86.6209853748079,36.1970767925356],[-86.6214079643762,36.1961911373773],[-86.6216250414928,36.1957357605436],[-86.6218274255066,36.1953753486308],[-86.6220445418669,36.1950206147071],[-86.6223396713253,36.1946207045264],[-86.6226472848751,36.1942270246673],[-86.6233804926655,36.1933779121655],[-86.6238147864904,36.1928641797233],[-86.6240950376891,36.1925275169916],[-86.6247811263617,36.1917376899397],[-86.6248129598159,36.1917046664414],[-86.6250727359376,36.1914112783662],[-86.6253470148352,36.1911266959842],[-86.6255798648814,36.1908980166771],[-86.6258333259725,36.1906842224301],[-86.6261701558814,36.1904094046068],[-86.6265277890451,36.1901524386838],[-86.627557458915,36.1894174130295],[-86.6286794565822,36.1886425515824],[-86.6292411778946,36.1882545168992],[-86.63027825637,36.1875325429273],[-86.6306443686453,36.1872950602345],[-86.6310238221109,36.1870717639598],[-86.6312656304136,36.1869381213837],[-86.6315159697092,36.1868152343317],[-86.6318967228217,36.1866506837451],[-86.6324065027008,36.1864611601177]]},"properties":{"OBJECTID":112,"BikewayType":"PBL","Status":"Completed","OnStreetName":"Lebanon Pike","FromStreetName":"Stones River Rd","ToStreetName":"Highland View Dr","YearCompleted":2024,"District":"11, 14"}},{"type":"Feature","id":113,"geometry":{"type":"LineString","coordinates":[[-86.6719416975696,36.2448972934607],[-86.6712966289984,36.2457554987581],[-86.6710124285554,36.2461233419838],[-86.6709058752473,36.2463162861888],[-86.6708265483253,36.2465176516725],[-86.6707754375177,36.246724926616],[-86.6707531806046,36.2469355254666],[-86.6707514118347,36.2471864341481],[-86.6707927338822,36.2474351043937],[-86.6708538849611,36.2476427591156],[-86.6709346124925,36.2478459786362],[-86.6710344363858,36.2480435540267],[-86.6711527629359,36.2482343099258],[-86.6712960324213,36.2484333441729],[-86.671453144321,36.2486254031826],[-86.6716235826374,36.2488098560622],[-86.6718067875852,36.2489860969002],[-86.672438206477,36.2495701346935],[-86.6725860096754,36.2496628754989],[-86.672757063961,36.2497240057818],[-86.6729412708462,36.2497499165964],[-86.6731277553022,36.2497390782448],[-86.6742231603485,36.24954111009],[-86.6745262198273,36.249441437522],[-86.674817131633,36.2493203248023],[-86.6749758351329,36.2492555356437],[-86.6751442435683,36.2492095484485],[-86.6753189817649,36.2491832848707],[-86.6754965477046,36.2491772712719],[-86.6770663772029,36.2493306331354],[-86.677455324811,36.2493922734968],[-86.6778400490428,36.2494693672133],[-86.678226895552,36.2494998836317],[-86.678615520253,36.2494947263613],[-86.6787608716347,36.249477538691],[-86.6789023779422,36.2494456161026],[-86.6790377718961,36.2493994700753],[-86.6791648841622,36.2493398399824],[-86.6804138728507,36.2483313059018],[-86.6816090866805,36.2474401817689]]},"properties":{"OBJECTID":113,"BikewayType":"SSR","Status":"Complete","OnStreetName":"Sioux Ter","FromStreetName":"Neelys Bend Rd","ToStreetName":"Apache Ln","YearCompleted":2012,"District":"09"}},{"type":"Feature","id":114,"geometry":{"type":"LineString","coordinates":[[-86.6895762592381,36.2721179966579],[-86.6894638967194,36.2733736944455],[-86.689416135207,36.274079589804],[-86.6894152697073,36.2744972004854],[-86.6894485727536,36.2749139401573],[-86.6895100767488,36.2753819051857],[-86.6896074614751,36.2758458593277],[-86.6898255688111,36.2765128079488],[-86.6900257038076,36.2770188063119],[-86.6904444560543,36.2780825289497],[-86.6912241999892,36.2799627972193],[-86.6912360390842,36.2799937031083],[-86.6915359664296,36.280724877406],[-86.6917996876707,36.2814651440125],[-86.6919443015888,36.2819184014584],[-86.6920487148915,36.2823788413279],[-86.6923456252092,36.2837315460616],[-86.6926411074524,36.2851891764963],[-86.6929531438824,36.2866524335504],[-86.6931997038075,36.2879024133671],[-86.6933659082542,36.2887577029513]]},"properties":{"OBJECTID":114,"BikewayType":"BL","Status":"Complete","OnStreetName":"Myatt Dr","FromStreetName":"Edenwold Rd","ToStreetName":"Anderson Ln","YearCompleted":2015,"District":"09, 10"}},{"type":"Feature","id":115,"geometry":{"type":"LineString","coordinates":[[-86.6933659082542,36.2887577029513],[-86.6933833065945,36.2888387166717],[-86.6936144285347,36.2900058016967],[-86.6936933533946,36.2903289925451],[-86.6937646651136,36.2906130389211],[-86.6938541945222,36.2908936846071],[-86.6939647243518,36.2911574882961],[-86.6941096727764,36.2914101336058],[-86.694227716287,36.2916057692703],[-86.6943613199693,36.2917947326988],[-86.6945099112695,36.2919762139423],[-86.6946728533797,36.2921494351171],[-86.6956227839312,36.2930553329856],[-86.6961041591946,36.2935004122775],[-86.6964610309956,36.2938404196607],[-86.6971913388853,36.2945803088788],[-86.697889896676,36.2953400268416],[-86.698555882683,36.2961186809164],[-86.6991885134216,36.2969153561951]]},"properties":{"OBJECTID":115,"BikewayType":"BL","Status":"Complete","OnStreetName":"Myatt Dr","FromStreetName":"Gallatin Pike","ToStreetName":"Edenwold Rd","YearCompleted":2015,"District":"10"}},{"type":"Feature","id":116,"geometry":{"type":"LineString","coordinates":[[-86.7040455844132,36.3242229296182],[-86.7033309079836,36.3244533838199],[-86.7028578488331,36.3246151031983],[-86.7023925869501,36.324791013753],[-86.7021842665727,36.3248827367871],[-86.7019833309973,36.3249846787271],[-86.7017905447963,36.3250964516917],[-86.7016066415435,36.3252176303916],[-86.70118385331,36.325584910672],[-86.7007911869327,36.3259734712371],[-86.699904578044,36.3270158566517],[-86.6992804489683,36.3277442880424]]},"properties":{"OBJECTID":116,"BikewayType":"BL","Status":"Complete","OnStreetName":"Long Hollow Pike","FromStreetName":"I-65 N Ramp","ToStreetName":"County Line","YearCompleted":2010,"District":"10"}},{"type":"Feature","id":117,"geometry":{"type":"LineString","coordinates":[[-86.7116577568363,36.3223764530602],[-86.7110846089454,36.322444121313],[-86.7105189792046,36.3225450462693],[-86.7093540660342,36.3227641035908],[-86.708153768124,36.3229809731033],[-86.7076270293013,36.3231014571267],[-86.7071094215016,36.3232455452968],[-86.7066045728711,36.3233953970356],[-86.7040455844132,36.3242229296182]]},"properties":{"OBJECTID":117,"BikewayType":"SSR","Status":"Complete","OnStreetName":"Long Hollow Pike","FromStreetName":"Two Mile Pike","ToStreetName":"I-65 N Ramp","YearCompleted":2010,"District":"10"}},{"type":"Feature","id":118,"geometry":{"type":"LineString","coordinates":[[-86.7980030667365,36.1621954263443],[-86.7941815281429,36.1638628009169],[-86.790215275248,36.1655929805877]]},"properties":{"OBJECTID":118,"BikewayType":"BL","Status":"Complete","OnStreetName":"Jo Johnston Ave","FromStreetName":"16th Ave N","ToStreetName":"10th Ave N","YearCompleted":2011,"District":"19"}},{"type":"Feature","id":119,"geometry":{"type":"LineString","coordinates":[[-86.6892038750058,36.2159710938193],[-86.6890553709808,36.2161743286551],[-86.6889385583605,36.2163907210001],[-86.6889017383694,36.2165418329424],[-86.6888804626647,36.2166948943546],[-86.6888748770249,36.2168488571277],[-86.6888850197901,36.2170026669743],[-86.6889832384365,36.2173242624029],[-86.6891229960069,36.2176356027464],[-86.6895001901209,36.2183726640431],[-86.6896327441039,36.2186494485316],[-86.689741955951,36.2189328477292],[-86.6897654175745,36.2191657328758],[-86.6897327573006,36.2193978891301],[-86.689661469581,36.2195759268868],[-86.6895710064657,36.2197481505241],[-86.6892899801878,36.2202576663251],[-86.6891880920754,36.2204571580894],[-86.6891169513694,36.2206652206842],[-86.6890678478652,36.2209024312474],[-86.6890342748309,36.2211414121593],[-86.6889157126022,36.2220601437979],[-86.6887982152338,36.2229323699772],[-86.6886818243873,36.2237628599043],[-86.6885412134908,36.224685293207],[-86.6883847550497,36.2256471612741],[-86.6882100740287,36.2266801924376],[-86.688197091716,36.2268344469128],[-86.6882019467198,36.2269890095463],[-86.688224596705,36.2271425292626],[-86.6882648437831,36.2272936640949],[-86.6883233754376,36.2274445532485],[-86.6883992194218,36.2275902941611],[-86.6884916989821,36.2277295862122],[-86.688599988893,36.2278611863257],[-86.688733556405,36.2279823677924],[-86.6888805060189,36.2280929153895],[-86.6890395538165,36.2281918632091],[-86.6892093101559,36.228278346693],[-86.6895191066214,36.2283883289556],[-86.6898465825756,36.2284568887872],[-86.6908261547688,36.2286024710605],[-86.691646649967,36.2287308340913],[-86.6927321450787,36.228905840164],[-86.6930586614843,36.2289819092351],[-86.6933663187179,36.2290986888013],[-86.693506436093,36.2291719127407],[-86.6936369068348,36.2292560269276],[-86.6937564462916,36.22935020317],[-86.6938638774295,36.2294535142019],[-86.6940081743891,36.229617107557],[-86.6941194087459,36.2297968533315],[-86.6942702813349,36.2300864248479],[-86.6946413379948,36.2309169779673],[-86.6947401116532,36.2310970828812],[-86.694865357576,36.2312660362483],[-86.6950151917106,36.2314212963151],[-86.695187360057,36.2315605273176],[-86.6954425741658,36.2317198410448],[-86.6957281422646,36.2318406991582],[-86.6966647984696,36.2320871092018],[-86.6977214599168,36.2323571417601],[-86.6979382583326,36.2324162889687],[-86.6981477673871,36.2324907073816],[-86.6983483518969,36.2325798161827],[-86.6985384463179,36.232682919899],[-86.6986972208423,36.2327836520479],[-86.6988448295908,36.2328949732575],[-86.6989801999589,36.2330160746442],[-86.6991023482556,36.233146076256],[-86.6993989964688,36.2335421016998],[-86.6994975831368,36.2336828572367],[-86.6996087460318,36.2338173221224],[-86.6997318766749,36.233944760254],[-86.699866301062,36.2340644739917],[-86.7001701304234,36.2342753880965],[-86.7005002511937,36.2344585429297],[-86.7015542551752,36.235021857213],[-86.7029099453923,36.2357479414604],[-86.704171619526,36.2364244835146],[-86.7050890579632,36.236917026507],[-86.705292515201,36.2370235215062]]},"properties":{"OBJECTID":119,"BikewayType":"SSR","Status":"Complete","OnStreetName":"Pennington Bend Rd","FromStreetName":"Penn Meade Dr","ToStreetName":"McGavock Pike","YearCompleted":2012,"District":"15"}},{"type":"Feature","id":120,"geometry":{"type":"LineString","coordinates":[[-86.7007562716345,36.2391975354046],[-86.7016147236394,36.2390771412208],[-86.7025765685536,36.2389322936198],[-86.7029259781467,36.2388477446049],[-86.7032588276182,36.23872706774],[-86.7038331377564,36.2383707702093],[-86.7043161652132,36.2380665875972],[-86.7045156787974,36.2379316341228],[-86.70468324075,36.2377706697179],[-86.7050027318905,36.2374050446813],[-86.705292515201,36.2370235215062]]},"properties":{"OBJECTID":120,"BikewayType":"SSR","Status":"Complete","OnStreetName":"Penn Meade Dr","FromStreetName":"Pennington Bend Rd","ToStreetName":"Lock Two Rd","YearCompleted":2011,"District":"15"}},{"type":"Feature","id":121,"geometry":{"type":"LineString","coordinates":[[-86.7100508222179,36.2734217758652],[-86.7102106427753,36.2722742708959],[-86.7106764680786,36.2687261820619],[-86.7108999275932,36.2669136117616],[-86.7110308703297,36.2659297786051],[-86.7110708497498,36.2656815521323],[-86.7111253686901,36.2654351473091],[-86.7112781198122,36.2648695906882],[-86.7115467073287,36.264087790706],[-86.7119236458799,36.2630440066383]]},"properties":{"OBJECTID":121,"BikewayType":"BBL","Status":"Complete","OnStreetName":"Gallatin Pike","FromStreetName":"Anderson Ln","ToStreetName":"Old Hickory Blvd","YearCompleted":2015,"District":"08, 09"}},{"type":"Feature","id":122,"geometry":{"type":"LineString","coordinates":[[-86.717661704982,36.2519589282113],[-86.7184652275435,36.2507738103628],[-86.7194019737501,36.2494080926667],[-86.7199993477748,36.2485384670585],[-86.7203306454882,36.2480205743598]]},"properties":{"OBJECTID":122,"BikewayType":"SSR","Status":"Complete","OnStreetName":"Gallatin Pike","FromStreetName":"E Webster St","ToStreetName":"Due West Ave","YearCompleted":2017,"District":"07, 08"}},{"type":"Feature","id":123,"geometry":{"type":"LineString","coordinates":[[-86.722466215978,36.244519609258],[-86.7226938937149,36.2440723276802],[-86.722815839713,36.2437612058472],[-86.7229104155197,36.2434438962398],[-86.7229769032786,36.243149006521],[-86.7231235627152,36.242445878232],[-86.7232853415743,36.2416258170648],[-86.7234571271688,36.2407735030294],[-86.7236470935191,36.239817352464],[-86.7236740263048,36.2396945639403],[-86.7238651742934,36.23881746839]]},"properties":{"OBJECTID":123,"BikewayType":"SSR","Status":"Complete","OnStreetName":"Gallatin Pike","FromStreetName":"Lakewood Dr","ToStreetName":"Walton Ln","YearCompleted":2017,"District":"07, 08"}},{"type":"Feature","id":124,"geometry":{"type":"LineString","coordinates":[[-86.7290491563886,36.1654797798543],[-86.7285666919671,36.1655005112252],[-86.7280844286163,36.1654769035037],[-86.7278376457741,36.1654172758184],[-86.7275837348636,36.1653825078194],[-86.7273376544663,36.1653964258805],[-86.7270936000392,36.1654255227736],[-86.7268695890076,36.1654685313325],[-86.7266606458075,36.1655468836605],[-86.7265675297839,36.1656138553325],[-86.7264872799134,36.1656910031831]]},"properties":{"OBJECTID":124,"BikewayType":"SSR","Status":"Complete","OnStreetName":"Private (Shelby Park) ","FromStreetName":"Private (Shelby Park) ","ToStreetName":"Private (Shelby Park) ","YearCompleted":2015,"District":"06"}},{"type":"Feature","id":125,"geometry":{"type":"LineString","coordinates":[[-86.7447626694122,36.163057301191],[-86.74467467514,36.1630689910548],[-86.7445906342639,36.1630931542915],[-86.7441110106539,36.163251112266],[-86.7434957537662,36.1634652264123],[-86.7432123767761,36.1635399401546],[-86.7429322904592,36.1635952888371],[-86.7426486612273,36.1636371257266],[-86.7417844629201,36.1637726400197],[-86.741071949555,36.1639022084785],[-86.7401401145939,36.1641015573822],[-86.7398600854828,36.1641751713831],[-86.7395725770773,36.1642264361672],[-86.7393284695184,36.1642521697677],[-86.7390826413419,36.1642625598335],[-86.7388184272758,36.1642872095783],[-86.7385574453963,36.1643287283009],[-86.7382797453,36.1643685362184],[-86.7379979774354,36.1643779349203],[-86.7374822597265,36.1643517799064],[-86.737210292249,36.1643637461073],[-86.7369416016456,36.1643999140471],[-86.7363974949218,36.1644566495615],[-86.7361557645507,36.164490759755],[-86.7359246256113,36.1645575176829],[-86.7353157238787,36.1647310121574],[-86.7343939584718,36.164919786952],[-86.7339949131403,36.1649986172118],[-86.7335897023706,36.1650529687182],[-86.7332270049871,36.1650817698003],[-86.7328627293871,36.1650731005428],[-86.7328533267132,36.1650732738999],[-86.7324055025845,36.1650738661822],[-86.7319581117391,36.1650898478031],[-86.7319430003463,36.1650901278115],[-86.7310681019353,36.1651211841209],[-86.7308067545979,36.1651570483576],[-86.7305488749829,36.1652067489414],[-86.7302955759102,36.1652700714017],[-86.7300479504405,36.1653467424859],[-86.7299009651077,36.1653660374759],[-86.7297529418633,36.1653529616917],[-86.7295693661644,36.1653463133642],[-86.7293871796141,36.1653657627375],[-86.7292119815103,36.165410712057],[-86.7290491563886,36.1654797798543]]},"properties":{"OBJECTID":125,"BikewayType":"SSR","Status":"Complete","OnStreetName":"Private (Shelby Park)","FromStreetName":"Davidson St","ToStreetName":"Private (Shelby Park)","YearCompleted":2004,"District":"06"}},{"type":"Feature","id":126,"geometry":{"type":"LineString","coordinates":[[-86.723002677019,36.2981646490009],[-86.7227111130293,36.298484736829],[-86.7224357893115,36.2988141136383],[-86.7221569850223,36.2991919014983],[-86.7219037045586,36.2995812890885],[-86.7212726292802,36.3007367733208],[-86.721020560626,36.3012003940409],[-86.7205494888465,36.3020716405917],[-86.720182151881,36.302764959352],[-86.7200941181668,36.302921329631],[-86.7188669856043,36.3052091729732],[-86.717630479704,36.3075051901213],[-86.716186570379,36.3101874180465],[-86.7149966140444,36.3123867347299],[-86.7145431450295,36.313212389441],[-86.7142041605076,36.3138481916158],[-86.7139105250433,36.3144164818315],[-86.7137319953303,36.3148109782296],[-86.7135860902738,36.3151831829016],[-86.713470054517,36.3155622090319],[-86.7133776548272,36.3159251004442],[-86.7133086769695,36.3162913868578],[-86.7132637843997,36.3166592450113],[-86.7132410012287,36.317028432714],[-86.7132249440899,36.317297779982],[-86.7131936698576,36.3180475299274],[-86.7131718404132,36.3195498893416],[-86.7131754640396,36.3205413402985],[-86.7132548177113,36.321570481403],[-86.7132743939943,36.3219070701812],[-86.7132976699666,36.3222830863419]]},"properties":{"OBJECTID":126,"BikewayType":"SSR","Status":"Complete","OnStreetName":"Dickerson Pike","FromStreetName":"Long Hollow Pike","ToStreetName":"Dry Creek Rd","YearCompleted":2014,"District":"10"}},{"type":"Feature","id":127,"geometry":{"type":"LineString","coordinates":[[-86.7376107587647,36.2647302742999],[-86.7365970692901,36.2643930835916],[-86.7363393801685,36.264326496808],[-86.7360753490799,36.2642789175003],[-86.7358071091293,36.2642507300601],[-86.7355368274153,36.264242162213],[-86.7354861766596,36.2642415160734],[-86.7344919078006,36.2642189487747],[-86.7339920278097,36.2642208491431],[-86.7334934232817,36.2642498127134],[-86.7330316639694,36.2643102289846],[-86.7325785246429,36.2644041571015],[-86.7323256742111,36.2644559144258],[-86.7320681460135,36.2644892781349],[-86.7316794612637,36.2645369512448],[-86.7312866410185,36.2645493306143],[-86.7307460124483,36.2645312901598],[-86.730209445326,36.2644747704588],[-86.7279234214526,36.2642370752912],[-86.7271632845249,36.2641774255907],[-86.7263535275263,36.2641351819844],[-86.7255421694598,36.2641261246862],[-86.7241592018493,36.264100082567],[-86.723108407155,36.264077760351],[-86.7225333725395,36.2640609544084],[-86.7219595877736,36.2640259691204],[-86.7209256001753,36.2639575066151],[-86.7194173887256,36.2638384455378],[-86.7177702695743,36.263677864062],[-86.7165858029811,36.2635576789237],[-86.7146216724649,36.2633423018722],[-86.7119236458799,36.2630440066383]]},"properties":{"OBJECTID":127,"BikewayType":"BL","Status":"Complete","OnStreetName":"Old Hickory Blvd","FromStreetName":"I-65","ToStreetName":"Gallatin Pike","YearCompleted":2015,"District":"08, 09"}},{"type":"Feature","id":128,"geometry":{"type":"LineString","coordinates":[[-86.7423231935596,36.2505467640592],[-86.7421422554574,36.2503949583063],[-86.7419389968357,36.2502629776982],[-86.7416005988579,36.2501050732388],[-86.7412369541366,36.2499897248005],[-86.7408089445431,36.2498949677247],[-86.7403734352933,36.2498261935125],[-86.7377372321758,36.2495533109033],[-86.7344609329441,36.249205574074],[-86.7324122501012,36.2489832575745],[-86.7312554047795,36.2488673348702],[-86.7288084639685,36.2486160046548],[-86.7285114195068,36.2485834586553],[-86.7268461197983,36.2484303846152],[-86.7254515137037,36.2483495439458],[-86.7245893579349,36.2483051589548],[-86.7236049744484,36.2482466762338],[-86.7203306454882,36.2480205743598]]},"properties":{"OBJECTID":128,"BikewayType":"WOL","Status":"Complete","OnStreetName":"Due West Ave","FromStreetName":"Old Due West Ave","ToStreetName":"Gallatin Pike","YearCompleted":2010,"District":"07, 08"}},{"type":"Feature","id":129,"geometry":{"type":"LineString","coordinates":[[-86.7344609329441,36.249205574074],[-86.7340327458888,36.2519706620183],[-86.7335979405563,36.2548686168122],[-86.7331476030559,36.2581279200589],[-86.7325915227043,36.2621708982549],[-86.7324871419953,36.2628718060584],[-86.7322607828831,36.2644661207666]]},"properties":{"OBJECTID":129,"BikewayType":"WOL","Status":"Complete","OnStreetName":"S Graycroft Ave","FromStreetName":"Old Hickory Blvd","ToStreetName":"Due West Ave","YearCompleted":2010,"District":"08"}},{"type":"Feature","id":130,"geometry":{"type":"LineString","coordinates":[[-86.7324892398989,36.2297374956537],[-86.7323370687454,36.2307510586522],[-86.7322577797862,36.2310667219211],[-86.7321592071527,36.2313787988828],[-86.7319681357982,36.2319150518644],[-86.7318840638725,36.2321816784672],[-86.7318292199152,36.2324958180865],[-86.7318210185727,36.2328130148542],[-86.7318571920461,36.2330933702095],[-86.7319215273331,36.2333703924338],[-86.7321032432151,36.2339244162608],[-86.7321803363646,36.2341926807855],[-86.7322230358013,36.2344659389625],[-86.7322244408852,36.2348270944636],[-86.7321908442002,36.2351872246502],[-86.732099225454,36.2357843953634],[-86.7319602846622,36.236612201668],[-86.7318437051688,36.2373754888074],[-86.7318151892213,36.2383042078263],[-86.7317908590536,36.2389210012166],[-86.7317800465541,36.2392235787526],[-86.7317876142414,36.2395262209314],[-86.731810002355,36.240038287405],[-86.7317964092004,36.2404790352942],[-86.7317376903194,36.2410059001979],[-86.7316243872052,36.2419337005045],[-86.7314702776112,36.243033435795],[-86.731363609553,36.2439154109096],[-86.7312796593729,36.2445797785102],[-86.731241229014,36.2448175118736],[-86.7312008923348,36.2449241224168],[-86.7311444394681,36.2450258194833],[-86.7310727537632,36.2451210116555],[-86.7309869569534,36.2452082093032],[-86.7307804120882,36.2453810255534],[-86.7305584647542,36.2455408227101],[-86.7297794611954,36.2461082843893],[-86.7295490531346,36.2462823776898],[-86.7293400705906,36.2464733895578],[-86.7291681657033,36.2466828666018],[-86.7290213917802,36.2469045316871],[-86.7288999386762,36.2471559730431],[-86.7288208198391,36.2474182589605],[-86.7288157659712,36.2474329950572],[-86.7286315982935,36.2485966257516]]},"properties":{"OBJECTID":130,"BikewayType":"WOL","Status":"Complete","OnStreetName":"Saunders Ave","FromStreetName":"Due West Ave","ToStreetName":"Broadmoor Dr","YearCompleted":2008,"District":"08"}},{"type":"Feature","id":131,"geometry":{"type":"LineString","coordinates":[[-86.7324892398989,36.2297374956537],[-86.7325699721398,36.2293597258223],[-86.7326414383258,36.2292141949257],[-86.7327333497448,36.2290764030627],[-86.7328996167196,36.2288849727769],[-86.7330523147637,36.2286862607009],[-86.733152466646,36.2285169457611],[-86.7332150729942,36.2283361727663],[-86.7333165042172,36.2278471993256],[-86.7334563453763,36.2274381127502],[-86.7337295781577,36.2266867472664],[-86.7339678027635,36.2260382542713],[-86.7365891959892,36.2190628135376],[-86.7375032693348,36.2165731331917],[-86.7375955408236,36.2163812195606],[-86.7377258998019,36.2162044063653],[-86.7378644532506,36.2160896626561],[-86.7380294580823,36.2160008169443]]},"properties":{"OBJECTID":131,"BikewayType":"WOL","Status":"Complete","OnStreetName":"Saunders Ave","FromStreetName":"Broadmoor Dr","ToStreetName":"Hart Ln","YearCompleted":2008,"District":"08"}},{"type":"Feature","id":132,"geometry":{"type":"LineString","coordinates":[[-86.755726987313,36.2692456263871],[-86.7557202255646,36.2692442807583],[-86.7519202598204,36.2684880146855],[-86.7463142834996,36.2673520160007],[-86.7451312318618,36.2671113243777],[-86.7445549740406,36.2669887745879],[-86.7439856535473,36.2668465445881],[-86.7436995913139,36.266771041379],[-86.7434199189765,36.266681201137],[-86.7413711528307,36.2660082166991],[-86.7390094422034,36.2652198233435],[-86.7376107587647,36.2647302742999]]},"properties":{"OBJECTID":132,"BikewayType":"BL","Status":"Complete","OnStreetName":"Old Hickory Blvd","FromStreetName":"Dickerson Pike","ToStreetName":"I-65","YearCompleted":2015,"District":"03, 08"}},{"type":"Feature","id":133,"geometry":{"type":"LineString","coordinates":[[-86.755726987313,36.2692456263871],[-86.7570194652917,36.2694889313387],[-86.7576144961496,36.2696359154561],[-86.7581911323599,36.2698249602073],[-86.759052031163,36.2701800985919],[-86.7594460250057,36.2703872704864],[-86.7598304127323,36.2706059567795],[-86.760204681378,36.2708358656788],[-86.7605683314671,36.2710766904153],[-86.7610457783796,36.271455597894],[-86.7614945899707,36.271856800961],[-86.7626198404398,36.2729942839527],[-86.7634219852886,36.2738476529651],[-86.7640476318116,36.2744751235918],[-86.7647130241859,36.2750699110443],[-86.7650906865314,36.2753488564691],[-86.7654886149707,36.275608675207],[-86.7658963933507,36.2758370489453],[-86.7663197767816,36.276045978277],[-86.7671546259847,36.2763764246839],[-86.7689776403613,36.2770534935239],[-86.7698383150397,36.2773723113807],[-86.7720071142362,36.2782302645299],[-86.772685722717,36.2784796425209],[-86.7733120259503,36.2787056725453],[-86.7739503825108,36.2789083983196],[-86.7745979063686,36.2790936049584],[-86.7752612030739,36.2792376481276],[-86.7756416425161,36.2793145841348],[-86.7760256877819,36.2793787103966],[-86.7764126811879,36.2794299170952],[-86.7768019599973,36.2794681165378],[-86.7773949754151,36.2795158097953],[-86.7793233722597,36.2796321572607],[-86.7798066332249,36.2796595618327],[-86.7808533524435,36.2797233867458],[-86.7813714011113,36.2797542459449],[-86.7818904810578,36.2797700960253],[-86.7825058328323,36.2797313259273],[-86.7831169113609,36.2796610516034],[-86.7834743872491,36.2796050544834],[-86.7838277162577,36.2795338652798],[-86.7841759141973,36.2794476822897],[-86.7845180111804,36.2793467455749],[-86.7859720739519,36.2789099904906],[-86.7865788348744,36.2787400791071],[-86.7873164760445,36.2785707817181],[-86.7880635988375,36.2784313868436],[-86.7892383898068,36.278226282223],[-86.7926631810613,36.2776066634092],[-86.7938609142699,36.2773716753995],[-86.7960337174915,36.2770187793877],[-86.796923602706,36.2769113426296],[-86.7978195699758,36.2768448558104],[-86.7987196411125,36.2767999017075],[-86.7996213401725,36.2767900275849],[-86.802068351284,36.2767642762152],[-86.8048538637523,36.2767219135568],[-86.8058381898132,36.2766881931098],[-86.8068200963791,36.2766229610195],[-86.8078244225972,36.2765131680975],[-86.8088230728655,36.2763735042278],[-86.8110788699987,36.2760817808216],[-86.8120020597869,36.275932986564],[-86.8124191415866,36.2758335200348],[-86.8128231106289,36.2757033204572],[-86.8131910360451,36.2755490213313],[-86.813545372299,36.2753751165627],[-86.8137768916594,36.2752460131598],[-86.8139984815974,36.2751059511403],[-86.8146967504896,36.2746219524177],[-86.8151567843044,36.2743513287437],[-86.8156456914165,36.2741162288779],[-86.8159821743935,36.2739648400878],[-86.8163264958383,36.2738254866491],[-86.8168198514232,36.2736713389528],[-86.8173236402049,36.2735411860498],[-86.817803594937,36.2733875283493],[-86.8182708200967,36.2732100019499],[-86.8193246700102,36.2727722135584],[-86.8204978639454,36.2722577767584],[-86.8208934435225,36.2720676649964],[-86.8212469721365,36.2718619854258],[-86.8215726697111,36.2716281079535],[-86.8217662898177,36.2714694617945],[-86.8219402729373,36.2712965404744],[-86.8229124335931,36.2703127362065],[-86.8239751588554,36.2692052636461],[-86.824672804344,36.2685023089511],[-86.8249807639029,36.2682138247831],[-86.8253189871908,36.2679484972259],[-86.8256461803371,36.2677373037623],[-86.8259986295623,36.2675546948378],[-86.8270611057608,36.2671081932059],[-86.8275218289844,36.266893609908],[-86.8279537641381,36.2666428163293],[-86.8286185024656,36.2661775645105],[-86.8289594686252,36.2659984882903],[-86.829321768403,36.2658493946074],[-86.8295144738159,36.265792244174],[-86.8297125309043,36.265748715892],[-86.8299144743456,36.2657191318036],[-86.8301188100707,36.2657037107852],[-86.830489151558,36.2656971035694],[-86.8308591561501,36.2657114991695]]},"properties":{"OBJECTID":133,"BikewayType":"SSR","Status":"Complete","OnStreetName":"Old Hickory Blvd","FromStreetName":"Whites Creek Pike","ToStreetName":"Dickerson Pike","YearCompleted":2015,"District":"03, 08"}},{"type":"Feature","id":134,"geometry":{"type":"LineString","coordinates":[[-86.754465213813,36.1111002937139],[-86.753989522901,36.1110505594711],[-86.7535101779534,36.1110373053749],[-86.7530357276707,36.1110596967398],[-86.7525650795373,36.1111132455638],[-86.7520520664144,36.1111798087765],[-86.7515358862464,36.1112276083963],[-86.7510603901093,36.111269115584],[-86.7505823775657,36.1112810795696],[-86.749366123948,36.1112008875767],[-86.7484346119744,36.1111484868032],[-86.7470948231785,36.1110566377525],[-86.7451870034566,36.1109384262819],[-86.7434621606442,36.1108372825614],[-86.7422268244603,36.110726136782],[-86.7406736525112,36.1105668519825],[-86.7389051939139,36.1103888363297],[-86.7371967572255,36.1102175813799],[-86.7355130121546,36.1100461516915],[-86.7337604710197,36.1098708252105],[-86.7325674659555,36.1097578909679],[-86.7321351843246,36.1097286179901],[-86.7317014125814,36.1097259479725],[-86.7307756365077,36.1097186843534],[-86.7301534987954,36.1097084183555],[-86.7295321894777,36.1096804271967],[-86.7290396704228,36.1096439592893],[-86.7285541634966,36.1095675046595],[-86.7279703463505,36.1094643645113]]},"properties":{"OBJECTID":134,"BikewayType":"BL","Status":"Complete","OnStreetName":"Thompson Ln","FromStreetName":"Eugenia Ave","ToStreetName":"Southlake Dr / E Thompson Ln","YearCompleted":2015,"District":"16, 17"}},{"type":"Feature","id":135,"geometry":{"type":"LineString","coordinates":[[-86.7516988040829,36.1240850398843],[-86.7505218332,36.121596365427],[-86.7486515231394,36.1177520327547],[-86.7480372350295,36.1165015242344],[-86.7470993838163,36.1145948572927],[-86.7461384945108,36.1127336340426],[-86.7451870034566,36.1109384262819]]},"properties":{"OBJECTID":135,"BikewayType":"SSR","Status":"Complete","OnStreetName":"Nolensville Pike","FromStreetName":"I-440 Ramp","ToStreetName":"Thompson Ln","YearCompleted":2017,"District":"16, 17"}},{"type":"Feature","id":136,"geometry":{"type":"LineString","coordinates":[[-86.7599467979579,36.1354503427969],[-86.7588329447926,36.1338816593259],[-86.7582224056316,36.1331304925752],[-86.7573554678599,36.1322530631851],[-86.7558143546658,36.1309174050114],[-86.7552499983785,36.1304268448107],[-86.7549742368161,36.1301489275712]]},"properties":{"OBJECTID":136,"BikewayType":"BBL","Status":"Complete","OnStreetName":"Nolensville Pike","FromStreetName":"Wingrove St","ToStreetName":"Polk Ave","YearCompleted":2017,"District":"17"}},{"type":"Feature","id":137,"geometry":{"type":"LineString","coordinates":[[-86.7408251010005,36.1395030595416],[-86.7405804792429,36.1415601379657]]},"properties":{"OBJECTID":137,"BikewayType":"BL","Status":"Complete","OnStreetName":"Foster Ave","FromStreetName":"Murfreesboro Pike","ToStreetName":"750' S of Murfreesboro Pike","YearCompleted":2010,"District":"17, 19"}},{"type":"Feature","id":138,"geometry":{"type":"LineString","coordinates":[[-86.7408251010005,36.1395030595416],[-86.7411451695502,36.1367311155794],[-86.741340716514,36.1347535378397],[-86.7414973477516,36.1331424765881],[-86.7420132133529,36.1284520811387]]},"properties":{"OBJECTID":138,"BikewayType":"BL","Status":"Complete","OnStreetName":"Foster Ave","FromStreetName":"750' S Murfreesboro Pike","ToStreetName":"Lyle Ave","YearCompleted":2010,"District":"17"}},{"type":"Feature","id":139,"geometry":{"type":"LineString","coordinates":[[-86.7420132133529,36.1284520811387],[-86.742664851786,36.1232010724146],[-86.7429269715009,36.1210574400303],[-86.743170882959,36.1190223218513],[-86.7432682511787,36.1181616814462],[-86.7433694253642,36.1173747463369],[-86.743636225443,36.1151866282109],[-86.7436415775132,36.1151305564311],[-86.7436625540643,36.1149317925304],[-86.7436456411328,36.1147327737963],[-86.7436206117594,36.114608581908],[-86.7435802695585,36.1144870722716],[-86.7435250261924,36.114369484595],[-86.7434554453462,36.1142570185667],[-86.7431217777497,36.1136498005788],[-86.7429749473545,36.1133559239418],[-86.7428649056413,36.1130516459709],[-86.7428258241615,36.1127957701103],[-86.7428307120326,36.1125379672213],[-86.7428850849388,36.1117530861262],[-86.742918990552,36.1111364483326],[-86.7429412733921,36.1107904190336]]},"properties":{"OBJECTID":139,"BikewayType":"SSR","Status":"Complete","OnStreetName":"Foster Ave","FromStreetName":"Lyle Ln","ToStreetName":"Thompson Ln","YearCompleted":2010,"District":"16, 17"}},{"type":"Feature","id":140,"geometry":{"type":"LineString","coordinates":[[-86.7835619141263,36.1598421691975],[-86.782959057625,36.1602443542178],[-86.7823844833605,36.1605380372907],[-86.7817846120146,36.1607963288808],[-86.780570626723,36.1613264178784],[-86.7779890115388,36.16243473881],[-86.7760748195834,36.1632559451029]]},"properties":{"OBJECTID":140,"BikewayType":"PBL","Status":"Complete","OnStreetName":"Commerce St","FromStreetName":"9th Ave N","ToStreetName":"2nd Ave N","YearCompleted":2020,"District":"19"}},{"type":"Feature","id":141,"geometry":{"type":"LineString","coordinates":[[-86.7838985808042,36.1615893463204],[-86.7840538867386,36.1617331034342],[-86.784227002941,36.1618627950134],[-86.7844815838756,36.1620211803523],[-86.7847574450386,36.1621540849709],[-86.7850819563665,36.1623179442726],[-86.7852216701107,36.1623990154592],[-86.7853500913019,36.1624915550477],[-86.7854657947634,36.1625945360934],[-86.7855674964371,36.1627068157746],[-86.7857198810368,36.1628773143245],[-86.7858462585493,36.163061262273],[-86.7864231928845,36.1639474427091],[-86.7866256992173,36.164262322752],[-86.7867750160719,36.1645209161214],[-86.7869026321109,36.1647870402366],[-86.7870425548207,36.1651206275838],[-86.7871492987717,36.1654621852719],[-86.7872185720898,36.1657452486673],[-86.7872696332982,36.1660308459653],[-86.7872900763805,36.1663156593224],[-86.787274769493,36.166600684521],[-86.7872238702899,36.1668829787956],[-86.7871379039141,36.1671596275458]]},"properties":{"OBJECTID":141,"BikewayType":"SSR","Status":"Complete","OnStreetName":"James Robertson Pkwy/Rosa L Parks Blvd","FromStreetName":"Rosa L Parks Blvd","ToStreetName":"Church St","YearCompleted":2010,"District":"19"}},{"type":"Feature","id":142,"geometry":{"type":"LineString","coordinates":[[-86.7871379039141,36.1671596275458],[-86.786928740779,36.1674231096614],[-86.7866981981288,36.1676745900733],[-86.7864385864099,36.1678742392386],[-86.7861638296471,36.1680600864657],[-86.7859313363283,36.1682019439719],[-86.7856863521622,36.1683292332996],[-86.785430262697,36.1684412345151],[-86.7851645163107,36.1685373141499],[-86.7848658611494,36.168640273962],[-86.7845572278442,36.1687216189539],[-86.7842409906762,36.168780723342],[-86.7839195824419,36.1688171324377],[-86.7836752385394,36.1688212774812],[-86.7834315505855,36.1688061897882],[-86.7831908158351,36.1687720115909],[-86.7829553036966,36.1687190650875],[-86.7827077024307,36.1686427722608],[-86.7824722053034,36.1685444619941],[-86.7822517790628,36.1684253728004],[-86.7820492005581,36.1682870049601],[-86.781731625496,36.1680228015968],[-86.7814350693839,36.1677429986609],[-86.7811746438125,36.167458531656],[-86.7809501823973,36.1672927332543],[-86.7806935269565,36.1671611832256],[-86.7805320080183,36.1670996188803],[-86.7803610425652,36.1670580839418],[-86.7801843845742,36.1670374904122],[-86.7800059130025,36.1670382904727],[-86.779794297538,36.1670901902104],[-86.7795980083768,36.1671726760567],[-86.7778268052298,36.16794801331],[-86.7761330168154,36.1686886079648],[-86.7746869965795,36.1693260039075],[-86.7732338951672,36.1699634276321],[-86.7725589626045,36.1702381639941],[-86.7719598417091,36.1704608667407],[-86.7713472304999,36.1706579740292],[-86.7699751909744,36.1711074097262],[-86.7690255559271,36.171443970123],[-86.7653418806335,36.1728514231547]]},"properties":{"OBJECTID":142,"BikewayType":"SSR","Status":"Complete","OnStreetName":"James Robertson Pkwy","FromStreetName":"Rosa L Parks Blvd","ToStreetName":"S 5th St","YearCompleted":2010,"District":"05, 06, 19"}},{"type":"Feature","id":143,"geometry":{"type":"LineString","coordinates":[[-86.790215275248,36.1655929805877],[-86.7907543432682,36.1663909185374],[-86.7913469129759,36.167252169788]]},"properties":{"OBJECTID":143,"BikewayType":"BL","Status":"Complete","OnStreetName":"10th Ave N","FromStreetName":"Harrison St","ToStreetName":"Jo Johnston Ave","YearCompleted":2011,"District":"19"}},{"type":"Feature","id":144,"geometry":{"type":"LineString","coordinates":[[-86.789256474647,36.1681603647183],[-86.78833380046,36.1685612036819],[-86.7871431429952,36.1690862406431],[-86.7877832271512,36.1700524146663],[-86.786441933824,36.1706263135825],[-86.7863110096449,36.1706584649057],[-86.7862223464441,36.1706149271879],[-86.7860810093361,36.1705979629745],[-86.7859890295792,36.1706024716694]]},"properties":{"OBJECTID":144,"BikewayType":"SSR","Status":"Complete","OnStreetName":"Harrison St","FromStreetName":"W of Rosa L Parks Blvd","ToStreetName":"Music City Bikeway","YearCompleted":2011,"District":"19"}},{"type":"Feature","id":145,"geometry":{"type":"LineString","coordinates":[[-86.777209106929,36.1668786943836],[-86.7771795408654,36.1669668499366],[-86.7771116885559,36.1670397826125],[-86.7769686345504,36.1671211194915],[-86.7768131468175,36.1671857352467],[-86.7753417551627,36.167811617849],[-86.7740104344567,36.168357892588],[-86.7726920394951,36.1688742620685],[-86.7719038926109,36.1691797660775],[-86.7707390978138,36.1696164391695],[-86.770028018676,36.1698776993114],[-86.7693028191233,36.1701120620022],[-86.7684190474994,36.1704157667756],[-86.767503541651,36.1707840515092]]},"properties":{"OBJECTID":145,"BikewayType":"SSR","Status":"Complete","OnStreetName":"Woodland St","FromStreetName":"Union St / 1st Ave N","ToStreetName":"I-24","YearCompleted":2006,"District":"06, 19"}},{"type":"Feature","id":146,"geometry":{"type":"LineString","coordinates":[[-86.7647512060904,36.1718414468836],[-86.7667403434378,36.171080953935],[-86.767503541651,36.1707840515092]]},"properties":{"OBJECTID":146,"BikewayType":"SSR","Status":"Complete","OnStreetName":"Woodland St","FromStreetName":"I-24","ToStreetName":"S 5th St","YearCompleted":2006,"District":"06"}},{"type":"Feature","id":147,"geometry":{"type":"LineString","coordinates":[[-86.7722044081625,36.1690632800893],[-86.7716084345079,36.1679814126406]]},"properties":{"OBJECTID":147,"BikewayType":"SSR","Status":"Complete","OnStreetName":"S 1st St","FromStreetName":"Woodland St","ToStreetName":"Russell St","YearCompleted":2006,"District":"06"}},{"type":"Feature","id":148,"geometry":{"type":"LineString","coordinates":[[-86.7786171346538,36.1656312678169],[-86.7777781188395,36.1659919847698],[-86.7775815052509,36.1660737323469],[-86.7773931141728,36.1661673492832],[-86.7773156831315,36.1662261194861],[-86.777257290846,36.1662979117991],[-86.7772211577983,36.166378766762],[-86.7772092768584,36.1664642250826],[-86.7772185206948,36.1666573191466],[-86.7772213953028,36.1667682187336],[-86.777209106929,36.1668786943836]]},"properties":{"OBJECTID":148,"BikewayType":"SSR","Status":"Complete","OnStreetName":"Union St","FromStreetName":"3rd Ave N","ToStreetName":"1st Ave N","YearCompleted":2006,"District":"19"}},{"type":"Feature","id":149,"geometry":{"type":"LineString","coordinates":[[-86.7906271133163,36.158427210722],[-86.788433992919,36.1595037870272],[-86.7859637779033,36.1606816847398],[-86.7844995754367,36.1613252128822]]},"properties":{"OBJECTID":149,"BikewayType":"BBL","Status":"Complete","OnStreetName":"Church St","FromStreetName":"George L Davis Blvd","ToStreetName":"9th Ave N","YearCompleted":2014,"District":"19"}},{"type":"Feature","id":150,"geometry":{"type":"LineString","coordinates":[[-86.7926412873885,36.1574232726466],[-86.7906271133163,36.158427210722]]},"properties":{"OBJECTID":150,"BikewayType":"SSR","Status":"Complete","OnStreetName":"Church St","FromStreetName":"15th Ave N","ToStreetName":"George L Davis Blvd","YearCompleted":2014,"District":"19"}},{"type":"Feature","id":151,"geometry":{"type":"LineString","coordinates":[[-86.8027102341397,36.1524789870604],[-86.7975054396438,36.1550509639276],[-86.7959246739007,36.155823714679],[-86.7937654876699,36.1568756168952],[-86.7926412873885,36.1574232726466]]},"properties":{"OBJECTID":151,"BikewayType":"SSR","Status":"Complete","OnStreetName":"Church St","FromStreetName":"21st Ave N","ToStreetName":"15th Ave N","YearCompleted":2010,"District":"19, 21"}},{"type":"Feature","id":152,"geometry":{"type":"LineString","coordinates":[[-86.8108513687789,36.1386696684668],[-86.8107210168539,36.1397223300789],[-86.8105535996004,36.1407543738752],[-86.8097980677574,36.1446240147315],[-86.8097831420251,36.1447143282965],[-86.8097852050861,36.1448054342445],[-86.8098378117469,36.1462788298567]]},"properties":{"OBJECTID":152,"BikewayType":"SSR","Status":"Complete","OnStreetName":"Natchez Trc","FromStreetName":"West End Ave","ToStreetName":"Blakemore Blvd","YearCompleted":2015,"District":"18, 21"}},{"type":"Feature","id":153,"geometry":{"type":"LineString","coordinates":[[-86.792675914344,36.1611904990638],[-86.7931488857236,36.1609805210711],[-86.7936715619293,36.1607577335271],[-86.794333235316,36.1604662713288],[-86.7953979389178,36.159996503766]]},"properties":{"OBJECTID":153,"BikewayType":"SSR","Status":"Complete","OnStreetName":"Charlotte Ave","FromStreetName":"15th Ave N","ToStreetName":"George L Davis Blvd","YearCompleted":2011,"District":"19"}},{"type":"Feature","id":154,"geometry":{"type":"LineString","coordinates":[[-86.7967713060858,36.1603874396723],[-86.7980030667365,36.1621954263443]]},"properties":{"OBJECTID":154,"BikewayType":"BL","Status":"Complete","OnStreetName":"16th Ave N","FromStreetName":"Jo Johnston Ave","ToStreetName":"Capitol Pt","YearCompleted":2011,"District":"19"}},{"type":"Feature","id":155,"geometry":{"type":"LineString","coordinates":[[-86.7962491169014,36.1596209378042],[-86.7973132325678,36.1591723278461],[-86.7981652805993,36.1588075721065],[-86.7996875063232,36.1581645548339],[-86.7999450288877,36.1580517861194],[-86.8002770476337,36.1579120218728],[-86.8006228393262,36.1577962869367],[-86.8013674989459,36.1576240303878],[-86.8015473156974,36.157583307289],[-86.8035846971698,36.1571410983071],[-86.8072048350076,36.156341736947],[-86.8087424553879,36.1559930248525],[-86.8098454749062,36.1557376261206],[-86.8120654763893,36.1552556486755],[-86.815516870297,36.1545154662644]]},"properties":{"OBJECTID":155,"BikewayType":"BL","Status":"Complete","OnStreetName":"Charlotte Ave","FromStreetName":"26th Ave N","ToStreetName":"16th Ave N","YearCompleted":2011,"District":"19, 21"}},{"type":"Feature","id":156,"geometry":{"type":"LineString","coordinates":[[-86.7998869471209,36.1580772201662],[-86.8000541320016,36.1581271399195],[-86.8002066287081,36.1582018386251],[-86.8003389148638,36.1582986112348],[-86.8004461999239,36.1584139533319],[-86.8009539452292,36.1591644321362],[-86.8018672274865,36.1605232556821]]},"properties":{"OBJECTID":156,"BikewayType":"SSR","Status":"Complete","OnStreetName":"Dr Db Todd Jr Blvd","FromStreetName":"Jo Johnston Ave","ToStreetName":"Charlotte Ave","YearCompleted":2005,"District":"19, 21"}},{"type":"Feature","id":157,"geometry":{"type":"LineString","coordinates":[[-86.8018672274865,36.1605232556821],[-86.8025261943367,36.1614938867734],[-86.8031035646951,36.1623187014304],[-86.8039941929493,36.1636429762423],[-86.8041710155557,36.1639116730739],[-86.8044217475961,36.1642772332639],[-86.8046179525481,36.1645986741842],[-86.804785583151,36.1649305780319],[-86.8049329370239,36.1652728300443]]},"properties":{"OBJECTID":157,"BikewayType":"PBL","Status":"Complete","OnStreetName":"Dr Db Todd Jr Blvd","FromStreetName":"Jo Johnston Ave","ToStreetName":"Morena St","YearCompleted":2021,"District":"19, 21"}},{"type":"Feature","id":158,"geometry":{"type":"LineString","coordinates":[[-86.805349386335,36.1662933756719],[-86.8058631321891,36.1675935489909],[-86.8061652501905,36.1683591534154]]},"properties":{"OBJECTID":158,"BikewayType":"PBL","Status":"Complete","OnStreetName":"Dr Db Todd Jr Blvd","FromStreetName":"Albion St","ToStreetName":"Meharry Blvd","YearCompleted":2021,"District":"19"}},{"type":"Feature","id":159,"geometry":{"type":"LineString","coordinates":[[-86.8061652501905,36.1683591534154],[-86.8066310121517,36.1694791956048],[-86.8069086459793,36.1701736476113],[-86.8070562138752,36.1705136609963],[-86.809799520823,36.1770780986981],[-86.8110110680059,36.180012250658],[-86.8110377177131,36.1800684765633]]},"properties":{"OBJECTID":159,"BikewayType":"PBL","Status":"Complete","OnStreetName":"Dr Db Todd Jr Blvd","FromStreetName":"Meharry Blvd","ToStreetName":"Buchanan St","YearCompleted":2021,"District":"19, 21"}},{"type":"Feature","id":160,"geometry":{"type":"LineString","coordinates":[[-86.8122655434518,36.1826351599527],[-86.8113189369983,36.1806754158027],[-86.811167920713,36.1803751152287],[-86.8110377177131,36.1800684765633],[-86.8110377177131,36.1800684765633]]},"properties":{"OBJECTID":160,"BikewayType":"PBL","Status":"Complete","OnStreetName":"Dr Db Todd Jr Blvd","FromStreetName":"Clarksville Pk / Clay St","ToStreetName":"Buchanan St","YearCompleted":2024,"District":"02, 21"}},{"type":"Feature","id":161,"geometry":{"type":"LineString","coordinates":[[-86.7873736374668,36.1742998497353],[-86.7873975168556,36.1742921909154],[-86.7880482952637,36.1740819934192],[-86.788711395876,36.1738988564876],[-86.7900529117065,36.1735796074428],[-86.7913688403835,36.1732761148018]]},"properties":{"OBJECTID":161,"BikewayType":"SSR","Status":"Complete","OnStreetName":"Jefferson St","FromStreetName":"Rosa L Parks Blvd","ToStreetName":"5th Ave N","YearCompleted":2008,"District":"19"}},{"type":"Feature","id":162,"geometry":{"type":"LineString","coordinates":[[-86.7991935122483,36.1713437129745],[-86.7947945584484,36.1724286656157],[-86.7932203395538,36.1728262816161],[-86.7923930107975,36.1730329760335],[-86.7918838448284,36.1731626277643],[-86.7913688403835,36.1732761148018]]},"properties":{"OBJECTID":162,"BikewayType":"SSR","Status":"Complete","OnStreetName":"Jefferson St","FromStreetName":"12th Ave N","ToStreetName":"Rosa Parks Blvd","YearCompleted":2008,"District":"19"}},{"type":"Feature","id":163,"geometry":{"type":"LineString","coordinates":[[-86.7913688403835,36.1732761148018],[-86.7925811544022,36.1751475790772],[-86.7927208337024,36.1753474724039],[-86.7931337061088,36.1758698514153],[-86.7936133352859,36.1765377278339],[-86.7938749077301,36.1769294678449],[-86.7946740323672,36.178131775306],[-86.7951863127339,36.17888527597],[-86.7958761776623,36.179923756801],[-86.7963134724397,36.1805890396462],[-86.7970120905962,36.181617440184],[-86.7975209724429,36.1823795375185],[-86.7977013375786,36.1826722553717],[-86.7978341129446,36.1829812500776],[-86.7978988541289,36.1832552997159],[-86.7979340821024,36.1835328644922]]},"properties":{"OBJECTID":163,"BikewayType":"SSR","Status":"Complete","OnStreetName":"Rosa L Parks Blvd","FromStreetName":"I-65","ToStreetName":"Jefferson St","YearCompleted":2007,"District":"19"}},{"type":"Feature","id":164,"geometry":{"type":"LineString","coordinates":[[-86.7984751342853,36.1879502640363],[-86.7984526307689,36.1875118843348],[-86.7983847458812,36.1863200323698],[-86.7983342571538,36.185766222998],[-86.7982312752301,36.1852172141542],[-86.7979340821024,36.1835328644922]]},"properties":{"OBJECTID":164,"BikewayType":"SSR","Status":"Complete","OnStreetName":"Rosa L Parks Blvd","FromStreetName":"Dominican Dr","ToStreetName":"I-65","YearCompleted":2007,"District":"02, 19, 21"}},{"type":"Feature","id":165,"geometry":{"type":"LineString","coordinates":[[-86.7900300386969,36.183292139752],[-86.789447551387,36.1823981473737],[-86.7891756847314,36.1819766572106],[-86.7887170787179,36.181263081352],[-86.788300051909,36.1806332887328]]},"properties":{"OBJECTID":165,"BikewayType":"BL","Status":"Complete","OnStreetName":"3rd Ave N","FromStreetName":"Garfield St","ToStreetName":"Van Buren St","YearCompleted":2013,"District":"19"}},{"type":"Feature","id":166,"geometry":{"type":"LineString","coordinates":[[-86.7900300386969,36.183292139752],[-86.7906185010867,36.1842264739531],[-86.7909739886335,36.1847726031038],[-86.7910727238901,36.1849228003887],[-86.7912033156232,36.1850560605759],[-86.7914020999207,36.185226449529],[-86.7921895356372,36.185872281372],[-86.7927220083886,36.1863182830685],[-86.7936534254826,36.1870931203993],[-86.7942200050283,36.1875651225387],[-86.7944720708139,36.1877673472488]]},"properties":{"OBJECTID":166,"BikewayType":"SSR","Status":"Complete","OnStreetName":"3rd Ave N","FromStreetName":"I-65","ToStreetName":"Garfield St","YearCompleted":2011,"District":"19"}},{"type":"Feature","id":167,"geometry":{"type":"LineString","coordinates":[[-86.7944720708139,36.1877673472488],[-86.7947727780281,36.1880164666814],[-86.7949666618968,36.1881729533785],[-86.7951889476886,36.1883022634485],[-86.7953319186722,36.1883602769131],[-86.7954817511157,36.1884055030906],[-86.7956367105073,36.1884374184248],[-86.795795002976,36.1884556534503],[-86.7961202508358,36.1884546065524],[-86.7964402191558,36.1884072836311],[-86.797000870701,36.1882867383807],[-86.7977434251125,36.1881184888216],[-86.7984751342853,36.1879502640363]]},"properties":{"OBJECTID":167,"BikewayType":"SSR","Status":"Complete","OnStreetName":"Dominican Dr","FromStreetName":"Rosa L Parks Blvd","ToStreetName":"I-65","YearCompleted":2011,"District":"02, 19, 21"}},{"type":"Feature","id":168,"geometry":{"type":"LineString","coordinates":[[-86.8162532531673,36.1802950260662],[-86.8111705728586,36.1800865339538],[-86.8108822317635,36.1800548836131],[-86.8096236433822,36.1800289930295],[-86.8092189840799,36.1800342554399],[-86.8088157328745,36.1800621021121],[-86.8066538900093,36.1801990055251],[-86.8039021717744,36.180387721122],[-86.8023534002643,36.1804972465047],[-86.8020169492062,36.1805191142522],[-86.8016796034684,36.18052817075],[-86.8013247685349,36.1804895688707],[-86.8009795598417,36.1804126337479],[-86.8004396035846,36.1802459542039],[-86.7992625654238,36.1799060776469],[-86.7989793244132,36.1798444227751],[-86.7986880951127,36.1798164031519],[-86.7984448187484,36.1798211733016],[-86.7982061447117,36.1798596522222],[-86.7980326992412,36.1798950415419],[-86.7978637393401,36.1799426008568],[-86.7977005615048,36.1800019652274],[-86.7975444178719,36.1800726791291],[-86.7972848451377,36.1801893350521],[-86.7968010301878,36.1803923820126],[-86.7963076556589,36.180579703041],[-86.7950927313694,36.1811124149934]]},"properties":{"OBJECTID":168,"BikewayType":"PBL","Status":"Complete","OnStreetName":"Buchanan/Garfield St","FromStreetName":"23rd Ave N","ToStreetName":"7th Ave N","YearCompleted":2021,"District":"19, 21"}},{"type":"Feature","id":169,"geometry":{"type":"LineString","coordinates":[[-86.8320140726244,36.1941467589438],[-86.8290616324565,36.1923793306107],[-86.8285729745676,36.1920904810992],[-86.8257389988204,36.190390113987],[-86.8252048567597,36.1900889623648],[-86.8246568144327,36.1898046972501],[-86.8241604516596,36.1895457656437],[-86.823675268078,36.1892732684728],[-86.8232018276351,36.1889875225347],[-86.8227406806082,36.1886888600255],[-86.8215511868364,36.1879999179379]]},"properties":{"OBJECTID":169,"BikewayType":"SSR","Status":"Complete","OnStreetName":"Clarksville Pike","FromStreetName":"County Hospital Rd","ToStreetName":"Rosa L Parks Blvd","YearCompleted":2010,"District":"02, 21"}},{"type":"Feature","id":170,"geometry":{"type":"LineString","coordinates":[[-86.8137827802487,36.1685261082134],[-86.8130059161405,36.1686255362825],[-86.8116518858147,36.1687968031627],[-86.8100821158227,36.1690100412044],[-86.8094697666514,36.1690928421201],[-86.8076062472226,36.1693414023919],[-86.8069130339579,36.1694259228126],[-86.8066060429395,36.1694771207146],[-86.806305501617,36.1695492136483],[-86.8051468278933,36.1698466795874],[-86.804614354002,36.1699766145261],[-86.8034262225881,36.1702706830578],[-86.8027823522392,36.1704371208913],[-86.8013155867026,36.1708081358824],[-86.8006511696088,36.1709794681862],[-86.7991935122483,36.1713437129745]]},"properties":{"OBJECTID":170,"BikewayType":"SSR","Status":"Complete","OnStreetName":"Jefferson St","FromStreetName":"Jefferson St","ToStreetName":"12th Ave N","YearCompleted":2008,"District":"19, 21"}},{"type":"Feature","id":171,"geometry":{"type":"LineString","coordinates":[[-86.8145743837744,36.1684301527994],[-86.8137827802487,36.1685261082134]]},"properties":{"OBJECTID":171,"BikewayType":"SSR","Status":"Complete","OnStreetName":"Jefferson St","FromStreetName":"I-40","ToStreetName":"Jefferson St","YearCompleted":2008,"District":"21"}},{"type":"Feature","id":172,"geometry":{"type":"LineString","coordinates":[[-86.8207692524257,36.1678597474037],[-86.8202913893397,36.1677591082708],[-86.8201228636024,36.1677433495226],[-86.8199540422563,36.1677568689165],[-86.818670904426,36.1679139076465],[-86.816741808134,36.1681578079022],[-86.8145743837744,36.1684301527994]]},"properties":{"OBJECTID":172,"BikewayType":"SSR","Status":"Complete","OnStreetName":"Jefferson St","FromStreetName":"Ed Temple Blvd","ToStreetName":"I-40","YearCompleted":2008,"District":"21"}},{"type":"Feature","id":173,"geometry":{"type":"LineString","coordinates":[[-86.8179272135108,36.1499050465546],[-86.8172407663155,36.1493650295708],[-86.8170059635148,36.1492164252097],[-86.8167585931754,36.1490818993865],[-86.8166293910313,36.1489916852088],[-86.8165152272344,36.148888991883],[-86.8164179198789,36.1487754548867],[-86.8163390185854,36.1486528823848],[-86.8162900103216,36.148550137705],[-86.8162601174718,36.1484426735029],[-86.8162430612869,36.1483060451551],[-86.8162446574704,36.1481687243995],[-86.816284086765,36.1475427314471],[-86.8163178426372,36.1470512688068],[-86.8163707742451,36.146366044332],[-86.8164365607347,36.1455586394882],[-86.8164670437423,36.1452064612583],[-86.8165096167693,36.1446577084091],[-86.8165427473672,36.1442772544208],[-86.8165503943858,36.144161914258],[-86.816533765847,36.1440471975639],[-86.8164326029518,36.1438732083234],[-86.8162169653978,36.143595479537]]},"properties":{"OBJECTID":173,"BikewayType":"PBL","Status":"Complete","OnStreetName":"31st Ave N","FromStreetName":"Park Plz","ToStreetName":"Pathenon Ave","YearCompleted":2024,"District":"21"}},{"type":"Feature","id":174,"geometry":{"type":"LineString","coordinates":[[-86.7984751342853,36.1879502640363],[-86.7985416781093,36.1892804431985],[-86.7985800773017,36.1898219700071],[-86.7985916021894,36.1900083605783],[-86.7986204329797,36.1901935160329],[-86.7986664056275,36.1903763820783],[-86.798729258476,36.1905559174513],[-86.7988302656011,36.190827018471],[-86.7989599764512,36.1910899716969],[-86.7990391496558,36.1912326283842],[-86.7991320523499,36.1913697364758],[-86.7992380974833,36.1915004294866],[-86.7993566149394,36.1916238814689],[-86.7996390848223,36.1918990953078],[-86.7999543987501,36.192149779866],[-86.8002783295299,36.1923784233817],[-86.8006364439831,36.1925706717643],[-86.8009843039681,36.1927269859442],[-86.8013506300286,36.1928525617498],[-86.8018063338961,36.1929805031828],[-86.8022771123255,36.1930653151507],[-86.8043887931218,36.1933564941557],[-86.8058617830239,36.1935584245346],[-86.806546538526,36.1936297924478],[-86.8072350263468,36.1936713416459],[-86.8077007081723,36.1936940560071],[-86.8081672242398,36.1936918135449],[-86.8094260526015,36.193662395842],[-86.8112519397575,36.1936196189995],[-86.8115852511109,36.1935992527638],[-86.8119164881388,36.1935629150545],[-86.8122444869899,36.1935107335494],[-86.8125680951963,36.1934428915958],[-86.8129216303867,36.1933511842872],[-86.8132673769241,36.1932416923074],[-86.8147990892854,36.1927429993968],[-86.8159087565979,36.1923997536571],[-86.8172643323108,36.1919403716849],[-86.8177030667294,36.1917706675231],[-86.8181177086013,36.191564978567],[-86.8185403300576,36.1913010716333],[-86.8189261951151,36.191002454785],[-86.819163470129,36.1907877614954],[-86.819365739963,36.1905506899297],[-86.8201096306159,36.1896604732343],[-86.8207374841847,36.1889293786153],[-86.8215511868364,36.1879999179379]]},"properties":{"OBJECTID":174,"BikewayType":"BL","Status":"Complete","OnStreetName":"Rosa L Parks Blvd","FromStreetName":"Clarksville Pike","ToStreetName":"Dominican Dr","YearCompleted":2010,"District":"02"}},{"type":"Feature","id":175,"geometry":{"type":"LineString","coordinates":[[-86.7908727222772,36.1929655282766],[-86.7899433079263,36.1919233435657],[-86.7897900645227,36.1917862677579],[-86.7895996776579,36.1916842709054],[-86.7894037706629,36.1916310439965],[-86.7891977581685,36.1916182225131],[-86.7890427059387,36.1916365837973],[-86.7888935567413,36.1916755328396],[-86.7882801693432,36.191880799439],[-86.7879569297922,36.1919703691201],[-86.7876287384052,36.1920472025652],[-86.7869114307262,36.1922159404073],[-86.7863712095488,36.1923243825192],[-86.7856700574242,36.1924615311073],[-86.7854749711874,36.1924797793034],[-86.7852810357248,36.1924547366208]]},"properties":{"OBJECTID":175,"BikewayType":"SSR","Status":"Completed","OnStreetName":"Great Circle Rd","FromStreetName":"Vantage Way","ToStreetName":"Dead End","YearCompleted":2024,"District":"02"}},{"type":"Feature","id":176,"geometry":{"type":"LineString","coordinates":[[-86.7908727222772,36.1929655282766],[-86.7915453625698,36.1936862757477],[-86.7918355094327,36.1940182172655],[-86.7919629258756,36.1941851981076],[-86.7920755741555,36.1943590139658],[-86.7921728989177,36.1945388080815],[-86.7922544203286,36.1947236942226],[-86.7923515480032,36.1950005545321],[-86.7924138799365,36.1952839218058],[-86.7924924695286,36.195729623847],[-86.7925530364418,36.1959977692963],[-86.7926375293507,36.1962616287498],[-86.792833868855,36.196773027313],[-86.7930182890463,36.1972690047784],[-86.7930674636131,36.1973805964878],[-86.7931319518268,36.1974869413045],[-86.793210919745,36.1975866639113],[-86.7933033461537,36.1976784746286],[-86.7933935447017,36.1977562487056],[-86.7934940609255,36.1978252132858],[-86.7936035932053,36.1978844753058],[-86.7937207231571,36.1979332673449],[-86.794166387043,36.1980746046503],[-86.7950709087587,36.198352418885],[-86.7956743257821,36.1985284810679],[-86.7966828045793,36.198756713712],[-86.7978559869307,36.1989790811717],[-86.7982626743632,36.1990467385171],[-86.7999795469637,36.1993549112134],[-86.8011304913075,36.1995583172529],[-86.8023743871137,36.1997885174224],[-86.8037817854338,36.2000390773882],[-86.8041057202292,36.2000869976278],[-86.8044341468768,36.2001062707319],[-86.8047791393238,36.200106484776],[-86.8051223165696,36.2000778384898],[-86.805393482516,36.2000394590445],[-86.8056590011618,36.1999806040773],[-86.805927800619,36.1999036205833],[-86.8061875692356,36.1998084255955],[-86.8071071328932,36.1993897474657],[-86.8079929900363,36.1989844029566],[-86.8081335411278,36.1989273944305],[-86.8082663368802,36.1988592579503],[-86.8083900406032,36.1987806793722],[-86.8085034071366,36.1986924496593],[-86.8086034241301,36.1985995619675],[-86.8086913370855,36.198498951574],[-86.8087662444299,36.1983916503214],[-86.808827377983,36.1982787586687],[-86.808887532049,36.1981542722057],[-86.8089302820568,36.1980251465751],[-86.8089551006912,36.1978929747829],[-86.8089616818592,36.1977593874077],[-86.8089465286113,36.1975341882515],[-86.8088938726776,36.197312729436],[-86.8087131707883,36.1966140609867],[-86.8085420623933,36.1959904419359],[-86.8084705727967,36.1957555205532],[-86.8083579247484,36.1955314472215],[-86.8082366580431,36.1953683261256],[-86.808082666776,36.1952244843192],[-86.8078936275604,36.1950775351171],[-86.8076943724584,36.1949397387948],[-86.8074869099027,36.194782892243],[-86.8073219536907,36.1945958062091],[-86.8071969839221,36.1944015785085],[-86.8071136869082,36.1941931880768],[-86.806993873715,36.1936602071441]]},"properties":{"OBJECTID":176,"BikewayType":"SSR","Status":"Complete","OnStreetName":"Great Circle Rd","FromStreetName":"Rosa L Parks Blvd","ToStreetName":"Vantage Way","YearCompleted":2006,"District":"02"}},{"type":"Feature","id":177,"geometry":{"type":"LineString","coordinates":[[-86.7982626743632,36.1990467385171],[-86.7983323472137,36.1987250902794],[-86.7984307144158,36.1984084043774],[-86.7985850633894,36.198052955096],[-86.7987720015621,36.1977079372553],[-86.7992895105373,36.1967449507686],[-86.7995550429069,36.1962357510194],[-86.7999640577995,36.1954852322388],[-86.8001518379691,36.1951944857033],[-86.8003583819449,36.1949122229539],[-86.8006011787659,36.194646347475],[-86.8008591218645,36.1943900145564],[-86.8013045512346,36.1939845386242],[-86.8014593902539,36.1938122044879],[-86.8015786045418,36.1936221689213],[-86.8017256192229,36.1933095700964],[-86.8018327976688,36.1929865049795]]},"properties":{"OBJECTID":177,"BikewayType":"SSR","Status":"Complete","OnStreetName":"Athens Way","FromStreetName":"Great Circle Rd","ToStreetName":"Rosa L Parks Blvd","YearCompleted":2006,"District":"02"}},{"type":"Feature","id":178,"geometry":{"type":"LineString","coordinates":[[-86.8330063902355,36.161185561603],[-86.8330500598721,36.161248883825],[-86.8333042544768,36.1618203924711],[-86.8333542776565,36.1619588346611],[-86.8333895338069,36.162100235931],[-86.8335597888987,36.1627429086054],[-86.8337074573257,36.1633628446236],[-86.8338011588723,36.1637723534382],[-86.8339535568344,36.1643941643325],[-86.8341358011711,36.1651693384397],[-86.8342612594876,36.1656662985988]]},"properties":{"OBJECTID":178,"BikewayType":"BL","Status":"Complete","OnStreetName":"39th Ave N","FromStreetName":"John L Driver Ave","ToStreetName":"Clare Ave","YearCompleted":2015,"District":"21"}},{"type":"Feature","id":179,"geometry":{"type":"LineString","coordinates":[[-86.8350257645449,36.1661259163985],[-86.8349290467541,36.1661177417646],[-86.8348336540306,36.1661024384234],[-86.8347403838236,36.1660801343056],[-86.8346500158371,36.1660510158657],[-86.8345691512541,36.1660229576929],[-86.8344942783316,36.1659855307326],[-86.8344270364987,36.1659395544958],[-86.8343688980851,36.1658860356895],[-86.834328640179,36.1658359682688],[-86.8342969339667,36.1657820111032],[-86.8342743404778,36.165725118975],[-86.8342612594876,36.1656662985988]]},"properties":{"OBJECTID":179,"BikewayType":"SSR","Status":"Complete","OnStreetName":"39th Ave N","FromStreetName":"Dr Walter S Davis Blvd","ToStreetName":"John L Driver Ave","YearCompleted":2015,"District":"21"}},{"type":"Feature","id":180,"geometry":{"type":"LineString","coordinates":[[-86.822584967241,36.173821947267],[-86.8233020069276,36.1733568564827],[-86.8236373697236,36.1731790209316],[-86.8239897207623,36.1730242788624],[-86.8243329964901,36.1729153937958],[-86.8246862189056,36.1728299444416],[-86.8249740528133,36.1727805790896],[-86.8252647224518,36.1727437216692],[-86.8266148149332,36.1726140610384],[-86.8272861893719,36.1725498450521],[-86.8277434599683,36.1724976362632],[-86.8281951035081,36.1724196125094],[-86.8285841788167,36.1723404168168],[-86.8289667645137,36.172242622331],[-86.8293826059241,36.172115102026],[-86.8297888785337,36.1719687037252],[-86.8302616838477,36.1717689910741],[-86.8307167557343,36.1715438213717],[-86.831194110049,36.1712659298173],[-86.8316533410257,36.1709686396922],[-86.8325588968982,36.1703805501907],[-86.8336104647053,36.16969486775],[-86.8342895865628,36.1692514046078],[-86.8345439656508,36.1690721220945],[-86.8347693552457,36.1688689329325],[-86.8349419196767,36.1686444003847],[-86.8350688191339,36.1684006682855],[-86.8351268180134,36.1682089653854],[-86.8351514917073,36.1680125949967],[-86.8351492509134,36.1677676214441],[-86.8351051906361,36.167525260109],[-86.835020670937,36.1671788818676],[-86.8349660742306,36.1669619137512],[-86.8349351975163,36.1667418952509],[-86.8349337252041,36.1665861249419],[-86.834948417399,36.1664308062618],[-86.834979169868,36.1662770401159],[-86.8350257645449,36.1661259163985]]},"properties":{"OBJECTID":180,"BikewayType":"WOL","Status":"Complete","OnStreetName":"Dr Walter S Davis Blvd","FromStreetName":"39th Ave N","ToStreetName":"Ed Temple Blvd","YearCompleted":2010,"District":"21"}},{"type":"Feature","id":181,"geometry":{"type":"LineString","coordinates":[[-86.8350257645449,36.1661259163985],[-86.8351574073072,36.1659034163899],[-86.8353185418086,36.165694062442],[-86.8355053559973,36.1655251463467],[-86.8357160294679,36.165375824552],[-86.8359301021663,36.1652651564148],[-86.8361573757687,36.1651734141522],[-86.8365221847023,36.1650755008292],[-86.8377670009262,36.1647654500125],[-86.8385002687917,36.1645819877178],[-86.8394624955965,36.1643587750136],[-86.8399142362863,36.1642507084986]]},"properties":{"OBJECTID":181,"BikewayType":"WOL","Status":"Complete","OnStreetName":"Dr Walter S Davis Blvd","FromStreetName":"44th Ave N","ToStreetName":"39th Ave N","YearCompleted":2007,"District":"21"}},{"type":"Feature","id":182,"geometry":{"type":"LineString","coordinates":[[-86.8235231791403,36.1528808890287],[-86.8229388170845,36.1529498241295],[-86.8224529520842,36.1530310674177],[-86.8219715139665,36.1531281097444],[-86.8208054809525,36.1533780569404]]},"properties":{"OBJECTID":182,"BikewayType":"BL","Status":"Complete","OnStreetName":"Charlotte Ave","FromStreetName":"33rd Ave N","ToStreetName":"31st Ave N/City Ave","YearCompleted":2021,"District":"21, 24"}},{"type":"Feature","id":183,"geometry":{"type":"LineString","coordinates":[[-86.8399142362863,36.1642507084986],[-86.8436686860417,36.1633121638657],[-86.8450641268283,36.1629573454114],[-86.8465570434245,36.1625889504935],[-86.8477231188353,36.1622927027267],[-86.8483050187747,36.1621483972311],[-86.8484293947332,36.1621268318367],[-86.8485564370196,36.1621219061362],[-86.848682782942,36.1621337505083],[-86.8488050882396,36.1621620514434],[-86.8489653746089,36.1622244294321],[-86.8491112966853,36.1623067900096]]},"properties":{"OBJECTID":183,"BikewayType":"SSR","Status":"Complete","OnStreetName":"Centennial Blvd","FromStreetName":"51st Ave","ToStreetName":"44th Ave N","YearCompleted":2008,"District":"20, 21"}},{"type":"Feature","id":184,"geometry":{"type":"LineString","coordinates":[[-86.8491112966853,36.1623067900096],[-86.848564001764,36.1519857793618]]},"properties":{"OBJECTID":184,"BikewayType":"PBL","Status":"Complete","OnStreetName":"51st Ave N","FromStreetName":"Centennial Blvd","ToStreetName":"Charlotte Ave","YearCompleted":2017,"District":"20, 24"}},{"type":"Feature","id":185,"geometry":{"type":"LineString","coordinates":[[-86.8480623198651,36.1431700839915],[-86.8480113685583,36.1431357883379],[-86.8479456085245,36.1431295310122],[-86.8478399670145,36.1431344463028],[-86.8474859430827,36.1431490808779],[-86.8469201902939,36.1431766758478],[-86.8462871920023,36.1432032941819],[-86.8455585624186,36.1432134577953],[-86.8455243843974,36.1432145994861],[-86.8442422728697,36.1432574066918]]},"properties":{"OBJECTID":185,"BikewayType":"SSR","Status":"Complete","OnStreetName":"Nebraska Ave","FromStreetName":"51st Ave N","ToStreetName":"48th Ave N","YearCompleted":2004,"District":"24"}},{"type":"Feature","id":186,"geometry":{"type":"LineString","coordinates":[[-86.848564001764,36.1519857793618],[-86.8484445939468,36.1497581770083],[-86.8483827951617,36.1484922308151],[-86.8481076814278,36.1434338878531],[-86.848096435182,36.1432536641119],[-86.8480883811924,36.1432094563147],[-86.8480623198651,36.1431700839915]]},"properties":{"OBJECTID":186,"BikewayType":"BBL","Status":"Complete","OnStreetName":"51st Ave N","FromStreetName":"Charlotte Ave","ToStreetName":"Wyoming Ave","YearCompleted":2016,"District":"24"}},{"type":"Feature","id":187,"geometry":{"type":"LineString","coordinates":[[-86.8495578530552,36.1452523234474],[-86.8419065232934,36.1455244548919]]},"properties":{"OBJECTID":187,"BikewayType":"SSR","Status":"Complete","OnStreetName":"Wyoming Ave","FromStreetName":"Golf Course","ToStreetName":"46th Ave N","YearCompleted":2004,"District":"24"}},{"type":"Feature","id":188,"geometry":{"type":"LineString","coordinates":[[-86.8268465787208,36.1400900348546],[-86.8251270625779,36.1399282752491],[-86.8190956779532,36.1393591498482]]},"properties":{"OBJECTID":188,"BikewayType":"BL","Status":"Complete","OnStreetName":"Murphy Rd","FromStreetName":"Bowling Ave","ToStreetName":"I-440","YearCompleted":2015,"District":"18, 21, 24"}},{"type":"Feature","id":189,"geometry":{"type":"LineString","coordinates":[[-86.8223293850654,36.132696637287],[-86.8227286101646,36.1335744299292],[-86.8231351837826,36.1344455772117],[-86.8235284289801,36.1353122264558],[-86.8235305120919,36.1353168168738]]},"properties":{"OBJECTID":189,"BikewayType":"BL","Status":"Complete","OnStreetName":"Elmington Ave","FromStreetName":"West End Ave","ToStreetName":"Richardson Ave","YearCompleted":2013,"District":"18, 24"}},{"type":"Feature","id":190,"geometry":{"type":"LineString","coordinates":[[-86.8475912586217,36.1249825397198],[-86.8462747823892,36.1235425171288],[-86.8451792174413,36.1223469027367],[-86.8435227076575,36.120536954429],[-86.8429784712063,36.1199541012132],[-86.8421953080026,36.1191068195578],[-86.8413746762835,36.1182168704227],[-86.8406682486526,36.1174520301462],[-86.8405260611132,36.1173033697093],[-86.8403638725134,36.1171688625802],[-86.840183806742,36.1170502700759],[-86.8399882217493,36.1169491451105],[-86.8398051891554,36.1168817270862],[-86.8396145945515,36.1168299085811],[-86.8394184513149,36.1167942369856],[-86.8392188314262,36.1167750891199],[-86.8387825061253,36.1167254377232],[-86.8339776049832,36.1162900857623],[-86.8308877532144,36.11599833103]]},"properties":{"OBJECTID":190,"BikewayType":"BL","Status":"Complete","OnStreetName":"Woodmont Blvd","FromStreetName":"Harding Pike","ToStreetName":"Lynnbrook Rd","YearCompleted":2006,"District":"24, 25"}},{"type":"Feature","id":191,"geometry":{"type":"LineString","coordinates":[[-86.842216315471,36.1522056395087],[-86.8438924280556,36.1521378783531],[-86.8472090524199,36.1520182994303]]},"properties":{"OBJECTID":191,"BikewayType":"BBL","Status":"Complete","OnStreetName":"Charlotte Ave","FromStreetName":"50th Ave N","ToStreetName":"46th Ave N","YearCompleted":2021,"District":"24"}},{"type":"Feature","id":192,"geometry":{"type":"LineString","coordinates":[[-86.8536149759743,36.1512043485559],[-86.855316208177,36.1507867945206],[-86.8573162340242,36.1502992510181],[-86.8579089237003,36.1501543887389],[-86.8597473640651,36.1497088623975],[-86.8604257288862,36.1495521887364],[-86.8610088317064,36.1494211663502],[-86.8615182385414,36.1493269149598],[-86.8617941251917,36.1492810670476],[-86.8635027224058,36.1490323872758]]},"properties":{"OBJECTID":192,"BikewayType":"SSR","Status":"Complete","OnStreetName":"Charlotte Pike","FromStreetName":"Westboro Dr","ToStreetName":"54th Ave N","YearCompleted":2006,"District":"20, 24"}},{"type":"Feature","id":193,"geometry":{"type":"LineString","coordinates":[[-86.8410241764614,36.1410735289981],[-86.8409924172235,36.1409774820934],[-86.8409267939358,36.1408934858787],[-86.8406696291366,36.1406234285899],[-86.8405327401806,36.1404918798856],[-86.8404197389536,36.1403461666177],[-86.8403610731013,36.1402298988511],[-86.8403310638574,36.1401066508866],[-86.8402568408131,36.1396493167686],[-86.8402528726234,36.1395181001284],[-86.8403023434474,36.1393931283083],[-86.8403353195277,36.1393440213184],[-86.8403807556333,36.139301965682],[-86.8407698919331,36.1389868664415],[-86.8414111683913,36.138468505843],[-86.8416419565783,36.138247508283],[-86.8417626238239,36.1381196427861],[-86.8418616666761,36.1379800878014],[-86.8419378625364,36.1378383946839],[-86.8419938280985,36.1376906242239],[-86.8420281295945,36.1375262587889],[-86.8420432378418,36.1373600060534],[-86.842029114473,36.1371631771846],[-86.8419847077253,36.1369693335691],[-86.8419029501066,36.1367445551087]]},"properties":{"OBJECTID":193,"BikewayType":"WOL","Status":"Complete","OnStreetName":"Sloan Rd","FromStreetName":"Murphy Rd","ToStreetName":"Richland Creek Greenway","YearCompleted":2005,"District":"24"}},{"type":"Feature","id":194,"geometry":{"type":"LineString","coordinates":[[-86.8419029501066,36.1367445551087],[-86.8417740994697,36.1364669050194],[-86.8416302787755,36.1361941346917],[-86.841197655385,36.1354831887396],[-86.8407261778691,36.1347667896899],[-86.8401470247323,36.1338751517393],[-86.839404699938,36.1327299667285],[-86.8389725840521,36.1320633636686],[-86.8384830714349,36.1313055886181],[-86.8377833486891,36.1303162378721]]},"properties":{"OBJECTID":194,"BikewayType":"BL","Status":"Complete","OnStreetName":"Cherokee Rd","FromStreetName":"Richland Creek Greenway","ToStreetName":"West End Ave","YearCompleted":2012,"District":"24"}},{"type":"Feature","id":195,"geometry":{"type":"LineString","coordinates":[[-86.8519701399809,36.1279935698488],[-86.8517509242889,36.1286288940272],[-86.8522194451485,36.1288995815692],[-86.8527919823198,36.1292482248865],[-86.8525513997577,36.1305168410015],[-86.8523627989523,36.1314158090532],[-86.8528088313301,36.1314746921564],[-86.8532905641203,36.1315327695252],[-86.8532821005916,36.1317349880147],[-86.8532784582082,36.1318452451619],[-86.8532597354388,36.1319083330833],[-86.8532332553152,36.131929394441],[-86.8531983384412,36.1319395289913],[-86.8530004731717,36.131956757401]]},"properties":{"OBJECTID":195,"BikewayType":"SSR","Status":"Complete","OnStreetName":"Lion's Head Shopping Center","FromStreetName":"Richland Creek Greenway","ToStreetName":"White Bridge","YearCompleted":2012,"District":"24"}},{"type":"Feature","id":196,"geometry":{"type":"LineString","coordinates":[[-86.8707374892507,36.1460901204323],[-86.8720302778529,36.1450183614995],[-86.8730845740822,36.1441441842102],[-86.8735686711839,36.1437314750977],[-86.8743763719347,36.1430703243453],[-86.8746845697508,36.14284003763],[-86.8750032924356,36.1426193778328],[-86.8753320831489,36.1424086611779],[-86.8756704706339,36.1422081896379],[-86.8762629768844,36.1419039028194],[-86.8768754756719,36.1416268842606],[-86.8771892076315,36.1414994319597],[-86.8774943172484,36.1413588817551],[-86.8778367499419,36.141183124165],[-86.8781649627123,36.1409903430623],[-86.8784732576352,36.1407890036242],[-86.8787541008377,36.1405627788782],[-86.879220134722,36.1401694941865],[-86.8798440525338,36.1396703849704],[-86.8805544008276,36.139090009237]]},"properties":{"OBJECTID":196,"BikewayType":"BL","Status":"Complete","OnStreetName":"Charlotte Pike","FromStreetName":"Annex Ave / Hillwood Blvd","ToStreetName":"Westboro Dr","YearCompleted":2015,"District":"20"}},{"type":"Feature","id":197,"geometry":{"type":"LineString","coordinates":[[-86.8830503509983,36.1409124787274],[-86.8821656681439,36.1403523578427],[-86.8818296588956,36.1401257269948],[-86.8815065863496,36.1398870413498],[-86.8811013172458,36.1395491155961],[-86.8805544008276,36.139090009237]]},"properties":{"OBJECTID":197,"BikewayType":"BL","Status":"Complete","OnStreetName":"Annex Ave","FromStreetName":"Mall Entrance","ToStreetName":"Charlotte Pike","YearCompleted":2012,"District":"20"}},{"type":"Feature","id":198,"geometry":{"type":"LineString","coordinates":[[-86.8893582515614,36.144037056391],[-86.8892799108543,36.1438569489021],[-86.8891870569362,36.1436814377279],[-86.8890800964224,36.1435112912685],[-86.888959497679,36.1433472544322],[-86.8887453088608,36.1431194344598],[-86.8885018574468,36.1429118491659],[-86.888283989341,36.1427572910785],[-86.8880477935802,36.1426215957],[-86.8877957420326,36.1425061830802],[-86.8875304724602,36.1424122610045],[-86.8873799976263,36.1423644821829],[-86.8850967917609,36.1417244804896]]},"properties":{"OBJECTID":198,"BikewayType":"SSR","Status":"Complete","OnStreetName":"Annex Ave","FromStreetName":"Cleeces Ferry Rd","ToStreetName":"I-40","YearCompleted":2012,"District":"20"}},{"type":"Feature","id":199,"geometry":{"type":"LineString","coordinates":[[-86.8893582515614,36.144037056391],[-86.8894254047562,36.1443084398281],[-86.889462868236,36.1445835621612],[-86.8894658978748,36.1448834181554],[-86.8894225240088,36.1451812134637],[-86.8893164096765,36.1455942051939],[-86.8891891731119,36.1460032526654],[-86.889137659926,36.146154375327],[-86.8890705040769,36.1463014023537],[-86.8889881910125,36.1464432707484],[-86.8888913157757,36.1465789548052],[-86.8886668819845,36.1467880465889],[-86.8884224588265,36.1469818362214],[-86.8880155783564,36.1472745664243],[-86.8877206072949,36.1474689746012],[-86.887403685008,36.1476391490537],[-86.8867621070137,36.1479789081513],[-86.8864925854436,36.1481335203429],[-86.8862424250185,36.148308230291],[-86.8860385877102,36.1484944397016],[-86.8858527252481,36.1486926358386],[-86.8855193597725,36.1491195492855],[-86.8850137323769,36.1497873822398],[-86.8844487403591,36.1505379187463],[-86.8838936435739,36.1512538013664],[-86.883176450311,36.1522009862079],[-86.8825187447911,36.1530785770685]]},"properties":{"OBJECTID":199,"BikewayType":"SSR","Status":"Complete","OnStreetName":"Annex Ave","FromStreetName":"American Rd","ToStreetName":"Cleeces Ferry Rd","YearCompleted":2012,"District":"20"}},{"type":"Feature","id":200,"geometry":{"type":"LineString","coordinates":[[-86.8834661631276,36.1367620901343],[-86.8839323886604,36.1364740851799],[-86.8844243799272,36.1362158204879],[-86.885187626202,36.1358539551866],[-86.890584408446,36.133753896853],[-86.8934692983181,36.1326461167926],[-86.8955610038005,36.1318771747291],[-86.8987478539981,36.1306573302054]]},"properties":{"OBJECTID":200,"BikewayType":"BL","Status":"Complete","OnStreetName":"Charlotte Pike","FromStreetName":"I-40","ToStreetName":"Summerly Dr","YearCompleted":2015,"District":"20, 23"}},{"type":"Feature","id":201,"geometry":{"type":"LineString","coordinates":[[-86.8805544008276,36.139090009237],[-86.8815201866171,36.1383129930413],[-86.8830246095818,36.1371060891274],[-86.8834661631276,36.1367620901343]]},"properties":{"OBJECTID":201,"BikewayType":"BL","Status":"Complete","OnStreetName":"Charlotte Pike","FromStreetName":"Summerly Dr","ToStreetName":"Annex Ave / Hillwood Dr","YearCompleted":2015,"District":"20, 23"}},{"type":"Feature","id":202,"geometry":{"type":"LineString","coordinates":[[-86.8857505013399,36.1419077260904],[-86.8859431163398,36.1418425988012],[-86.8861197269482,36.141752436788],[-86.8862770614034,36.1416620632824],[-86.8864245266517,36.1415613340152],[-86.886728598829,36.1413051343077],[-86.8870629122113,36.140992910315],[-86.8872370090932,36.1408680644228],[-86.8874254255563,36.1407577413656],[-86.8876073683924,36.140662268938],[-86.8877768076813,36.1405526992898],[-86.8879891515741,36.1403758649584],[-86.8882243354195,36.1401909929902],[-86.8884415663884,36.1400570454895],[-86.8886119988561,36.1399723262413],[-86.8887917321826,36.1399013717453],[-86.8890692841524,36.1397984560574],[-86.8894565027483,36.1396439385533],[-86.8897176811743,36.139496787174],[-86.8902637172903,36.1391121687388],[-86.8908103653866,36.1387039358994],[-86.8913788934281,36.1382812300589],[-86.892000809435,36.1378223574688],[-86.8924993380132,36.1374502417468],[-86.8928894274247,36.1371604810262],[-86.8930582776807,36.137039044969],[-86.8932102550365,36.1369102441936],[-86.8933471811749,36.1367707783367],[-86.8934560827406,36.1365732385497],[-86.8936458730113,36.1361969650535],[-86.8937331433038,36.1360733610721],[-86.8938452093245,36.1359636994967],[-86.893966452221,36.1358556615056],[-86.8940995261039,36.1357572116102],[-86.8946995294197,36.1353135104628],[-86.8953485289847,36.1348358183657],[-86.8959574459905,36.1343495976522],[-86.8963744143202,36.1339954783947],[-86.8967130323074,36.1336800959586],[-86.8974561165204,36.132945818568],[-86.8975741303124,36.1328229194589],[-86.8977169425174,36.1327187664656],[-86.8979399697048,36.1326031383149],[-86.8981862643781,36.132524500693],[-86.8983463339442,36.1324940611977],[-86.8985103533878,36.1324848867971],[-86.899128963926,36.1324945858624],[-86.8993558156086,36.1324738022148],[-86.8995774021898,36.1324292415705],[-86.899760491498,36.1323642242234],[-86.8999153246876,36.1322617029977],[-86.9000349924149,36.1321362080057],[-86.9001345907826,36.1319996620866],[-86.9002384619426,36.1318304409251],[-86.9003187946938,36.1316529893271],[-86.9003697536047,36.1314719322198],[-86.9003757803562,36.1312862802239],[-86.9003420747485,36.1311079873793],[-86.9002929815978,36.130932061549],[-86.9002729411075,36.1308499026712],[-86.9002729935589,36.1307661507776],[-86.9002931368835,36.1306840084543],[-86.9003326007634,36.1306066167294],[-86.9004620253702,36.1304929763729],[-86.9007073352556,36.1303291072182],[-86.9007640549139,36.1302784360067],[-86.9007845423782,36.1302120394045],[-86.9007805087667,36.1300841976218]]},"properties":{"OBJECTID":202,"BikewayType":"SSR","Status":"Complete","OnStreetName":"Cabot Dr","FromStreetName":"Annex Ave","ToStreetName":"Charlotte Pike","YearCompleted":2012,"District":"20, 35"}},{"type":"Feature","id":203,"geometry":{"type":"LineString","coordinates":[[-86.8701974001771,36.1038675008113],[-86.8702305224378,36.1040174145125],[-86.8702483086132,36.1041690333164],[-86.8702418306572,36.1043062136771],[-86.8702107384771,36.1044411561352],[-86.8701064787755,36.1046947771222],[-86.8699587125172,36.1049337396136],[-86.8692217791064,36.1060679551652],[-86.8685644877578,36.1070699579446],[-86.8679978591605,36.1079479439188],[-86.8678016762954,36.1082397331078],[-86.8674964422153,36.1087138729003],[-86.8671406674118,36.1092478657142],[-86.8663966011243,36.1103821134837],[-86.8657774499501,36.1113308865121],[-86.8651392167617,36.1123098400514],[-86.864795697109,36.1128259594235],[-86.8646131030167,36.1130673152832],[-86.8644104612709,36.1132978972414],[-86.8641108531874,36.1135748828312],[-86.8638500456904,36.1137887465648],[-86.8636206649744,36.1139916548634],[-86.8634495859062,36.1141549310732],[-86.8632904338858,36.1143259640738],[-86.8631381614074,36.1145342296953],[-86.8630188481537,36.1147561931449],[-86.8628235721142,36.1151772909149],[-86.8627533693663,36.1153161028399],[-86.8622132514677,36.1159180376033],[-86.8616138360308,36.1165814411656],[-86.8611746586118,36.11706150972],[-86.8605438376815,36.1177575628632],[-86.8600733620157,36.1182798197635],[-86.8599613210431,36.1184302884097],[-86.8598886818057,36.1185959116329],[-86.8598324373795,36.1187694262955],[-86.8597913648092,36.1189457194909],[-86.8597243227338,36.1193773438131],[-86.8596144374015,36.120086846925],[-86.859532794461,36.1206902700022],[-86.8594493871888,36.1213480755504],[-86.8593855333126,36.1216691677418],[-86.8592787264319,36.1219826562932],[-86.859174850668,36.1222137383001],[-86.8590461448187,36.1224364435986],[-86.8589303059209,36.1226019296579],[-86.8587956686465,36.1227577706124],[-86.8586603050793,36.1228955725196],[-86.8585128597197,36.1230249571559],[-86.8583338220301,36.1231576129565],[-86.858145281333,36.1232812997642],[-86.857962459413,36.123369862912],[-86.8577708214518,36.1234451660353],[-86.8574925990912,36.1235195762709],[-86.8572066622537,36.1235712707593],[-86.8568322843859,36.1236340237538],[-86.8565162831409,36.12376790058],[-86.8563744371101,36.1238472056072],[-86.8562441811769,36.1239386663999],[-86.856113443036,36.1240578507663],[-86.8559940518496,36.1241846302854],[-86.8557999405395,36.1243920412371],[-86.8557029098591,36.1245114534654],[-86.8555890773716,36.1246206661421],[-86.8549046928019,36.1255045103846],[-86.8547915684677,36.1256401190574],[-86.8546576257484,36.1257626115636],[-86.8545115410132,36.1258704347283],[-86.8543407277079,36.125950859755],[-86.8540898925914,36.1260301842596],[-86.8538337905379,36.1260975277852],[-86.8536668661434,36.1261498943423],[-86.8535103055689,36.1262202420499],[-86.8533376977172,36.1263660558381],[-86.853192329663,36.1265302582597],[-86.8531379858791,36.1265853424254],[-86.8519701399809,36.1279935698488]]},"properties":{"OBJECTID":203,"BikewayType":"BL","Status":"Complete","OnStreetName":"Post Rd","FromStreetName":"White Bridge Pike","ToStreetName":"Old Harding Pike","YearCompleted":2012,"District":"23, 24"}},{"type":"Feature","id":204,"geometry":{"type":"LineString","coordinates":[[-86.8758876994299,36.0972128708333],[-86.8759457035789,36.0972751438368],[-86.8759874488069,36.0973454726471],[-86.8760203418417,36.0974328033894],[-86.8760179212846,36.097524101943],[-86.8759704540676,36.0976096230704],[-86.8759052694477,36.097687078076],[-86.875738195334,36.0978576037915],[-86.8741519097196,36.0993914883251],[-86.8727495310515,36.1007666321353],[-86.8722483325196,36.1012576847998],[-86.870762769864,36.102770763639],[-86.8702950672322,36.1032873220824],[-86.8702146054205,36.1034237322442],[-86.8701835929004,36.1035728559077],[-86.8701793161409,36.103720523386],[-86.8701974001771,36.1038675008113]]},"properties":{"OBJECTID":204,"BikewayType":"SSR","Status":"Complete","OnStreetName":"Old Harding Pike","FromStreetName":"Post Rd","ToStreetName":"Harding Pike","YearCompleted":2012,"District":"23"}},{"type":"Feature","id":205,"geometry":{"type":"LineString","coordinates":[[-86.8576886470277,36.0535682195872],[-86.8562755952719,36.055460854398],[-86.8546964567424,36.0574513595522],[-86.8530681899326,36.0593835571577],[-86.852670118571,36.0598006075401],[-86.852254314386,36.060206091343],[-86.8518212865448,36.0605995117793],[-86.8513715653406,36.0609803868346],[-86.8487809884366,36.0631709918603],[-86.8477657979819,36.0640938564087],[-86.8465691922065,36.0653589965576],[-86.8445457488863,36.0675933330751],[-86.8441046942297,36.0681019757309],[-86.8431631242675,36.0693248707639],[-86.842201589303,36.0707563237677],[-86.8416331283078,36.0717189360914],[-86.8403955281913,36.0738448130882]]},"properties":{"OBJECTID":205,"BikewayType":"BL","Status":"Complete","OnStreetName":"Hillsboro Pike","FromStreetName":"5836 Hillsboro Pike","ToStreetName":"6242 Hillsboro Pike","YearCompleted":2010,"District":"34"}},{"type":"Feature","id":206,"geometry":{"type":"LineString","coordinates":[[-86.8776206888242,36.096376181905],[-86.8758876994299,36.0972128708333]]},"properties":{"OBJECTID":206,"BikewayType":"BL","Status":"Complete","OnStreetName":"Harding Pk/Hwy 70 S","FromStreetName":"Percy Warner Blvd","ToStreetName":"Old Harding Pike","YearCompleted":2013,"District":"23"}},{"type":"Feature","id":207,"geometry":{"type":"LineString","coordinates":[[-86.8776206888242,36.096376181905],[-86.8772408148066,36.0958461603027],[-86.8770793168502,36.0955897897325],[-86.8770261778862,36.0954415744812],[-86.8770078164013,36.0952879332064],[-86.8770172115577,36.0951182556145],[-86.877064055222,36.0949527163486],[-86.8771272249528,36.0948243293348],[-86.8772082066267,36.0947027071941],[-86.8778538021218,36.0938843574415],[-86.8782516020536,36.0933763858159],[-86.8789615185786,36.0924781509172],[-86.879582975373,36.0916854836871],[-86.8801696421844,36.0909359902034],[-86.8809837297941,36.0898974788197],[-86.8813321695379,36.0894479426184],[-86.8813500034477,36.0894235440027],[-86.8816415750467,36.0889977504891],[-86.8819194099385,36.0885659490396],[-86.8821250122996,36.0882338635589],[-86.8821606568321,36.0881741641747],[-86.8824282063511,36.0876870482698],[-86.8826122205045,36.0873256141499],[-86.8829062753238,36.0866879444184],[-86.8832605011207,36.0857815543218],[-86.883704511314,36.0846276913236],[-86.8841070930491,36.0835802486819],[-86.884219716636,36.0832729910748],[-86.8842892141643,36.0831168226107],[-86.8843793676362,36.0829677732124],[-86.884509981611,36.0828419130288],[-86.8846646877068,36.0827355573805],[-86.8848347192045,36.0826635416169],[-86.8850143439018,36.0826089881428],[-86.8852952077342,36.0825835554907],[-86.885496028795,36.082580032062]]},"properties":{"OBJECTID":207,"BikewayType":"SSR","Status":"Complete","OnStreetName":"Percy Warner Blvd","FromStreetName":"Harding Pike","ToStreetName":"Vaughns Gap Rd","YearCompleted":2012,"District":"23"}},{"type":"Feature","id":208,"geometry":{"type":"LineString","coordinates":[[-86.9065751571829,36.1286591879755],[-86.9060707421298,36.1288728780787],[-86.9055499404064,36.1290589104285],[-86.9051114938897,36.1291633561255],[-86.9046679390549,36.1292524855991],[-86.9033217991739,36.1295071156722],[-86.9023729050513,36.129687104837],[-86.9019825988364,36.1297603547933],[-86.9016002705409,36.1298574234073],[-86.9007944249558,36.1300804471039],[-86.8998478393281,36.1303355159074],[-86.8987478539981,36.1306573302054]]},"properties":{"OBJECTID":208,"BikewayType":"BL","Status":"Complete","OnStreetName":"Charlotte Pike","FromStreetName":"River Rd","ToStreetName":"I-40","YearCompleted":2015,"District":"20, 22, 23, 35"}},{"type":"Feature","id":209,"geometry":{"type":"LineString","coordinates":[[-86.9065751571829,36.1286591879755],[-86.9072435529758,36.1281920151006],[-86.9074609884801,36.12801868476],[-86.9076556272145,36.1278283541469],[-86.9078279074215,36.1276246688155],[-86.9079806628321,36.1274109766582],[-86.9085157897578,36.1267044258258],[-86.9092474071898,36.125709554604],[-86.9093538179496,36.1255772995204],[-86.9096382975844,36.1251935504975],[-86.9099492524388,36.1248235679562],[-86.9102501667289,36.1245188743256],[-86.9105631502169,36.1242222920393],[-86.910985965238,36.123867317277],[-86.9114370756965,36.1235360621746],[-86.912109304617,36.1231017410127],[-86.9125698626507,36.1228519036021],[-86.9130473251272,36.1226239108757],[-86.9141759476243,36.1221589378286],[-86.9153536833598,36.1216721189592],[-86.91610649884,36.1213473354114],[-86.916547971967,36.1211422861228],[-86.9169709085602,36.1209129572082],[-86.9174211344563,36.1206474259807],[-86.9178515863395,36.1203611233816],[-86.9184917348847,36.1199369646947],[-86.9186074059649,36.119859329911],[-86.9196676428801,36.1191110782016],[-86.9208542256196,36.1183293914596],[-86.9220421490275,36.1175133432469],[-86.9232056459955,36.116721794013],[-86.9258669572919,36.1149076651027]]},"properties":{"OBJECTID":209,"BikewayType":"BL","Status":"Complete","OnStreetName":"Charlotte Pike","FromStreetName":"Sawyer Brown Rd","ToStreetName":"River Rd","YearCompleted":2015,"District":"22, 35"}},{"type":"Feature","id":210,"geometry":{"type":"LineString","coordinates":[[-86.9046225246238,36.0623187931914],[-86.9041887691144,36.0625085543025],[-86.9037674123308,36.0627159170991],[-86.9034349116847,36.0628947022668],[-86.9031107492345,36.063083313014],[-86.9027289817682,36.0633319848579],[-86.9023602436416,36.0635932980179],[-86.9017913394227,36.0640601876174],[-86.9013468401021,36.0644903733565],[-86.9010840563943,36.0647735961153],[-86.9008379063765,36.0650665054147],[-86.9005977646391,36.0653878491164],[-86.8998281527891,36.0664434325522],[-86.8995119334949,36.06688811795],[-86.8989970711813,36.067599681153],[-86.8984968715166,36.06830212688],[-86.898028256088,36.0689411403718],[-86.8976782912981,36.0694044034862],[-86.8970402735601,36.070151736104],[-86.8965962841015,36.0706294331225],[-86.8961517882451,36.0710655597201],[-86.8954960651591,36.0716558754886],[-86.8947249436568,36.0723030832885],[-86.8939178950215,36.0729760095784],[-86.8934304059726,36.0733790585682],[-86.8928114247727,36.0738899752904],[-86.892484526661,36.0741531925192],[-86.8921445290979,36.0744052369694],[-86.8917267119838,36.0746908548687],[-86.8912915225586,36.0749588332221],[-86.8903020943301,36.0755289304754],[-86.8893242673121,36.0760870114715],[-86.8882384783872,36.0767114583028],[-86.8874947021234,36.0771337800308],[-86.886472116173,36.0777384295827],[-86.8861106820598,36.0779900241186],[-86.8857753021434,36.0782643670021],[-86.8853412549221,36.0786982303287],[-86.8850212608452,36.0790861836359],[-86.8848507255005,36.0793298298711],[-86.884693621824,36.0795793563785],[-86.8845495416182,36.0798509630447],[-86.8844221496685,36.0801280109495],[-86.8838438931489,36.0816226800003],[-86.8821177664859,36.0861376860438],[-86.88183428083,36.0868487898507],[-86.8816784067719,36.0871949935524],[-86.8815034460141,36.0875351361405],[-86.8813195527816,36.0878645696775],[-86.8811122614937,36.0881847205512],[-86.8808851552042,36.0885178247243],[-86.880636525957,36.0888406452303],[-86.8804289418081,36.089100735126],[-86.880208901539,36.0893539896835],[-86.8788092217594,36.0907765229803],[-86.8776198309689,36.0919846619695],[-86.8766523413665,36.0929732328683],[-86.8758040974496,36.0939065590397],[-86.8753000037145,36.0945104813737],[-86.8751150815935,36.0947328440314],[-86.874906350739,36.0949890415218],[-86.8739860613549,36.0961613444287],[-86.87345494501,36.0968274173083],[-86.8732495110506,36.0970840655239],[-86.8731364923257,36.0972339252029],[-86.8721698532137,36.0984714120841],[-86.871868935148,36.0988971060342],[-86.8716723625497,36.0992306303943],[-86.8715258811321,36.0995807108569]]},"properties":{"OBJECTID":210,"BikewayType":"SSR","Status":"Complete","OnStreetName":"Hwy 100","FromStreetName":"Old Hickory Blvd","ToStreetName":"Harding Pike","YearCompleted":2012,"District":"23, 34"}},{"type":"Feature","id":211,"geometry":{"type":"LineString","coordinates":[[-86.885496028795,36.082580032062],[-86.8854611527348,36.0812341169907],[-86.8854077671362,36.0796071985217],[-86.8854067700056,36.079458412664],[-86.8854256106107,36.07931041273],[-86.8854649372181,36.0791489187806],[-86.8854630034799,36.0790785741957],[-86.8854293543556,36.0790137304679],[-86.8853290917133,36.0789245713184],[-86.8852124598961,36.0788496729057]]},"properties":{"OBJECTID":211,"BikewayType":"SSR","Status":"Complete","OnStreetName":"Vaughns Gap Rd","FromStreetName":"Percy Warner Blvd","ToStreetName":"Hwy 100","YearCompleted":2012,"District":"23, 34"}},{"type":"Feature","id":212,"geometry":{"type":"LineString","coordinates":[[-86.9046225246238,36.0623187931914],[-86.9051381269526,36.0621274576064],[-86.9056650207831,36.0619576097687],[-86.906105052381,36.0618372671038],[-86.9065524182731,36.0617363150922],[-86.907058895986,36.0616420483415],[-86.9075708403909,36.0615698296893],[-86.9085232161991,36.0614839602306],[-86.9093207092087,36.06141499036],[-86.9107238728129,36.0612999461334],[-86.9128172035866,36.061131490514],[-86.9143805007677,36.0609975432642],[-86.9149045298347,36.0609515782319],[-86.9154247527193,36.0608827825187],[-86.9158068929562,36.0608265880177],[-86.9161845275778,36.0607530046865],[-86.9166103245293,36.0606422950734],[-86.9170275997593,36.0605119388473],[-86.9174015743495,36.0603802281131],[-86.9177692469005,36.060237298815],[-86.9181249329529,36.060087546951],[-86.9184704882131,36.059922899105],[-86.9203390220964,36.0589623951149],[-86.9211470054258,36.0585346059186],[-86.9233326286639,36.0573694068312],[-86.9249225684145,36.0565044440858],[-86.9263635254825,36.0557607951548],[-86.9275473316176,36.0551297586286],[-86.9294877085706,36.0541036918659],[-86.9312248436067,36.0531802760091],[-86.9329269476379,36.0522780909159],[-86.9353855222714,36.0509789196675],[-86.9376711525037,36.0497630773414],[-86.9397769676189,36.0486439813293],[-86.9406849489498,36.048168324467],[-86.9416148935072,36.0477215338096],[-86.9420942856243,36.0475140468371],[-86.9425827178035,36.0473209664316],[-86.943113650813,36.04711922433],[-86.9436540701116,36.0469348432956],[-86.9442541632737,36.0467434192869],[-86.9448619003707,36.0465686248042],[-86.9458204960673,36.0463326491912],[-86.9465467335268,36.0461816468011],[-86.947277686004,36.0460464833864],[-86.9486139393204,36.045814193051],[-86.9505311955166,36.0454688418491]]},"properties":{"OBJECTID":212,"BikewayType":"SSR","Status":"Complete","OnStreetName":"Hwy 100","FromStreetName":"Temple Rd","ToStreetName":"Old Hickory Blvd","YearCompleted":2012,"District":"34, 35"}},{"type":"Feature","id":213,"geometry":{"type":"LineString","coordinates":[[-86.9588515987883,36.0437700648879],[-86.9592179815633,36.0435426832226],[-86.9595595545993,36.0432911150051],[-86.9597833283736,36.043072745074],[-86.9599786682129,36.0428370644293],[-86.9603533739477,36.0423533183083],[-86.9611111120761,36.0413471229583],[-86.9613337622127,36.0410783700892],[-86.961571584713,36.0408183323927],[-86.962220969097,36.040177857883],[-86.9632311376228,36.039216850265],[-86.9636698464986,36.0387840914985],[-86.9645368185501,36.0379300992197],[-86.9654668571159,36.0370484087687],[-86.9660189604857,36.036526020639],[-86.9662628923435,36.0363037161569],[-86.9665468772211,36.0360855419163],[-86.9668586355588,36.0358940095633],[-86.9671500669808,36.0357414883213],[-86.9674594813131,36.0356144663348],[-86.967823878444,36.0354936884763],[-86.9682021115218,36.0354053217078],[-86.9692499251937,36.0352309205207],[-86.9705826016938,36.0350141515567],[-86.9716163483191,36.0348427046779],[-86.9730580302436,36.0346092904026],[-86.9735145826554,36.0345562573447],[-86.9739749058277,36.0345332021866],[-86.974393460571,36.0345244138521],[-86.9748117532091,36.0345393117126],[-86.9758958182442,36.0345934940015],[-86.9777270585456,36.0346673599879],[-86.9794878970723,36.0347460634651],[-86.9797856218548,36.0347627045015],[-86.9800840427357,36.0347644862586],[-86.980382036557,36.0347514020304],[-86.9806784817687,36.0347235010616],[-86.9811533910368,36.0346387066573],[-86.9816130306432,36.0345098504108],[-86.982416486273,36.0342371653162]]},"properties":{"OBJECTID":213,"BikewayType":"BL","Status":"Complete","OnStreetName":"Hwy 100","FromStreetName":"Old Harding Pike","ToStreetName":"Collins Rd","YearCompleted":2015,"District":"35"}},{"type":"Feature","id":214,"geometry":{"type":"LineString","coordinates":[[-87.0454824603418,36.0124960251739],[-87.0452488449235,36.0126845663069],[-87.0449948972294,36.0128548730076],[-87.0447227650816,36.0130055047866],[-87.0444347501512,36.0131351875615],[-87.0439157767333,36.0133231012909],[-87.0433795865948,36.0134758141384],[-87.0406691820827,36.0142862319789],[-87.0375639579607,36.0152120728979],[-87.0347042758002,36.0160641815262],[-87.0338329787032,36.0163252179046],[-87.0329676082156,36.0165989634324],[-87.0324427928795,36.016796607521],[-87.0319291292883,36.0170127269418],[-87.0314276022686,36.017246907375],[-87.0309391734045,36.0174986998728],[-87.0306496126508,36.0176747993706],[-87.0303722352605,36.0178633995084],[-87.0301078579834,36.0180639450042],[-87.0298572593116,36.0182758454018],[-87.029350579036,36.0187359986928],[-87.0288772791707,36.0192190434143],[-87.027702491381,36.0205359159205],[-87.0266522480363,36.0217253234578],[-87.0256534046445,36.0228508495465],[-87.0247760826344,36.0238408335151],[-87.0237274460768,36.0250249536716],[-87.0233837467584,36.0253512774975],[-87.0230098459235,36.0256549003786],[-87.0226956830043,36.0258685524648],[-87.0223597898058,36.0260591475075],[-87.021939997045,36.0262647282675],[-87.0214956103967,36.026432775418],[-87.0212189067166,36.0265240950455],[-87.0209359677214,36.0266017919877],[-87.0206478088117,36.0266655874049],[-87.0203554641296,36.0267152523468],[-87.020000838945,36.0267564412931],[-87.0196444453764,36.0267858852499],[-87.0192868727428,36.0268035355298],[-87.0189287123144,36.026809362947],[-87.0166608274093,36.0268781253553],[-87.0145994975431,36.0269374733391],[-87.0140772402055,36.0269584833671],[-87.0135562683008,36.0269949031005],[-87.0129603620302,36.0270716136867],[-87.0123695189789,36.0271708600646],[-87.0113555531654,36.0273596625203],[-87.009450752142,36.0277247642269],[-87.0071622271149,36.028159816448],[-87.0047395209308,36.0286188384129],[-87.0023777963432,36.0290734878597],[-87.0003345703371,36.0294567663061],[-86.9978836984145,36.0299235140276],[-86.9972921607427,36.0300638845726],[-86.9967156742604,36.030240813789],[-86.9962318022582,36.0304078303021],[-86.9957600911494,36.0305964100981],[-86.9944824677723,36.0311192044456],[-86.9932696573519,36.0316142652311],[-86.9928389456188,36.0317826301466],[-86.9923999411766,36.0319362168326],[-86.992020017453,36.0320536563924],[-86.9916328546592,36.0321542978702],[-86.9911444900654,36.0322671681108],[-86.9906470475543,36.0323498477924],[-86.9902170037531,36.0324117284559],[-86.9897834113716,36.0324542426939],[-86.9885164814106,36.0325676641972],[-86.9879106456436,36.0326428765355],[-86.9873083511245,36.0327349633251],[-86.9867376719559,36.0328567881518],[-86.9861736211089,36.0329975152959],[-86.9854284302468,36.0332186913602],[-86.9846943660247,36.0334631900591],[-86.9830769307153,36.034010101813],[-86.982416486273,36.0342371653162]]},"properties":{"OBJECTID":214,"BikewayType":"BL","Status":"Complete","OnStreetName":"Hwy 100","FromStreetName":"County Line","ToStreetName":"Old Harding Pike","YearCompleted":2015,"District":"35"}},{"type":"Feature","id":215,"geometry":{"type":"LineString","coordinates":[[-87.0309391734045,36.0174986998728],[-87.0296996854983,36.0161274050395],[-87.0294548399696,36.0158331740823],[-87.0292310728501,36.0155280657534],[-87.0290170193653,36.0151880575739],[-87.0288375733464,36.0148350791342],[-87.0286938930043,36.0144936741218],[-87.0285820707135,36.0141444893629],[-87.0284976114799,36.0137983897261],[-87.0284453772153,36.013448114854],[-87.0283682075343,36.0125878759889],[-87.0283245923474,36.0120257915032],[-87.0282959169155,36.0115894051555],[-87.0282329035967,36.0108636587142],[-87.0281918131056,36.0102964365131],[-87.0281400982691,36.0096112764721],[-87.0281144126103,36.0093514915204],[-87.0280901475514,36.008903518447],[-87.0280485618994,36.0084563865184],[-87.0280045102999,36.0079550093976],[-87.0279563469519,36.0073377839514],[-87.0279527693383,36.0072999354009],[-87.0279204885657,36.0069156249109],[-87.0278660830391,36.0065329652714],[-87.0278265406033,36.006296175404],[-87.0277704722921,36.0060615985395],[-87.0276856251669,36.0057622111132],[-87.0275808182182,36.0054670270296],[-87.0274265245274,36.0051062903577],[-87.0272472814506,36.0047532509181],[-87.0269400598617,36.0042586483033],[-87.0267418827378,36.0039906900622],[-87.0265311382208,36.0037291399149],[-87.0260937974925,36.003271414963],[-87.0258120975972,36.0030192936065],[-87.0255194987441,36.0027755063921],[-87.0252201488194,36.0025584211643],[-87.024906557554,36.0023550440204],[-87.0245530345998,36.002144904678],[-87.0241866967407,36.0019497963615],[-87.0233359347232,36.0015206161063],[-87.0220598866514,36.000882796441],[-87.0208857407089,36.0002941790616],[-87.0196436614533,35.9996703554608],[-87.0184857985293,35.9990899232493],[-87.0174694851394,35.9985806948973],[-87.0171690703343,35.9984349752847],[-87.0162444697837,35.9979689863794],[-87.0159017099382,35.9977957285122]]},"properties":{"OBJECTID":215,"BikewayType":"BBL","Status":"Complete","OnStreetName":"Hwy 96","FromStreetName":"Hwy 100","ToStreetName":"County Line","YearCompleted":2014,"District":"35"}},{"type":"Feature","id":216,"geometry":{"type":"LineString","coordinates":[[-86.9209085641504,36.0744888927885],[-86.9214305143984,36.0743289089177],[-86.9219696082625,36.0742122633601],[-86.922623421375,36.0741120423585],[-86.9233571561365,36.0740254080182],[-86.9240965062554,36.0739800939051],[-86.9261990702358,36.0739219871816],[-86.9282384313838,36.0738853163575],[-86.9303364470227,36.0738405270478],[-86.9320725039156,36.0737908690193],[-86.9326787495105,36.0737825475384],[-86.9332850545302,36.0737872109813],[-86.9339150468532,36.0738245609571],[-86.9345404405278,36.0738966727616],[-86.9351858548288,36.0740071201026],[-86.9358195372124,36.0741557447453],[-86.9366471214194,36.0743877877506],[-86.9428869531116,36.0762128291737],[-86.9452384918452,36.0769018477641],[-86.9475308853486,36.0775996460544],[-86.9515250944209,36.0787395184965],[-86.9520005824055,36.0788790958002],[-86.9524636474925,36.0790439156413],[-86.9529458563509,36.0792670054676],[-86.9534024071022,36.0795232125498],[-86.9539117877622,36.0798153630936],[-86.9542899583062,36.080042732507],[-86.9569872475888,36.0816357290462]]},"properties":{"OBJECTID":216,"BikewayType":"BL","Status":"Complete","OnStreetName":"Hwy 70 S","FromStreetName":"I-40","ToStreetName":"Sawyer Brown Rd","YearCompleted":2013,"District":"22, 23, 34"}},{"type":"Feature","id":217,"geometry":{"type":"LineString","coordinates":[[-86.9258669572919,36.1149076651027],[-86.9268798319267,36.1142107148587],[-86.9277424168208,36.1136317610203],[-86.9288899642641,36.1128431386945],[-86.929684039818,36.1122890222684],[-86.9309874139407,36.1114090379602],[-86.9319950377428,36.1107230527384],[-86.9333104664783,36.1098229181597],[-86.9346871368108,36.1088850932488],[-86.9350090560506,36.108670838709],[-86.9352341989679,36.108526504576],[-86.9354713132789,36.1083954000815],[-86.9357603831879,36.1082475293143],[-86.9360640526065,36.1081203782287],[-86.9364074839255,36.1079859792388],[-86.9367611128098,36.1078702976764],[-86.9370389678258,36.1077921766324],[-86.937321899412,36.1077271519085],[-86.937643897013,36.1076603036919],[-86.937971192592,36.1076133625829],[-86.9390873603693,36.1074673191331],[-86.9404147364768,36.1072895711749],[-86.9411329840797,36.1071923958324],[-86.9414540513856,36.1071475411461],[-86.9417699763352,36.1070829748274],[-86.9420566115594,36.106991763852],[-86.9423300013915,36.1068768560557],[-86.9425631617335,36.1067512054995],[-86.9427781693269,36.1066057919807],[-86.9429499236447,36.1064637301546],[-86.943109700204,36.106312745446],[-86.943262253757,36.1061389015419],[-86.9433999314833,36.1059570645894],[-86.9437127060953,36.1055697297043],[-86.9439251119928,36.105348246471],[-86.9441678905379,36.1051483700654],[-86.9444106292405,36.1049852380635],[-86.9446756275198,36.1048467848878],[-86.9449871333811,36.104721955482],[-86.9453184560344,36.104637141675],[-86.9455361999668,36.1045911222576],[-86.9457583572636,36.1045621522348],[-86.9470528558296,36.1044418207768],[-86.9475160312638,36.1043966895647],[-86.9478146457897,36.1043554630782],[-86.9481090374138,36.1042975955549],[-86.9484051336036,36.1042172731365],[-86.9486940660924,36.1041212967725],[-86.9489929558999,36.1039950360301],[-86.9492779475344,36.1038491403763],[-86.9494994160327,36.1037233131811],[-86.9496924747731,36.1035697300241],[-86.9503334823311,36.1030624648325],[-86.9507302693304,36.1027746057352],[-86.95103633112,36.102570802997],[-86.9513603450636,36.1023861787659],[-86.9516875895935,36.1022175889983],[-86.9520282774563,36.1020675597274],[-86.9527409468528,36.1018043855539],[-86.9534221373731,36.1015629177052],[-86.9538336846102,36.1014082444775],[-86.9542363257304,36.1012388369601],[-86.9546332275809,36.1010632948235],[-86.9550200393957,36.100873498909],[-86.9555806469659,36.1005757411262],[-86.9567974480844,36.099866423721],[-86.9572512118148,36.0996281694169],[-86.9575658156262,36.0994887758932],[-86.9578879865808,36.0993612739033],[-86.9582219517336,36.0992519518848],[-86.9585625367977,36.0991570304511],[-86.9590654615756,36.0990485819024],[-86.9603656906582,36.0988279040404],[-86.9620038466126,36.0985601619718],[-86.9636419405521,36.0982881051489],[-86.9647185899021,36.0980963515867],[-86.965652079182,36.0978756882175],[-86.9664232581698,36.0976463032371],[-86.9668813215012,36.0974879572127],[-86.9673324945134,36.0973170792382],[-86.9678056653707,36.0971147793267],[-86.9682634547005,36.096890377571],[-86.9689644880275,36.096548504554],[-86.9703662721669,36.0958432856554],[-86.9717662866754,36.0951394947651],[-86.9730944588157,36.0944734692079],[-86.974529434492,36.093749332034],[-86.976250041471,36.0928869380471],[-86.9765672337448,36.0927327029143],[-86.9769875937415,36.0925440622052],[-86.9774213931881,36.0923766617247],[-86.9777942269596,36.0922464358615],[-86.9781746637321,36.0921316062971],[-86.9785578396377,36.0920281137467],[-86.9789480242881,36.0919436157225],[-86.979461472033,36.0918463365569],[-86.9799807315636,36.0917721128055],[-86.9804924480459,36.0917249485424],[-86.9810057323548,36.0916908066044],[-86.9818570896287,36.0916810154196],[-86.9839828380971,36.0916565322836],[-86.9855532948429,36.0916336909389],[-86.9871502263519,36.0916134731282],[-86.989883465084,36.0915796189664],[-86.9920314831493,36.0915505190626],[-86.9940713615089,36.0915203644014],[-86.9944007085545,36.0915212146424],[-86.9947296795806,36.0915340131601],[-86.9950497866931,36.091573896668],[-86.9953621645183,36.0916432593096],[-86.9956354402374,36.0917283302434],[-86.9958952354443,36.0918377421476],[-86.9962107649565,36.0920064652498],[-86.9964974809556,36.0922062119717],[-86.9968916051955,36.0925663834394],[-86.9978197468055,36.0934758635774],[-86.9988781589369,36.0945087392623],[-86.9990792377007,36.0946958033834],[-86.999298745455,36.0948686836317],[-86.9996034632395,36.0950582746574],[-86.9999307995849,36.0952211498511],[-87.000267802566,36.0953596026344],[-87.0006180262934,36.0954744279377],[-87.0009285378931,36.095556504337],[-87.0012474038543,36.0956137168929],[-87.0015844929348,36.095638143373],[-87.0019228818655,36.0956338610319],[-87.0024071282394,36.0955883422489],[-87.0028360757983,36.0955291648885],[-87.0032622944676,36.0954581797062],[-87.0045834229327,36.0952311262349],[-87.0065396774045,36.0949014624732],[-87.00744040764,36.0947508583183],[-87.0078422385893,36.0946804616507],[-87.0082387857032,36.094592517427],[-87.0086141062838,36.0944929565417],[-87.0089781526167,36.0943688481256],[-87.0094202973834,36.0941957313318],[-87.0098425062365,36.093992459566],[-87.0109406749668,36.093426666494],[-87.0114754457725,36.0931501259178],[-87.0119928886932,36.0928526639744],[-87.0136126959433,36.0918603737621],[-87.0140272081961,36.0916022020054],[-87.0142850501109,36.0914552429837],[-87.0145578549717,36.0913273121536],[-87.0148340195281,36.0912158727053],[-87.0151193420549,36.0911208398117],[-87.0154948833837,36.0910232245265],[-87.0158787244309,36.0909498990923],[-87.016152132894,36.090916897107],[-87.0164281726622,36.0909052055626],[-87.0168275424512,36.0909041556173],[-87.0172253495122,36.0909328226923],[-87.0176135494538,36.0909925899872],[-87.0179923764471,36.0910837399748],[-87.0183355021406,36.0911860465937],[-87.0186635021071,36.0913170200563],[-87.0202542945419,36.0920547541713],[-87.0221112556803,36.0929247098393],[-87.0232286917231,36.0934517919962],[-87.0244933193229,36.0940448634381],[-87.0256710906209,36.0946000278262],[-87.0272940771258,36.0953631505697],[-87.02892767053,36.0961261610847],[-87.0302975651114,36.0967635823947],[-87.0306918213053,36.0969230641896],[-87.0311051752619,36.0970466602721],[-87.0315846959411,36.0971314867277],[-87.0320729400557,36.0971719250851],[-87.0323105084171,36.0971728377516],[-87.0325476742517,36.0971615819855],[-87.0327834921781,36.0971382026541],[-87.0330170221896,36.097102792951],[-87.0333951743926,36.0970172726884],[-87.0337619544417,36.0969037241153],[-87.0340617027054,36.0967809150313],[-87.0343485338004,36.0966392375404],[-87.0346174616368,36.096484186846],[-87.034868453413,36.0963104549035],[-87.0357961688485,36.0955279350839],[-87.0362634197164,36.0951271037853],[-87.0365326161513,36.0949039374128],[-87.0368267337551,36.0947025523238],[-87.0371560857616,36.0945240484136],[-87.0375112788745,36.0943818817222],[-87.0379045125539,36.094267092483],[-87.0383100755065,36.0941853059969]]},"properties":{"OBJECTID":217,"BikewayType":"SSR","Status":"Complete","OnStreetName":"Charlotte Pike","FromStreetName":"County Line","ToStreetName":"Sawyer Brown Rd","YearCompleted":2007,"District":"22, 35"}},{"type":"Feature","id":218,"geometry":{"type":"LineString","coordinates":[[-86.9209085641504,36.0744888927885],[-86.9196843906297,36.0748753218363],[-86.9175295829207,36.0756009498122],[-86.915115412377,36.0764220728099],[-86.9134598671815,36.0769763341926],[-86.9126182870085,36.0772617306236],[-86.9116187343986,36.0776083284174],[-86.9106072389545,36.077931296539],[-86.9093633187765,36.0782975674428],[-86.908102746023,36.0786241866377],[-86.9048151867673,36.0794591396619],[-86.9034675862438,36.0798015584725],[-86.901731295728,36.0802434386477],[-86.9010530626882,36.0804204962861],[-86.9003914364137,36.0806350019271],[-86.9000451974282,36.080747363721],[-86.8997047774655,36.0808708881373],[-86.899370722406,36.081005377108],[-86.8990435679315,36.0811506149825],[-86.8984503044422,36.0814527608135],[-86.8978803193726,36.0817831188782],[-86.8975992809661,36.0819819969524],[-86.8973326546781,36.0821935472306],[-86.8968298722747,36.0826246240667],[-86.8958151055948,36.0835059173196],[-86.8949500359077,36.0843250430506],[-86.8946760122879,36.0846189626527],[-86.8945300817048,36.084808912185],[-86.8940600986575,36.0855210748935],[-86.8936371948331,36.0862524254425],[-86.8929831979139,36.0873489794528],[-86.8925433981949,36.0880561949085],[-86.8924063182336,36.0882503680801],[-86.8921412294186,36.0885838186096],[-86.8918477653627,36.0889012273668],[-86.8915461581451,36.0892122410003],[-86.891212830671,36.0895011385492],[-86.8909557366004,36.0897142585184],[-86.890681546511,36.0899128454508],[-86.8904701948339,36.0900583301199],[-86.890247492825,36.0901921970272],[-86.8899482716283,36.0903757368723],[-86.8896386339513,36.0905475190864],[-86.8848407754454,36.0928761280384],[-86.8816915469789,36.0944029735621],[-86.8800023059454,36.0952203809729],[-86.8776206888242,36.096376181905]]},"properties":{"OBJECTID":218,"BikewayType":"BL","Status":"Complete","OnStreetName":"Harding Pk/Hwy 70 S","FromStreetName":"Old Hickory Blvd","ToStreetName":"Percy Warner Blvd","YearCompleted":2013,"District":"23, 34"}},{"type":"Feature","id":219,"geometry":{"type":"LineString","coordinates":[[-86.9216736083893,36.074270466961],[-86.9230095593415,36.0738140517262],[-86.9239331839975,36.0735179514249],[-86.9251869184326,36.0731162912092],[-86.9265072584429,36.0726840583136],[-86.9270038037292,36.072492803462],[-86.9282458128148,36.0719953369315],[-86.928797520263,36.0717544336389],[-86.9293308304967,36.0714876203759],[-86.9297935701293,36.0712282012074],[-86.9302392383082,36.0709497797928],[-86.9305814273414,36.0707175145073],[-86.9309015221102,36.0704653416911],[-86.9317564699212,36.069729017035],[-86.932884947532,36.0687244371285],[-86.9332460628436,36.0684097232555],[-86.9335152367464,36.068190561719],[-86.9338015188669,36.0679861900784],[-86.9349161118431,36.0673036328996],[-86.9360657761947,36.0666079158745],[-86.9373674295122,36.0658008311981],[-86.9381686493842,36.0652995327958],[-86.939513487195,36.0644720576328],[-86.9408737603456,36.0636357417934],[-86.9409894916279,36.0635634991389],[-86.9419744872795,36.0629582344873],[-86.9421710400838,36.0628406103327],[-86.942355006681,36.0627102545406],[-86.9425251396183,36.0625680510808],[-86.9426802852703,36.06241496426],[-86.9427642290253,36.0623144114866]]},"properties":{"OBJECTID":219,"BikewayType":"SSR","Status":"Complete","OnStreetName":"Old Harding Pike","FromStreetName":"Hwy 70 S","ToStreetName":"Sawyer Brown Rd","YearCompleted":2013,"District":"22, 34, 35"}},{"type":"Feature","id":220,"geometry":{"type":"LineString","coordinates":[[-86.9427642290253,36.0623144114866],[-86.9429230938517,36.0623952993837],[-86.9437908970558,36.0628072613514],[-86.9444288180078,36.0631027383798],[-86.9448166718866,36.0632642438555],[-86.9451999736682,36.0633845614465],[-86.9455963091421,36.0634727535209],[-86.9460283563098,36.0635418110677],[-86.9464677764088,36.0635649068016],[-86.94688566936,36.0635724511597],[-86.9477828634755,36.0635857854476],[-86.9481334309436,36.0636266891192],[-86.9484716534523,36.0637120040504],[-86.9487282636184,36.0638093200953],[-86.9489694534834,36.0639298639582],[-86.949203617356,36.0640966383655],[-86.9494107460683,36.0642855259494],[-86.9495164542304,36.0644087071377],[-86.9496084221482,36.0645389534751],[-86.949685938269,36.0646752573474],[-86.9497484028331,36.0648165642733],[-86.949826002352,36.0650565234127],[-86.9498529138079,36.0653036518387],[-86.9498475508628,36.0655211377966],[-86.9498193288466,36.0657374571575],[-86.9497260854589,36.0663405686457],[-86.9495552853347,36.0673849859942],[-86.9494909187153,36.0677154407286],[-86.9493850998074,36.0680387831519],[-86.949301362846,36.0682638254045],[-86.9491947768794,36.0684824063755],[-86.9489889237464,36.0688463317049],[-86.9487539217174,36.0691984279653],[-86.9485388682845,36.0694905095119],[-86.948290118799,36.0697643907127],[-86.9481802073116,36.0698582591333],[-86.9475465497992,36.07051712822],[-86.9473331265698,36.070759595757],[-86.9471418288888,36.0710139433316],[-86.9469132846964,36.0713441840458],[-86.9467109852522,36.0716855222208],[-86.9465594875567,36.0720268903814],[-86.946437218549,36.0723758977576],[-86.9463450081897,36.0727098582564],[-86.9462813166428,36.0730481775319],[-86.9461435405554,36.0739876071127],[-86.9460227444752,36.0748673512335],[-86.945936583061,36.0752161776274],[-86.9458316186125,36.0755615926246],[-86.9452540096988,36.0769065714961]]},"properties":{"OBJECTID":220,"BikewayType":"BL","Status":"Complete","OnStreetName":"Sawyer Brown Rd","FromStreetName":"Hwy 70 S","ToStreetName":"Old Harding Pike","YearCompleted":2004,"District":"22, 35"}},{"type":"Feature","id":221,"geometry":{"type":"LineString","coordinates":[[-86.9414453039996,36.0688818645052],[-86.9413414404154,36.0696838322864],[-86.941181372849,36.0705267522547],[-86.941046182296,36.0713886861984],[-86.9409216639471,36.0721599176344],[-86.9406527656357,36.0738861562018],[-86.9404037053611,36.0754865708762]]},"properties":{"OBJECTID":221,"BikewayType":"BL","Status":"Complete","OnStreetName":"Bellevue Rd","FromStreetName":"Hwy 70  S","ToStreetName":"Todd Preis Dr / Baugh Rd","YearCompleted":2007,"District":"22"}},{"type":"Feature","id":222,"geometry":{"type":"LineString","coordinates":[[-86.9427642290253,36.0623144114866],[-86.9424866837759,36.0621715654059],[-86.9422308659994,36.0620041002856],[-86.9420592665984,36.0618479783136],[-86.9419261374437,36.0616688069236],[-86.9418223305207,36.0614812902743],[-86.9417477137045,36.0612848315867],[-86.9416357517915,36.0607591624927],[-86.941528410614,36.0602267802702],[-86.9413786351353,36.0594839201155],[-86.9412409482819,36.0588687858302],[-86.9410250267779,36.0578223912302],[-86.9409198885079,36.0572520738899],[-86.9409039852373,36.0570011515775],[-86.9409168809642,36.0567501154824],[-86.9409334542285,36.0565653477022],[-86.9409697962694,36.0563824558838],[-86.9410612441908,36.0561260671964],[-86.9411885123748,36.0558799585157],[-86.9413328633885,36.0556425747367],[-86.9414942791353,36.0554125517553],[-86.9422046682206,36.0546426997824],[-86.94301817158,36.053777840033],[-86.9432732586266,36.0535791177062],[-86.9435555905342,36.0534063878044],[-86.9438767327501,36.0532555305286],[-86.9442175531569,36.0531365001129],[-86.9445594015894,36.0530361791258],[-86.9449099678965,36.0529581808138],[-86.9451458215974,36.0529298531282],[-86.9453836431724,36.0529161495302],[-86.9456220595388,36.0529171491386],[-86.9458596941804,36.0529328461821]]},"properties":{"OBJECTID":222,"BikewayType":"BL","Status":"Complete","OnStreetName":"Beech Bend Dr","FromStreetName":"Old Harding Pike","ToStreetName":"Harpeth Bend Dr","YearCompleted":2007,"District":"22, 35"}},{"type":"Feature","id":223,"geometry":{"type":"LineString","coordinates":[[-86.9458596941804,36.0529328461821],[-86.9458773116046,36.0527710504443],[-86.9458733093111,36.0526086559824],[-86.9458087327896,36.0524382976657],[-86.9456932751056,36.0522867011101],[-86.9455107752016,36.0521439084681],[-86.9453077543825,36.0520207302441],[-86.94509777302,36.0519220085296],[-86.9448688265196,36.0518567651302],[-86.9446353164555,36.051838133136],[-86.9444019050618,36.0518575633154],[-86.944190542671,36.0519120951671],[-86.9439911804894,36.0519909868436],[-86.9429853142251,36.0524567267973],[-86.9424824959132,36.0526573733791],[-86.9419714571232,36.0528438247907],[-86.9406129559996,36.0532922687871],[-86.9390579373803,36.0538123395705],[-86.9387599861044,36.0539528059809],[-86.9384800464928,36.0541158838701],[-86.93826820781,36.0542655210441],[-86.9380696331262,36.0544267068486],[-86.937781118737,36.054719667258],[-86.937519928251,36.0550290698583],[-86.9372945398464,36.0553487507549],[-86.9371047453799,36.0556833252804],[-86.9370196351575,36.055937243365],[-86.936776239021,36.0568148015715],[-86.9366083646145,36.0572730172066],[-86.936467225202,36.0575748636268],[-86.9362999522904,36.0578677753852],[-86.9360521018223,36.0582188223625],[-86.9357463905268,36.0585946415618],[-86.9353253072673,36.0590842801094],[-86.9348784171702,36.0595585999818],[-86.9341210063291,36.0603356871413],[-86.9337220574337,36.0607265316713],[-86.9334840571732,36.0609239656288],[-86.9332117592121,36.0610896214516],[-86.9329160128771,36.0612003817855],[-86.9326024103745,36.0612717597197],[-86.9324215448467,36.0612934713494],[-86.9322390260856,36.061302151614],[-86.9320562755073,36.0612977329137],[-86.9318747163337,36.0612802496601],[-86.9303210280712,36.0610289806751],[-86.9292176078188,36.0608543463678],[-86.9284128459561,36.0607708405362],[-86.927605246314,36.0607079443114],[-86.9267438077522,36.0606679415627],[-86.9258811708352,36.0606525211203],[-86.9255285496145,36.0606525992095],[-86.9251764796916,36.060668603761],[-86.9249583375298,36.0607022644989],[-86.924745243311,36.0607529420391],[-86.9245392054912,36.0608201587374],[-86.924342166032,36.0609032810646],[-86.9240235940549,36.0610334491795],[-86.9236893120638,36.0611343565697],[-86.9233414249258,36.0611818017646],[-86.9229892904011,36.0611988591395],[-86.9214353760392,36.0612293496351],[-86.9196798781773,36.0612508654043],[-86.918274446332,36.0612701658956],[-86.9181874124131,36.0612592084846],[-86.9181079838934,36.0612283103499],[-86.9180429290373,36.0611801043884],[-86.917997791272,36.0611186983284],[-86.9176389223879,36.0602895293291]]},"properties":{"OBJECTID":223,"BikewayType":"BL","Status":"Complete","OnStreetName":"Harpeth Bend Dr","FromStreetName":"Beech Bend Dr","ToStreetName":"Hwy 100","YearCompleted":2007,"District":"34, 35"}},{"type":"Feature","id":224,"geometry":{"type":"LineString","coordinates":[[-86.9417477137045,36.0612848315867],[-86.9415282110284,36.0613287389188],[-86.9413033522962,36.0613476816388],[-86.9410446094296,36.0613484078223],[-86.9407863008988,36.0613362187549],[-86.9399515005395,36.0612783442874],[-86.939659860653,36.0612540288455],[-86.9394490907134,36.0612301758946],[-86.9392448842754,36.0611815491041],[-86.9389895657854,36.0610970636764],[-86.9387555305889,36.0609787253886],[-86.9385304793568,36.0608468572645],[-86.938315265921,36.0607045739778],[-86.9375751490241,36.0602072786749],[-86.9372566545309,36.0599973973108],[-86.9371294491539,36.0599000908644],[-86.9370152891708,36.0597926459516],[-86.9369153933472,36.0596762096994],[-86.9368308281445,36.0595520252255],[-86.9365560646395,36.0590651759979],[-86.9364096385327,36.0588503654983],[-86.9362269910596,36.0586547001494],[-86.9360704841511,36.0585304882172],[-86.935895906569,36.0584233249039],[-86.9358888234573,36.0584195448474]]},"properties":{"OBJECTID":224,"BikewayType":"BL","Status":"Complete","OnStreetName":"Harpeth Knoll Rd","FromStreetName":"Beech Bend Dr","ToStreetName":"Harpeth Bend Dr","YearCompleted":2007,"District":"35"}},{"type":"Feature","id":225,"geometry":{"type":"LineString","coordinates":[[-86.9805743690814,36.2164761444225],[-86.9776113461543,36.2182825708791],[-86.9749414031845,36.2198946944627],[-86.9732236703047,36.2209291650521],[-86.9729021084061,36.2210981234119],[-86.972563787206,36.2212440214514],[-86.9722112192279,36.2213657756329],[-86.9718470228412,36.221462481723],[-86.9714825719649,36.2215422592563],[-86.9711106132681,36.2215945532063],[-86.9707342966152,36.2216189207309],[-86.970356808789,36.2216151554776],[-86.9700377905135,36.2216049875367],[-86.969720807876,36.2215741109541],[-86.9694079051211,36.221522724855],[-86.9691011001727,36.2214511606314],[-86.9687666168872,36.2213680861048],[-86.9684421696206,36.2212620530527],[-86.9681301536161,36.2211338442805],[-86.9678328723101,36.220984406305],[-86.9675922594604,36.2208457113841],[-86.9673616966541,36.2206962283297],[-86.9671419196527,36.220536434202],[-86.9669336297833,36.2203668389651],[-86.9654792953552,36.2191146267884],[-86.9634744662161,36.217358865856],[-86.9618830651027,36.2159574715425],[-86.9599169920295,36.214229958847],[-86.9583405733198,36.2128403223507],[-86.9564045958698,36.2111554355334],[-86.9546647544024,36.2096239670887],[-86.9529697998324,36.2081493509468],[-86.9520212246566,36.2073222147663],[-86.9517574602196,36.2071142311104],[-86.9514827590179,36.206915764331],[-86.9511976434445,36.2067271917916],[-86.9509026556821,36.2065488720402],[-86.9502733162981,36.2061998169791],[-86.9496176933798,36.2058841358506],[-86.9489948307086,36.205649898503],[-86.9483560557685,36.205445742318],[-86.9476711505027,36.2052709232651],[-86.946975229948,36.2051275007101],[-86.9462095266901,36.2050341088223],[-86.9454376200291,36.2049845482503],[-86.9449943183412,36.2049796767528],[-86.9445512674824,36.2049927064433],[-86.9441095672262,36.2050236049785],[-86.9436703139966,36.2050722956591],[-86.942883412976,36.2051968705328],[-86.9421084454882,36.2053634918768],[-86.941409936418,36.2055713192532],[-86.9407237052558,36.2058044737224],[-86.938672948834,36.206556802177],[-86.936345312479,36.2073875514157],[-86.9332236891551,36.2085129329117],[-86.9302847664815,36.2095681476806],[-86.9271377849675,36.2107035791956],[-86.9265077283066,36.2109254152084],[-86.9261687398718,36.2110431349319],[-86.92582297679,36.2111471139092],[-86.9254712866033,36.2112370972586],[-86.9251145313919,36.2113128644045],[-86.9245329841719,36.2113966005094],[-86.9239448803113,36.2114410496006],[-86.9224651735691,36.2114762072976],[-86.9210177742897,36.2115063318487],[-86.9178638558104,36.2115518061948],[-86.9164045742938,36.2115724267156],[-86.9158176389235,36.2115632759636],[-86.915232841566,36.2115216972732],[-86.9147177423255,36.2114475793753],[-86.9142154322217,36.2113290966965],[-86.9137302323465,36.2111864406122],[-86.9132584427308,36.211016799169],[-86.9124281449615,36.2107178454687],[-86.9118811061688,36.2105380347397],[-86.9113151735956,36.2104019424155],[-86.910963655345,36.2103379132875],[-86.9106079232711,36.2102916273708],[-86.9102493396632,36.2102632619188],[-86.9098892777244,36.2102529255579],[-86.9077651993982,36.2102903727481],[-86.905447119548,36.2103459287781],[-86.9048243900655,36.2103791254614],[-86.9042033772854,36.2104291705355],[-86.9032763457477,36.2105561479156],[-86.9023526414002,36.2106981661091],[-86.8995536108084,36.2111578167533],[-86.8965105495776,36.2116382902765],[-86.8957794942359,36.2117258575465],[-86.895043832726,36.2117827077111],[-86.894300733247,36.2118290197477],[-86.8935554673686,36.2118342675761],[-86.8927571990171,36.2118284155192],[-86.8919601194192,36.2117926458752],[-86.8912295259646,36.211733941613],[-86.8905019862264,36.2116541308969],[-86.8898859403601,36.2115659354989],[-86.8892728138351,36.2114652658141],[-86.8870814644262,36.2110163849167],[-86.8859458947692,36.2107743308384],[-86.8847989541825,36.2105705161774],[-86.8837886677752,36.2104397127114],[-86.8827720024011,36.2103468895515],[-86.8820747834304,36.2103151614634],[-86.8813767219085,36.2102998505729],[-86.878386778433,36.210269173666],[-86.8756999722456,36.2102433791991],[-86.87489959088,36.2102420271067],[-86.8745032793527,36.2102299636799],[-86.8741080290409,36.2102035600906],[-86.8737146297104,36.2101628690966],[-86.8733238674258,36.2101079720039],[-86.8716286758043,36.2098378015571]]},"properties":{"OBJECTID":225,"BikewayType":"BL","Status":"Complete","OnStreetName":"Ashland City Hwy","FromStreetName":"County Line","ToStreetName":"Briley Pkwy","YearCompleted":2013,"District":"01"}},{"type":"Feature","id":226,"geometry":{"type":"LineString","coordinates":[[-86.9840786773826,36.214142801385],[-86.9824005663289,36.2136051392945],[-86.9819140405444,36.2134740628651],[-86.9814205798458,36.2133612903703],[-86.9792099627365,36.2129728947414],[-86.9768530742017,36.2125570265979],[-86.9757306666355,36.2123624831508],[-86.9746185164268,36.2121324943302],[-86.9740199860614,36.2120033331457],[-86.9734286349892,36.2118540289347],[-86.9720967365178,36.2115118331683],[-86.9713429054157,36.2112843446555],[-86.9705984470118,36.2110374212138],[-86.9683790701917,36.2103074203346],[-86.9662496191455,36.2096129049667],[-86.9639904709225,36.2088964961727],[-86.9630758701747,36.2086483578328],[-86.9621510073166,36.2084266108742],[-86.9598045188749,36.207878697445],[-86.9595660645222,36.2078465025809],[-86.9593243241131,36.2078461428601],[-86.9590857254851,36.2078776278476],[-86.9588566129474,36.2079401203612],[-86.9582668832174,36.2081573773228],[-86.9576609557709,36.2083430707958],[-86.9574330283466,36.2083912658208],[-86.9572000550382,36.2084194681799],[-86.9569646980745,36.2084273555998],[-86.956729646928,36.2084148379493],[-86.9562907759009,36.2083554388276],[-86.9558584029886,36.2082703135965],[-86.95488764589,36.2080717238518],[-86.9547271229339,36.2080418917331],[-86.954563216005,36.2080288957477],[-86.9543986024202,36.2080329481771],[-86.9542359710377,36.2080539828274],[-86.9541149242982,36.2080912665381],[-86.9540001094149,36.2081397995275],[-86.9538931115495,36.2081989117426],[-86.95379540795,36.2082677870704],[-86.9534480099287,36.2085654043164]]},"properties":{"OBJECTID":226,"BikewayType":"SSR","Status":"Complete","OnStreetName":"River Trc","FromStreetName":"County Line","ToStreetName":"Ashland City Hwy","YearCompleted":2008,"District":"01"}},{"type":"Feature","id":227,"geometry":{"type":"LineString","coordinates":[[-86.9210186572616,36.2115063251147],[-86.9218787347888,36.2095023677166],[-86.9221161865954,36.2091127402709],[-86.9222684009627,36.2089265398495],[-86.9224368160961,36.2087497376725],[-86.9226627500825,36.2085471129759],[-86.9229071861679,36.2083591213625],[-86.9234383810781,36.2080374295192],[-86.9238673749509,36.2078088018751],[-86.9244682162328,36.2074801347652],[-86.9250560300516,36.2071701639126],[-86.9256981701083,36.206826149993],[-86.9261955295269,36.2065569292216],[-86.9264188222743,36.2064234022121],[-86.9266292020978,36.2062767480373],[-86.9268651568316,36.2060731985263],[-86.926987640867,36.2059368159065],[-86.9270966851588,36.205793135772],[-86.9271859346994,36.2056416339719],[-86.9272581417549,36.2054842805661],[-86.9273434855123,36.2052339559743],[-86.9273848941928,36.2049253067877],[-86.9273795079776,36.2046155866316],[-86.9273649145788,36.2042244054462],[-86.9272019554495,36.2008207150553],[-86.9272006693294,36.2007816574835],[-86.9271731908319,36.2005485291683],[-86.9271283997767,36.2003171703254],[-86.9270639322664,36.2000922353221],[-86.9269846029677,36.1998704429158],[-86.9268017388364,36.1993902715218],[-86.9266058817552,36.1988825394556],[-86.9265275334837,36.1986735325959],[-86.9264228970532,36.1984492467338],[-86.9263043395287,36.1982295584796],[-86.9261348989684,36.1979708030123],[-86.9259479887266,36.197720074975],[-86.9255870656838,36.1972721490299],[-86.9254056062681,36.1970002622403],[-86.9253153898256,36.1968253190754],[-86.9252478732352,36.19664377741],[-86.9251781620018,36.1963424184375],[-86.9251594533244,36.1961596369368],[-86.9251633001199,36.195976253977],[-86.9251947995054,36.1957478906787],[-86.925247145113,36.1955220555991],[-86.925385341718,36.195187626262],[-86.9255750467658,36.1948048712448],[-86.9257708634977,36.1944045076946],[-86.9273288568373,36.1911901510521],[-86.9273543570464,36.1911468300948],[-86.9276218828616,36.1906635203344],[-86.9278764826988,36.1902473541767],[-86.9281467208514,36.189800732075],[-86.9283357509839,36.1894795919136],[-86.928444090147,36.1892786468704],[-86.9285176551188,36.1891382323494],[-86.928577544914,36.188993610628],[-86.9287122902734,36.1885926719802],[-86.9288526163844,36.1881408979063],[-86.9289959125419,36.1876058354916],[-86.9291156267684,36.1871630836192],[-86.9291732491183,36.1868461571253],[-86.9292005786963,36.186636643719],[-86.9292128959887,36.1864261989667],[-86.9291930101668,36.1860092802249],[-86.9291330253461,36.1854839310817],[-86.9291061230506,36.1852541690321],[-86.9290967465413,36.1850234994887],[-86.9291142614729,36.1848455675466],[-86.9291517294863,36.1846696732335],[-86.9292032725171,36.1844858909613],[-86.9292727809383,36.1843060389904],[-86.9293458634354,36.1841453040016],[-86.9294332104923,36.1839893174952],[-86.9297672459974,36.183501710614],[-86.9301014881618,36.1830319860587],[-86.9303327289184,36.1826589168509],[-86.9305167323932,36.1823212655392],[-86.9307689809995,36.1817834935778],[-86.9309802847026,36.1812159908758],[-86.9311352000563,36.1806560760941],[-86.9312174236,36.180143222313],[-86.9312556057243,36.1798973143747],[-86.9312734031801,36.1796498861484],[-86.9312932061272,36.1791568289903],[-86.9313014374035,36.1785801602407],[-86.9313069306312,36.1779956434631],[-86.9313150116692,36.1774060991234],[-86.9313095004364,36.1766108652124],[-86.9312959797233,36.1763610593851],[-86.9312615296863,36.1761068597868],[-86.9312123820328,36.1758542537703],[-86.9311201901908,36.1755172999475],[-86.9309361325422,36.1749238493808],[-86.9308260310513,36.1745866981147],[-86.9304651573384,36.1734341225792],[-86.9303904436569,36.1731209525766],[-86.9303483555371,36.1728038082922],[-86.9303411511105,36.172530465816],[-86.9303525348398,36.1722572167517],[-86.9303880597296,36.1719844095671],[-86.9304497000052,36.1717146770419],[-86.9305583648341,36.1713938529328],[-86.9306857518116,36.1710775891937],[-86.9309537046859,36.1704526545093],[-86.9312273236868,36.1698095524335],[-86.9315178985912,36.169108132968],[-86.9316061501578,36.1688471389014],[-86.9316799612313,36.1685832137826],[-86.9317243812731,36.1683300524952],[-86.9317504623166,36.1680752179029],[-86.9317587775254,36.1678275668976],[-86.9317411211926,36.1675802381158],[-86.9317066346286,36.1673304217448],[-86.9316517601881,36.1670830144009],[-86.9315826726021,36.1668516050211],[-86.9314946244384,36.1666244675843],[-86.9312811770571,36.1661787557659],[-86.9311315823733,36.1659614763606],[-86.9309262122671,36.1656943046549],[-86.9306937683919,36.1654421398897],[-86.930216549936,36.1649727048287],[-86.9294631774317,36.1642259147386],[-86.9289445792235,36.1637273853622],[-86.9283874456417,36.1632192342766],[-86.927670732366,36.1626400858188],[-86.9271818905318,36.1622804221153],[-86.9261832736967,36.1615803268477],[-86.9259035451987,36.1613938672996],[-86.9256411733271,36.161191496361],[-86.9254706348599,36.1610458145584],[-86.9253118447214,36.1608916480576],[-86.9251343725227,36.160700153725],[-86.9249697023235,36.1605012812732],[-86.9247600044344,36.1601709461378],[-86.9244917019707,36.1596663433372],[-86.9242483940134,36.1591825177126],[-86.924052126553,36.1588672848571],[-86.9239679319932,36.1587338971068],[-86.9237984073904,36.1585263622731],[-86.9236140338814,36.1583273275049],[-86.9233786210359,36.1581088724898],[-86.923126836352,36.1579027730338],[-86.922762480004,36.1576232166256],[-86.9224409956774,36.1573835953166],[-86.9220896460184,36.1571179785352],[-86.9218019225076,36.1568740994685],[-86.9215368876391,36.1566138603239],[-86.9213412435192,36.1564037535387],[-86.9211649039586,36.1561826939936],[-86.9209437144099,36.1558758873134],[-86.9207471605995,36.1555582422577],[-86.9205997334706,36.1552821427917],[-86.9204760236485,36.1549984879328],[-86.9202199172617,36.1543146162083],[-86.9200424712878,36.1538209151519],[-86.9197764009903,36.153088471533],[-86.9195872614929,36.1525627271639],[-86.9190609154426,36.1511261101684],[-86.9185559230876,36.1497138933261],[-86.918551967309,36.1496993325522],[-86.9184453585157,36.1494460382677],[-86.9183176506387,36.1491992468086],[-86.9181801542286,36.1489917627795],[-86.9180166197687,36.1487970996595],[-86.9178547021916,36.1486338013555],[-86.9176777767563,36.1484810884335],[-86.9174896791983,36.148339004059],[-86.917286547232,36.1482112588349],[-86.9170995087107,36.1481081360141],[-86.9169020919878,36.1480186390845],[-86.9165640355025,36.147897166035],[-86.9162127723971,36.1478035327011],[-86.915889539129,36.1477577821535],[-86.9155638480764,36.1477254725104],[-86.9146242497557,36.1476314894378],[-86.9134245075597,36.1475175286588],[-86.9122424326045,36.1474053313278],[-86.9110685475318,36.1472892445662],[-86.9101077473242,36.1471915704398],[-86.9090660914538,36.1471192975848],[-86.9079977182218,36.1470758334605],[-86.9068860738128,36.1470477969324],[-86.9057519367113,36.1470112171179],[-86.9046883993347,36.1469862277182],[-86.9036483610388,36.1469520509497],[-86.902702238881,36.1469028556906],[-86.9016673893352,36.1468075764288],[-86.9006060869844,36.1466609765159],[-86.8995458452543,36.1465038675484],[-86.8985007652936,36.1463351900961],[-86.8980859249041,36.1462520527768],[-86.8976766313303,36.1461524602296],[-86.8970394781836,36.145968333928],[-86.8961847995695,36.145683757893],[-86.8949771847673,36.1452835151887],[-86.89385335354,36.144907440413],[-86.8929113025646,36.144590103181],[-86.8928230140918,36.1445550914816],[-86.8927476299135,36.1445039519709],[-86.8926895358015,36.1444396599101],[-86.8926521115793,36.1443659557593]]},"properties":{"OBJECTID":227,"BikewayType":"SSR","Status":"Complete","OnStreetName":"Old Hickory Blvd","FromStreetName":"Ashland City Hwy","ToStreetName":"Dead End","YearCompleted":2008,"District":"01"}},{"type":"Feature","id":228,"geometry":{"type":"LineString","coordinates":[[-86.9210186572616,36.2115063251147],[-86.9207943899295,36.2119656023194],[-86.9204741973931,36.2125708739917],[-86.9197861687804,36.2137340830195],[-86.9190653894015,36.2149170907414],[-86.9183984754225,36.2160267146681],[-86.9177261217907,36.2171257651364],[-86.9171892191456,36.2180297941053],[-86.9170246266651,36.2183388551352],[-86.9168803833877,36.2186545215515],[-86.916551732727,36.2195512429677],[-86.9162307449434,36.2203477527564],[-86.9158038162265,36.2212981556574],[-86.9153869921059,36.2222069876596],[-86.9150116095109,36.2230353823703],[-86.9145756919297,36.223974402008],[-86.9140599936542,36.2250399302337],[-86.9138168455664,36.2254652962871],[-86.9135523034041,36.2258821970738],[-86.9128402032477,36.2269162976261],[-86.9119993920987,36.2281230561952],[-86.9112159719226,36.2292549760659],[-86.9104968956249,36.2303019903163],[-86.9097949661746,36.2313059480362],[-86.9091938471184,36.2321703598003],[-86.9089338402074,36.2325600207814],[-86.9087208685868,36.2329679887804],[-86.9085923177339,36.2332273588037],[-86.9084813957015,36.2334920165573],[-86.9080599456626,36.2344723914335],[-86.9076266145214,36.2354957772389],[-86.9072378618873,36.2364029349265],[-86.9070157190345,36.2368792302052],[-86.9067700556995,36.2373478840196],[-86.9064621421296,36.2379124816809],[-86.9058331535212,36.2389730960022],[-86.9052597787694,36.2399560293377],[-86.9045200660858,36.2412220642013],[-86.9040020964666,36.2421101463745],[-86.9034235090246,36.2431045547549],[-86.9031924249294,36.2434984313187],[-86.9029466968515,36.2438864485531],[-86.9024961777863,36.2444964531035],[-86.9016899482225,36.2455125829446],[-86.9009044216618,36.2464870613523],[-86.9005753270977,36.2469044324573],[-86.9004562262883,36.2470620931845],[-86.9003509262081,36.2472260714137],[-86.9002599351276,36.2473955757771],[-86.9001836922699,36.2475697882322],[-86.9001079106636,36.2478481816799],[-86.9000876369318,36.2481327886729],[-86.9000905091539,36.2482665026236],[-86.9001084803187,36.248399442225],[-86.9001413996016,36.2485304912108],[-86.9001889906578,36.2486585491841],[-86.9004669094781,36.2493332225666],[-86.9005730297195,36.249693515925],[-86.9006376764652,36.2500602008318],[-86.9006358517931,36.2503699191042],[-86.9005881617984,36.2506772226674],[-86.9004002636705,36.2513968581457],[-86.9002879171741,36.2516846136325],[-86.900134624935,36.2519596912824],[-86.9000035959468,36.2521704898353],[-86.8998318200277,36.2523611249951],[-86.8996326540716,36.2525414145792],[-86.8994206832913,36.2527118575204],[-86.8991157707832,36.2528955403327],[-86.8987850254333,36.2530470899568],[-86.8984330481739,36.2531664537116],[-86.8980666351725,36.2532527366474],[-86.897695555259,36.2532903682125],[-86.8973215864669,36.2532883171142],[-86.8969632064349,36.2532707740061],[-86.8966042804379,36.2532779042178],[-86.8964481222838,36.253291787113],[-86.896294552277,36.2533185941176],[-86.8961451964856,36.2533580413875],[-86.8960016363618,36.2534097112371],[-86.8957640197283,36.2535297145888],[-86.8955488812148,36.2536748943048],[-86.8953517337187,36.253885765185],[-86.895202389462,36.2541209932703],[-86.8951258468414,36.2543440391792],[-86.8950803006257,36.254572582324],[-86.8948140728115,36.2557134282391],[-86.8947564222858,36.2559270362525],[-86.8947060562107,36.2560694252573],[-86.894638579645,36.2562070914695],[-86.8945546517767,36.2563386898313],[-86.8944550925419,36.2564629345643],[-86.8942316669085,36.2566474355438],[-86.8939820215994,36.256808384197],[-86.8935769822164,36.257077498164],[-86.893372340667,36.2572661080083],[-86.893208767707,36.2574793988659],[-86.8931128096352,36.2576829462672],[-86.8930615466158,36.2578968332839],[-86.8930558337743,36.2581324064567],[-86.8930950967949,36.2583658694146],[-86.8932789732523,36.2588495329043],[-86.893365076438,36.2591482255467],[-86.8934147284832,36.2594523029002],[-86.8934160230137,36.2597015442481],[-86.8933973768312,36.2599503298909],[-86.8933402949097,36.2602224877174],[-86.8932355753589,36.2604851936038],[-86.8931107056752,36.2607335235184],[-86.8929566188699,36.2609708464132],[-86.8927271231683,36.2612396773722],[-86.8924589022879,36.2614838676144],[-86.8921697441801,36.2616856973755],[-86.8918500442416,36.2618546329752],[-86.8913633579308,36.2620928651509]]},"properties":{"OBJECTID":228,"BikewayType":"SSR","Status":"Complete","OnStreetName":"Old Hickory Blvd","FromStreetName":"Eatons Creek Rd","ToStreetName":"Ashland City Hwy","YearCompleted":2011,"District":"01"}},{"type":"Feature","id":229,"geometry":{"type":"LineString","coordinates":[[-86.8647681534962,36.2155281992792],[-86.8643742532702,36.2143250494329],[-86.8632671873596,36.2109179809122],[-86.8627705419085,36.2094061197406],[-86.8625659498795,36.2087415511499]]},"properties":{"OBJECTID":229,"BikewayType":"SSR","Status":"Complete","OnStreetName":"Eatons Creek Rd","FromStreetName":"Kings Ln","ToStreetName":"Ashland City Hwy","YearCompleted":2011,"District":"01"}},{"type":"Feature","id":230,"geometry":{"type":"LineString","coordinates":[[-86.8320140726244,36.1941467589438],[-86.8332435892857,36.1949285451803],[-86.8351310775916,36.1960684606563],[-86.8352282940596,36.1961219479622],[-86.8357867564587,36.1964556969384],[-86.8363213241554,36.196814233753],[-86.8365873462412,36.1970101130933],[-86.8368422990139,36.1972154361015],[-86.8370856726018,36.197429792228],[-86.8373169802746,36.1976527528582]]},"properties":{"OBJECTID":230,"BikewayType":"WOL","Status":"Complete","OnStreetName":"Clarksville Pike","FromStreetName":"Ashland City Hwy","ToStreetName":"County Hospital Rd","YearCompleted":2010,"District":"02"}},{"type":"Feature","id":231,"geometry":{"type":"LineString","coordinates":[[-86.8168969741595,36.2361683732122],[-86.8175475521001,36.2370562514856],[-86.8181623168385,36.2379277044947],[-86.8187384655515,36.2388208766121],[-86.8192087011778,36.2395473679831],[-86.8197741724982,36.2404305925771],[-86.82036472297,36.2413465506372],[-86.8209211086495,36.242202647681],[-86.821249134627,36.2426668400665],[-86.8215454727427,36.243065402185],[-86.8218560736933,36.2434567740795],[-86.8226870582043,36.244389684542],[-86.8235931772335,36.2454122139501],[-86.824453176851,36.2464135896229],[-86.8251472717921,36.2472558496166],[-86.825760723786,36.2479856280218],[-86.8265316303558,36.2489074761332],[-86.8273195455163,36.2497648200455],[-86.8279050043861,36.2503474126763],[-86.8287025144306,36.2511059604205],[-86.8289415902927,36.251333238232],[-86.8291811877821,36.2515980430483],[-86.8294012166646,36.2518737646401],[-86.8297403944351,36.2523822099775],[-86.8298142800703,36.2524601002611],[-86.8299218615026,36.2525054381479]]},"properties":{"OBJECTID":231,"BikewayType":"BL","Status":"Complete","OnStreetName":"Whites Creek Pike","FromStreetName":"Buena Vista Pike","ToStreetName":"Green Ln","YearCompleted":2017,"District":"03"}},{"type":"Feature","id":232,"geometry":{"type":"LineString","coordinates":[[-86.8913633579308,36.2620928651509],[-86.8911067793556,36.2620711511782],[-86.8908541201959,36.2620289551264],[-86.8906632647291,36.2619898769559],[-86.8904768064649,36.2619387375754],[-86.8902483627158,36.2618463782186],[-86.8900389569909,36.261728067917],[-86.8893109460105,36.2612426827198],[-86.8889507642656,36.260999244751],[-86.888749247901,36.2608739599476],[-86.8885289281005,36.2607715208844],[-86.8883521963908,36.2607218847067],[-86.888167697196,36.2606969164845],[-86.8876032123665,36.2606667263131],[-86.8874115805558,36.2606318201583],[-86.8872299717149,36.2605712225496],[-86.8870759511717,36.2604954796146],[-86.8869453380486,36.2603949467944],[-86.8868392106469,36.2602801719483],[-86.8867671022178,36.2601492132241],[-86.88672199297,36.2600121932257],[-86.8866016054385,36.2594627171199],[-86.8865591432074,36.2592465096982],[-86.8864905770099,36.2590263095894],[-86.8864058649612,36.2588098267662],[-86.886312361128,36.2586207242266],[-86.8862026653813,36.2584374167267],[-86.8858340284737,36.2579097903895],[-86.8853681148079,36.2572130947329],[-86.8849712432677,36.2565817056508],[-86.8845922569879,36.2559692602103],[-86.8842563812401,36.2554204059895],[-86.8839968955784,36.2549625585013],[-86.8838502084373,36.2546782593215],[-86.883727851761,36.2543865059705],[-86.8835100216299,36.2538615850197],[-86.883387318824,36.2536239420688],[-86.8832433738014,36.2533942501606],[-86.8829469317361,36.2530005765635],[-86.8824759169044,36.2523697205718],[-86.8820101926651,36.2516844558395],[-86.8816390050801,36.2511339437202],[-86.8811793104633,36.2504600766881],[-86.8808140108761,36.25001443955],[-86.8804519394234,36.2496469923268],[-86.8799414353446,36.2491680735932],[-86.879584569287,36.2488444616625],[-86.8792241725925,36.2485208743607],[-86.8790442541477,36.2483701702978],[-86.8788488632837,36.2482326867287],[-86.878625834586,36.2481166613793],[-86.8783838210813,36.2480290869956],[-86.8781444762408,36.247969424528],[-86.8779010089466,36.2479219516443],[-86.8775731576701,36.2478604758125],[-86.8772552113052,36.2477711676122],[-86.8770439670107,36.2476814494548],[-86.8768525702953,36.2475661562807],[-86.8767039613192,36.2474507075137],[-86.8765743118125,36.2473211321551],[-86.8764499951184,36.2471598178494],[-86.8763574579478,36.2469850497268],[-86.876228378264,36.2465996841492],[-86.8760935352517,36.2461189766413],[-86.8759336094026,36.2456060217757],[-86.8758719510073,36.245457620867],[-86.8757891033038,36.2453161510186],[-86.8756412468051,36.2451493474913],[-86.8753054193726,36.2448084013794],[-86.8750433016891,36.2445308276812],[-86.8748823243031,36.244342744096],[-86.8747364408887,36.2441467478135],[-86.8743215240875,36.2435736373051],[-86.8738441578131,36.2428893779984],[-86.8734860103516,36.2423377913718],[-86.8730284854727,36.2416362162947],[-86.8727514282129,36.2411765635209],[-86.8726561306753,36.2409839195871],[-86.8725799262661,36.2407857770603],[-86.8723823502342,36.2401653047863],[-86.8722770990907,36.2398026543094],[-86.872048677334,36.2390536377636],[-86.8718302043973,36.2383522389191],[-86.8717269531182,36.2380639722221],[-86.8715644179167,36.2377379810875],[-86.8712823174986,36.2372459291929],[-86.8709163731222,36.2366238076463],[-86.8705253773055,36.235971342529],[-86.870249234835,36.2355917978965],[-86.8698184664094,36.2350693386463],[-86.8693483329742,36.2344994683127],[-86.8689318081081,36.2339864404356],[-86.8685176864269,36.2334772097368],[-86.8683819976731,36.2332753243175],[-86.8682729720445,36.2330630974115],[-86.8681759190243,36.2328203846349],[-86.8681145192849,36.2325701497978],[-86.8680742544516,36.2323359984451],[-86.8680505088312,36.232100369708],[-86.8680385270006,36.2318920743695],[-86.8680435908963,36.2316835933073],[-86.8680694168662,36.2314801943833],[-86.8681121530058,36.2312786748613],[-86.8682306407113,36.2307026610665],[-86.8684043558046,36.2299020985959],[-86.8685195480225,36.2293480455209],[-86.8685554630957,36.2291373164449],[-86.8685737797776,36.2289251061068],[-86.8685687463414,36.2286774477154],[-86.8685248229291,36.2284323255197],[-86.8684580153311,36.2282561074662],[-86.8683668200571,36.2280872189458],[-86.8682387625614,36.2278964188874],[-86.8677848703252,36.2272997178834],[-86.8673740187307,36.2267627976045],[-86.8669692163533,36.2262401399795],[-86.8668400220455,36.226064887614],[-86.866729844142,36.2258813076281],[-86.8664835480386,36.225427141314],[-86.8663860814478,36.2252222550238],[-86.8663079818421,36.2250119919829],[-86.8662441121697,36.2248307868899],[-86.8662040576964,36.2246451526171],[-86.866121841859,36.2243223318777],[-86.8659764828785,36.223731994498],[-86.8658572313911,36.2231605476055],[-86.8656878980375,36.2225303214032],[-86.8655521188097,36.2219542239259],[-86.8653401548597,36.2212498430066],[-86.8652641084304,36.2210246765036],[-86.8652133900491,36.2207948766849],[-86.8651760921213,36.2203973935241],[-86.8651287999646,36.2196232155553],[-86.8651065889001,36.2190978107586],[-86.8650948048087,36.2184492854305],[-86.8650913877397,36.217704362279],[-86.8650726761728,36.2171760697175],[-86.8649946585533,36.2164984488932],[-86.8649545754894,36.2162423104977],[-86.8648937560935,36.2159888682733],[-86.8647681534962,36.2155281992792]]},"properties":{"OBJECTID":232,"BikewayType":"SSR","Status":"Complete","OnStreetName":"Eatons Creek Rd","FromStreetName":"Old Hickory Blvd","ToStreetName":"Ashland City Hwy","YearCompleted":2011,"District":"01"}},{"type":"Feature","id":233,"geometry":{"type":"LineString","coordinates":[[-86.8734445892875,36.2793890672077],[-86.8722161447595,36.2785728986345],[-86.871152548774,36.2778640108636],[-86.8701112280021,36.277170452115],[-86.8696573288545,36.2768684960907],[-86.8690913364284,36.2765494600672],[-86.8687947600516,36.2764002033746],[-86.8684903504034,36.2762616721601],[-86.8680518355595,36.2760616627819],[-86.867625853975,36.2758446218142],[-86.8672827942582,36.275651635578],[-86.8669529665854,36.2754440763064],[-86.8666728624361,36.2752569366735],[-86.8664039464474,36.275059330288],[-86.8660173484721,36.2747628728671],[-86.8656580566403,36.2744446903401],[-86.8653556341823,36.2741503047114],[-86.8650772077784,36.2738407871858],[-86.8643750823129,36.2730517535408],[-86.8639313560129,36.2725982836105],[-86.8631683774113,36.2718979064027],[-86.8623536763758,36.2711788157665],[-86.8616900533417,36.2705409111873],[-86.8608492502387,36.2697206537068],[-86.8599667630577,36.2688565725919],[-86.8592284958872,36.2681202256179],[-86.8583520872032,36.2672703966638],[-86.8575203676082,36.2664667432337],[-86.8570435318532,36.2660406758633],[-86.8565396648393,36.2656355253746],[-86.8554288535852,36.2647515673592],[-86.8543893337596,36.2639231320666],[-86.8539794394739,36.2635933834775],[-86.8534998387863,36.2632156842389],[-86.853036292486,36.2628250618225],[-86.8526454060638,36.2624595247292],[-86.8522862027654,36.2620732566243],[-86.8520175940844,36.2617446907258],[-86.851769639136,36.2614056440742],[-86.8515330237302,36.2610481450441],[-86.8513187279025,36.2606815306055],[-86.8508867047455,36.2599334352709],[-86.8506217217357,36.2594924778306],[-86.8503311794046,36.2590622106462],[-86.8500620802794,36.2586866139101],[-86.8497799654134,36.258317335418],[-86.849130586053,36.2574777644429],[-86.848448632357,36.2566193418085],[-86.8477338497561,36.2557182243383],[-86.8474300816071,36.25537206553],[-86.8471097482248,36.255035845861],[-86.8465416458109,36.25449614638],[-86.8460692720369,36.2540976561848],[-86.8455291287927,36.253693675694],[-86.8449212310673,36.2532853980585],[-86.8440245475102,36.2527134073522],[-86.8430078009464,36.2520623652478],[-86.8420608216793,36.2514644808176],[-86.8411493593492,36.2508830328981],[-86.8398110753692,36.2500279368021],[-86.8383973249459,36.2491328112242],[-86.837521517943,36.2485773194451],[-86.8362173528863,36.2477398305482],[-86.8349444750395,36.246935496452],[-86.8345606859877,36.2466925368865],[-86.8339590118288,36.2463056225671],[-86.8336002011802,36.2460688947502],[-86.8332576541143,36.2458168554459],[-86.8329183188562,36.245549175381],[-86.8326056458398,36.2452609766428],[-86.8323338900532,36.2449894912859],[-86.8320846348782,36.2447041912617],[-86.831878943163,36.2444462380071],[-86.831687623006,36.2441811275341],[-86.831486183756,36.2438711969788],[-86.831308637866,36.2435518248579],[-86.8311575269698,36.2432476773142],[-86.8310269562604,36.2429373514044],[-86.8308230318412,36.2422984962383],[-86.8307499906862,36.2419820467309],[-86.8307000927762,36.2416626608805],[-86.8306577950019,36.2412688524058],[-86.8306417848744,36.2408737689026],[-86.8306434060389,36.2400451186332],[-86.8306860825261,36.2392018775559],[-86.830760812025,36.2383274180816],[-86.8308218518855,36.2378321995632],[-86.8309938284899,36.2368283021159],[-86.8311706314444,36.2360044074547],[-86.8313600407924,36.2352603083364],[-86.831606201351,36.2344550121477],[-86.8317545577651,36.234006882266],[-86.8319965001626,36.233361379639],[-86.8323395590463,36.2325351447467],[-86.832661977184,36.2318461644717],[-86.8331495267798,36.2309068549572],[-86.8336046354148,36.2301024959339],[-86.8339496272308,36.2295508890655],[-86.8343275737593,36.229013645615],[-86.8343275737593,36.229013645615]]},"properties":{"OBJECTID":233,"BikewayType":"BL","Status":"Complete","OnStreetName":"Clarksville Pike","FromStreetName":"Old Hickory Blvd","ToStreetName":"Briley Pkwy","YearCompleted":2012,"District":"01, 03"}},{"type":"Feature","id":234,"geometry":{"type":"LineString","coordinates":[[-86.8989074135431,36.3899194563762],[-86.8986681480883,36.3892572385554],[-86.8983729915306,36.3884570530058],[-86.8979957202428,36.3874369117199],[-86.8976671801193,36.3865523239091],[-86.8971006333665,36.3850151975003],[-86.8968997195959,36.3845653038844],[-86.8966089770253,36.3840214122285],[-86.8963710372912,36.3836572435495],[-86.8961171760747,36.3833001733807],[-86.8956671739392,36.3827538814149],[-86.8950678980812,36.38204535475],[-86.8948539941479,36.381775105256],[-86.8946799031162,36.3815165578582],[-86.8945207504851,36.3812517909157],[-86.8943682514663,36.3809687475794],[-86.8942356107197,36.3806792380302],[-86.8941213439487,36.3803601593667],[-86.89402635872,36.3800369732372],[-86.8939407336334,36.3796358211346],[-86.8938555871576,36.3788853380302],[-86.8937979893105,36.3782240685287],[-86.8937559761229,36.3777677502056],[-86.8936722538865,36.3770124867543],[-86.8936270649003,36.3767154356572],[-86.8935623675656,36.3764207535396],[-86.8933354410409,36.3755175172722],[-86.8931210281225,36.3746773762364],[-86.8929796712646,36.3741705233766],[-86.8928647553385,36.3738610656172],[-86.8927133290858,36.3735620594296],[-86.89254159869,36.3732899152698],[-86.8923490425991,36.3730270447655],[-86.8919892535643,36.3726291032001],[-86.8915536831044,36.3721780682158],[-86.8909812747878,36.3716195437599],[-86.8906356092458,36.3712766363077],[-86.8903041425753,36.3709246805048],[-86.8901036842896,36.3706921694551],[-86.8899155356587,36.3704530254924],[-86.8897155293013,36.3701931212161],[-86.889532198205,36.3699252951442],[-86.8890304990165,36.3690967948126],[-86.8884943178673,36.3682160870492],[-86.8883047707368,36.3678776887137],[-86.8882042604954,36.3676844203731],[-86.8881219940335,36.3674855896498],[-86.888042580278,36.3672465300063],[-86.8879912674187,36.367002496632],[-86.8879647536218,36.3666625225631],[-86.88796889017,36.3663218893118],[-86.8879995055848,36.3658972244007],[-86.8880107454037,36.36545362631],[-86.8879873547254,36.36516064988],[-86.8879363862348,36.3648699716583],[-86.8878689245193,36.3646030693737],[-86.887784495116,36.3643393441744],[-86.8873360908518,36.3633947968476],[-86.886963760306,36.3626607180582],[-86.8865370256405,36.3618066194794],[-86.8863156059475,36.3613778021287],[-86.8860734916585,36.360956365674],[-86.8856437208108,36.3603562339488],[-86.8851448691337,36.3597732984994],[-86.8846024476605,36.3592479072922],[-86.8841173987147,36.3588437030546],[-86.8833872591557,36.3582707963021],[-86.8828920918483,36.3578833525862],[-86.8823996248338,36.3574732348304],[-86.8822030675272,36.3572800795364],[-86.8820296133344,36.3570729524079],[-86.8818575516568,36.3568389804293],[-86.8817117881401,36.3565936007075],[-86.88158928722,36.3563397506121],[-86.8814967377986,36.3560777315279],[-86.8814253177278,36.3558062204773],[-86.8813904105352,36.3555300713431],[-86.8813527572987,36.3549282598319],[-86.8813415171497,36.3546032304216],[-86.8812969001164,36.3542800829181],[-86.881238128208,36.3540243635162],[-86.8811438918517,36.3537756831687],[-86.8809973117929,36.3535029505812],[-86.8808166593836,36.3532439377419],[-86.8804393990661,36.3528520491419],[-86.8797994417898,36.3522963469442],[-86.8794064034097,36.3519427214532],[-86.8791152098928,36.351664286643],[-86.8788473462273,36.3513709267795],[-86.8786044864117,36.3510767246143],[-86.8783896538422,36.3507685872687],[-86.8778768790675,36.3499830386004],[-86.8776309621997,36.3496351228297],[-86.8773637504668,36.349297640021],[-86.8771631871269,36.3490851002702],[-86.8769479451317,36.3488821742378],[-86.8764480243228,36.3484565864007],[-86.8756018752122,36.3477747846806],[-86.8746890158186,36.3470564990843],[-86.8737841086797,36.3463894154804],[-86.873099092163,36.3458816931383],[-86.8729396783359,36.3457530987659],[-86.8727910163614,36.3456163353489],[-86.872653744383,36.3454719900072],[-86.8725284516375,36.3453206824056],[-86.8723614987888,36.3450743410021],[-86.8722281258913,36.3448149491477],[-86.8721300459308,36.344570190197],[-86.872054667722,36.3443202220533],[-86.87186394865,36.3433284507525],[-86.8717653087744,36.3428021851102],[-86.8716766185139,36.3422424651818],[-86.8716456543654,36.3419438342773],[-86.8716479257268,36.3416441601479],[-86.8716753342418,36.341054990262],[-86.8716929163152,36.3407641948907],[-86.8716880856759,36.3404730780353],[-86.8716608700378,36.3402510017527],[-86.8716124858493,36.3400312965055],[-86.871534853152,36.3397934790927],[-86.8714422385841,36.3395591980538],[-86.8710648809956,36.3387464136398],[-86.8706574844812,36.3378813852911],[-86.8702471890024,36.337019953235],[-86.8699932625565,36.336441150258],[-86.8698907592175,36.3361355817436],[-86.869808199029,36.3358260852468],[-86.8697548394916,36.3355201252226],[-86.8697159940564,36.3352127368687],[-86.8696502204047,36.3345908519755],[-86.8695822744665,36.3337710676112],[-86.8695659728387,36.3333574233472],[-86.8695776091002,36.3329436759013],[-86.86963394078,36.3324377528562],[-86.8697067158731,36.3319531734027],[-86.8697492885862,36.3316703030842],[-86.8697756926598,36.3313964091012],[-86.8697712601827,36.3311217065448],[-86.8697403743713,36.3308563832462],[-86.8696814760249,36.3305941813391],[-86.869521829695,36.3300111232187],[-86.8694036811922,36.3295839519389],[-86.8693133788518,36.3290087403197],[-86.8692918752779,36.3286495222208],[-86.869298121211,36.3282899184393],[-86.8693313642132,36.327560016808],[-86.8693223156298,36.32727876985],[-86.8692883672581,36.326998771868],[-86.86916835968,36.326535845196],[-86.8690277261286,36.3260730674561],[-86.8688662860495,36.3255937463228],[-86.8685396532824,36.3245612109666],[-86.868422367967,36.3242115290108]]},"properties":{"OBJECTID":234,"BikewayType":"SSR","Status":"Complete","OnStreetName":"Whites Creek Pike","FromStreetName":"County Line","ToStreetName":"I-24","YearCompleted":2012,"District":"01"}},{"type":"Feature","id":235,"geometry":{"type":"LineString","coordinates":[[-86.868422367967,36.3242115290108],[-86.8674434979954,36.3210870172381],[-86.8671633431694,36.3203129837231],[-86.8669440878466,36.3195913369561],[-86.8664131012089,36.3178317794467],[-86.8662781889987,36.3173664726651],[-86.865937849165,36.3161926214144],[-86.8651953602347,36.3136290080926],[-86.8651344390013,36.3134919290418],[-86.8650492746946,36.3133635897827],[-86.8649417188288,36.3132467803061],[-86.8648141096621,36.3131440399434]]},"properties":{"OBJECTID":235,"BikewayType":"SSR","Status":"Complete","OnStreetName":"Whites Creek Pike","FromStreetName":"I-24","ToStreetName":"Old Clarksville Pike","YearCompleted":2012,"District":"01, 03"}},{"type":"Feature","id":236,"geometry":{"type":"LineString","coordinates":[[-86.7916524976114,36.2070378950185],[-86.7914691119189,36.2070910074729],[-86.7912921366545,36.2071568724962],[-86.7911229190234,36.2072349887036],[-86.7909627471881,36.2073247614494],[-86.7898253314376,36.2079860598988],[-86.7896566511359,36.2080754317265],[-86.7894790617885,36.2081526408827],[-86.7892938953055,36.2082171082932],[-86.7891025404369,36.208268350447],[-86.7887227581558,36.2083246132884],[-86.7883370220208,36.2083377344261],[-86.7881506476449,36.2083288301198],[-86.7879659069519,36.2083069790653],[-86.7877841667787,36.2082723429315],[-86.7876067717584,36.2082251779799],[-86.7862455097542,36.2078591915035],[-86.7849609047938,36.2075670903993],[-86.7839188237487,36.2073406471796],[-86.7820443329886,36.2069285091162],[-86.781492628706,36.2068258106889],[-86.7809313511527,36.2067662417706],[-86.7802537588093,36.2067398609402],[-86.7790513868569,36.2066975472139],[-86.7784612769165,36.2066674985462],[-86.7778736275573,36.2066145261635]]},"properties":{"OBJECTID":236,"BikewayType":"BL","Status":"Complete","OnStreetName":"W Trinity Ln","FromStreetName":"Whites Creek Pk / Baptist World Center Dr","ToStreetName":"Brick Church Pike","YearCompleted":2013,"District":"02"}},{"type":"Feature","id":237,"geometry":{"type":"LineString","coordinates":[[-86.772345787159,36.1944158424469],[-86.7712819188188,36.1943022202166],[-86.7705091332124,36.1942352634147],[-86.7685616125871,36.1940665622383]]},"properties":{"OBJECTID":237,"BikewayType":"BL","Status":"Complete","OnStreetName":"Douglas Ave","FromStreetName":"Dickerson Pike","ToStreetName":"Stockell Ave","YearCompleted":2007,"District":"05"}},{"type":"Feature","id":238,"geometry":{"type":"LineString","coordinates":[[-86.7685616125871,36.1940665622383],[-86.7664723536702,36.193891460894],[-86.7659538083639,36.1938418133535]]},"properties":{"OBJECTID":238,"BikewayType":"SSR","Status":"Complete","OnStreetName":"Douglas Ave","FromStreetName":"Stockell Ave","ToStreetName":"Pennock Ave","YearCompleted":2007,"District":"05"}},{"type":"Feature","id":239,"geometry":{"type":"LineString","coordinates":[[-86.7659538083639,36.1938418133535],[-86.764594749725,36.1937292313219],[-86.763796234494,36.1936589319061],[-86.7633203783687,36.1936123421814],[-86.7631448525154,36.1935924676956],[-86.7629087420005,36.1935834053045],[-86.7626767724673,36.1936202244792],[-86.7624792490416,36.1936907855447],[-86.7622994675828,36.1937876209195],[-86.7621205003557,36.1938842335185],[-86.761924523997,36.1939559547958],[-86.7617045521514,36.1940056815639],[-86.7614780611327,36.1940293563444],[-86.7612203277681,36.1940265597626],[-86.7609636126296,36.1940077989106],[-86.7601204212321,36.1939415726987],[-86.7589981104898,36.1938513420432],[-86.7581007123818,36.1937768579871],[-86.7571466715544,36.1936855534773],[-86.7561761874608,36.1935972050263],[-86.7552057781811,36.1935164801916],[-86.7541518527214,36.1934391307598],[-86.7533724319187,36.1933953502552],[-86.7527860942555,36.1933618079272]]},"properties":{"OBJECTID":239,"BikewayType":"BL","Status":"Complete","OnStreetName":"Douglas Ave","FromStreetName":"Pennock Ave","ToStreetName":"Ellington Pkwy","YearCompleted":2007,"District":"05"}},{"type":"Feature","id":240,"geometry":{"type":"LineString","coordinates":[[-86.7515662455589,36.1932991821287],[-86.7521559630417,36.1933169706116],[-86.7527860942555,36.1933618079272]]},"properties":{"OBJECTID":240,"BikewayType":"BL","Status":"Complete","OnStreetName":"Douglas Ave","FromStreetName":"Ellington Pkwy","ToStreetName":"Cline Ave","YearCompleted":2007,"District":"05"}},{"type":"Feature","id":241,"geometry":{"type":"LineString","coordinates":[[-86.7570971362329,36.2419825854653],[-86.7573635832435,36.240737276517],[-86.7576243611243,36.2391942627391],[-86.7578915644084,36.2376200286104],[-86.7580833333823,36.2365335632222],[-86.7582442055774,36.2356268966832],[-86.7584239113827,36.2344740250612],[-86.7586141674055,36.233316794745],[-86.7588166415001,36.2321451786988],[-86.7590287460006,36.2308733498271],[-86.759217943099,36.2297919525006],[-86.7592877109403,36.229332246988],[-86.7594083407231,36.2286518871848],[-86.7595045736921,36.2281379293996],[-86.759626329014,36.2276275369567],[-86.7597672548607,36.2271228802764],[-86.7599239480639,36.2266212850865],[-86.7602022921622,36.225815456855],[-86.7604191903543,36.2252317795809],[-86.7608457645086,36.224048731324],[-86.7612495228081,36.2228815634706],[-86.7616587453229,36.2217329576185],[-86.7620421036393,36.2206503289995],[-86.7624562692461,36.2194673505884],[-86.762832709717,36.2184019311978],[-86.7631867508411,36.2173953108755],[-86.7635683023582,36.2163126863284],[-86.7639770439403,36.2151211516917],[-86.7643104493525,36.2141747496304],[-86.7647244794567,36.2129846093273],[-86.7651559017489,36.211768602625],[-86.7654104179705,36.2110659229401],[-86.7655647910087,36.210667729941],[-86.7657630188938,36.2102824997905],[-86.7658915891257,36.2100802460429],[-86.7660345923196,36.2098844595565],[-86.7667227243709,36.2091117806712],[-86.766970346824,36.2088246266476],[-86.7671972704487,36.208526451753],[-86.7674275774417,36.208198911442],[-86.7676445950952,36.2078654647524],[-86.7678447123664,36.2075501133386],[-86.768023273323,36.2072263732886],[-86.7681985762371,36.2068692736665],[-86.7683534917375,36.206506035788],[-86.7685033516603,36.2061289383321],[-86.7686285915935,36.205745988018],[-86.7687707480544,36.2052900832091],[-86.7688827432258,36.2048286896322],[-86.7691083716098,36.2037012516412],[-86.7693086110386,36.2026870033038],[-86.7695293325598,36.2016010872183],[-86.7695678365378,36.2013847982157],[-86.7696384547921,36.2010268647877],[-86.7697409992132,36.2006740408621],[-86.7698704080176,36.2002666142932],[-86.7700314941551,36.1998666750965],[-86.7704959121134,36.1989737839797],[-86.7711287405429,36.1977922339528],[-86.7716334938351,36.1968747569522],[-86.771779103475,36.1966005523099],[-86.7719091602788,36.1963146363762],[-86.7720158967619,36.1960224450886],[-86.7721107299446,36.1956097812195],[-86.7722513868996,36.1948877807445],[-86.772345758142,36.1944128621609]]},"properties":{"OBJECTID":241,"BikewayType":"SSR","Status":"Complete","OnStreetName":"Dickerson Pike","FromStreetName":"Briley Pkwy","ToStreetName":"Douglas Ave","YearCompleted":2007,"District":"02, 03, 05, 08"}},{"type":"Feature","id":242,"geometry":{"type":"LineString","coordinates":[[-86.7616700459367,36.2217041057173],[-86.7582950935533,36.2211964968968],[-86.7562877095899,36.2209153033521],[-86.7558390743143,36.2208487692893],[-86.7543696410059,36.2206478269958],[-86.7529972809096,36.2204169655514],[-86.7529972809096,36.2204169655514],[-86.7525020109349,36.2203213058822],[-86.7520140697126,36.2202034865551],[-86.7515306313188,36.2200651825936],[-86.7510577532338,36.2199046891165],[-86.7506402414188,36.2197450562559],[-86.7502317742254,36.2195707368251],[-86.7489674036131,36.2189962715587],[-86.7478970712856,36.2185124456307],[-86.7474052248975,36.2182827560248]]},"properties":{"OBJECTID":242,"BikewayType":"SSR","Status":"Complete","OnStreetName":"Hart Ln","FromStreetName":"Dickerson Pike","ToStreetName":"Ellington Pkwy","YearCompleted":2007,"District":"08"}},{"type":"Feature","id":243,"geometry":{"type":"LineString","coordinates":[[-86.772345787159,36.1944158424469],[-86.7724801939164,36.1937138903307],[-86.7725582266308,36.1932931826316],[-86.7726131867007,36.1928700856439],[-86.772725800636,36.1918976432042],[-86.772829796669,36.1909467173058],[-86.772882719721,36.1904909201577],[-86.7729613976169,36.1899610364793],[-86.7731207184809,36.1889525244713],[-86.7732520679263,36.1882434582179],[-86.7733617891189,36.1874284154816],[-86.7734638296829,36.1865800379562],[-86.7735762974917,36.1855944777598],[-86.7737001543947,36.1845706918764],[-86.7737978684188,36.1837318782632],[-86.7738670694355,36.1831364767776],[-86.7739013769148,36.1827253433035],[-86.7739069868292,36.1823132952268],[-86.7738991106713,36.1819448131895],[-86.7738634109392,36.1815774139534],[-86.7738000220586,36.1812124769798],[-86.77370918241,36.1808513724658],[-86.7735823462285,36.1803924338451],[-86.7734976995764,36.1799165332877],[-86.7734348639605,36.1796292615135],[-86.7733304042223,36.1793500694301],[-86.7732377976316,36.1791922259801],[-86.7731302693997,36.1790407277518],[-86.7730084763907,36.1788965000947],[-86.7728731625856,36.1787604239449],[-86.7720675102348,36.1781837360378],[-86.7717986488827,36.1779754760666],[-86.7715705013815,36.1777374166818],[-86.7710988320668,36.1770226653727],[-86.77082710447,36.1766035178798]]},"properties":{"OBJECTID":243,"BikewayType":"SSR","Status":"Complete","OnStreetName":"Dickerson Pike","FromStreetName":"Douglas Ave","ToStreetName":"Spring St","YearCompleted":2007,"District":"05"}},{"type":"Feature","id":244,"geometry":{"type":"LineString","coordinates":[[-86.7745776694687,36.1769165649674],[-86.77082710447,36.1766035178798],[-86.7690560559127,36.1764590846338],[-86.7676290857873,36.1763498917396],[-86.7672993877721,36.1763242781408],[-86.7669730855697,36.1762782318514],[-86.7668213720151,36.1762372071073],[-86.7666751456262,36.1761846940435],[-86.7665357264477,36.1761211667207],[-86.7664043730641,36.1760471986293],[-86.7662713422761,36.1759508729936],[-86.7661518553197,36.1758435106398],[-86.7660472971171,36.1757263560094],[-86.7659588795342,36.1756007670416],[-86.7658521609103,36.1754061219114],[-86.7657867727072,36.1751998152162],[-86.765767231672,36.1749624969062],[-86.7657792473699,36.1747248499252],[-86.7658335463638,36.1741951225704],[-86.7658497732251,36.1740063139965],[-86.7658357832338,36.1738173877893],[-86.7657645169714,36.1736186055624],[-86.7656696597824,36.1734264125387],[-86.7653418806335,36.1728514231547]]},"properties":{"OBJECTID":244,"BikewayType":"SSR","Status":"Complete","OnStreetName":"Spring St","FromStreetName":"N 1st St","ToStreetName":"Main St","YearCompleted":2007,"District":"05, 06"}},{"type":"Feature","id":245,"geometry":{"type":"LineString","coordinates":[[-86.7474052248975,36.2182827560248],[-86.7470516629143,36.2181330110293],[-86.7466849476069,36.2180057217714],[-86.7463594440987,36.2179245145786],[-86.7460267990595,36.2178652837268],[-86.7448120450302,36.2176796307752],[-86.7434750192065,36.2174840060842],[-86.7420963216366,36.2172871554397],[-86.7410972500525,36.2171287554523],[-86.7400912260024,36.2169818348398],[-86.7396668581443,36.2169059826591],[-86.7392543379946,36.2167952402766],[-86.7390558030766,36.2167227012459],[-86.7388644795612,36.2166383927124],[-86.7386814281867,36.2165427821107],[-86.7385076638174,36.2164363995359],[-86.7382476931761,36.2162336514318],[-86.7380294580823,36.2160008169443]]},"properties":{"OBJECTID":245,"BikewayType":"SSR","Status":"Complete","OnStreetName":"Hart Ln","FromStreetName":"Ellington Pkwy","ToStreetName":"Saunders Ave","YearCompleted":2007,"District":"08"}},{"type":"Feature","id":246,"geometry":{"type":"LineString","coordinates":[[-86.7233661863654,36.1954004689023],[-86.7228601797559,36.1954497519172],[-86.722509908323,36.1954875833636],[-86.7221619765817,36.1955376288618],[-86.7218018148547,36.1955963589143],[-86.7214510730269,36.1956849533955],[-86.7206244921745,36.1959231016411],[-86.7203283138185,36.1960014232672],[-86.7200264951461,36.1960640208338],[-86.7197042790979,36.1961064917258],[-86.7193783094392,36.1961208225198],[-86.7190229058342,36.1961069232003],[-86.7186691823013,36.1960756844579],[-86.7178035953007,36.1960035731666],[-86.7172101155351,36.19596131606],[-86.7167985686274,36.1959322835629],[-86.7160178298457,36.195873247601],[-86.7152282222876,36.1958092517481],[-86.7145540007463,36.1957519600409],[-86.7140094400532,36.1957151710352],[-86.7134637631584,36.1956916384982],[-86.7123595769037,36.195650467224],[-86.7111070578721,36.1956025277172],[-86.7099522417804,36.1955578166959],[-86.7088444268013,36.1955051877709],[-86.7086822865481,36.1955007743738]]},"properties":{"OBJECTID":246,"BikewayType":"SSR","Status":"Complete","OnStreetName":"Porter Rd","FromStreetName":"Riverside Dr","ToStreetName":"Rosebank Ave","YearCompleted":2012,"District":"07"}},{"type":"Feature","id":247,"geometry":{"type":"LineString","coordinates":[[-86.7086822865481,36.1955007743738],[-86.7087087835258,36.1957615281611],[-86.7087153695281,36.1959148005091],[-86.708703656342,36.1960678716384],[-86.7086737534393,36.1962193095671],[-86.7086259404604,36.1963676975841],[-86.708509778965,36.1965951315377],[-86.7083651267936,36.1968115673698],[-86.7082606373994,36.196948477433],[-86.7081404620792,36.1970766538706],[-86.7080057039757,36.1971949200172],[-86.7078576001191,36.1973021901791],[-86.7077191993284,36.1973741172378],[-86.7075729517068,36.1974349954048],[-86.7074201958151,36.1974842674742],[-86.7072623297918,36.1975214824675],[-86.7062038610506,36.1977601748784],[-86.7050351833549,36.1980126156993],[-86.7045697642832,36.1981130997447],[-86.7041958126195,36.1981979348612],[-86.7038149614747,36.1982593837999],[-86.7035769597987,36.1982720888082],[-86.7033384504558,36.1982705069417],[-86.7029235079687,36.1982574234696]]},"properties":{"OBJECTID":247,"BikewayType":"WOL","Status":"Complete","OnStreetName":"Rosebank Ave","FromStreetName":"Porter Rd","ToStreetName":"Shelby Bottoms Greenway","YearCompleted":2012,"District":"07"}},{"type":"Feature","id":248,"geometry":{"type":"LineString","coordinates":[[-86.7172101155351,36.19596131606],[-86.7174395552052,36.1941361530646],[-86.7174485327292,36.194043346784],[-86.7174517483177,36.193900146219],[-86.7174299565524,36.1937580153223],[-86.7173180054737,36.1933823936373],[-86.7172643778002,36.1932195532447],[-86.7172470575236,36.1930515965444],[-86.7172513024928,36.1928245358157],[-86.7172791461871,36.1925985733431],[-86.7173564126167,36.1920665910025],[-86.7174153216251,36.1916289441674],[-86.7178460997561,36.1883832537013],[-86.717917992411,36.1878070071972],[-86.7180659874626,36.1866078719786]]},"properties":{"OBJECTID":248,"BikewayType":"SSR","Status":"Complete","OnStreetName":"Preston Dr","FromStreetName":"Porter Rd","ToStreetName":"Rosebank Ave","YearCompleted":2012,"District":"06, 07"}},{"type":"Feature","id":249,"geometry":{"type":"LineString","coordinates":[[-86.7483513551252,36.183801037427],[-86.748326422477,36.1837968515011],[-86.7467608964959,36.1836348614923],[-86.744875444055,36.1834521652081],[-86.7409717603982,36.1831027614567],[-86.739828863149,36.1829938795358],[-86.738424932131,36.1828704899496],[-86.7370822957928,36.1827602981537],[-86.7357664067759,36.1826467109239],[-86.7343834602059,36.1825335173231],[-86.7334967500741,36.1824530630568]]},"properties":{"OBJECTID":249,"BikewayType":"BL","Status":"Complete","OnStreetName":"Eastland Ave","FromStreetName":"Gallatin Pike","ToStreetName":"Porter Rd","YearCompleted":2006,"District":"06"}},{"type":"Feature","id":250,"geometry":{"type":"LineString","coordinates":[[-86.7443912300497,36.1926567306371],[-86.7449428415063,36.1927486458361],[-86.745500691797,36.1928111034967],[-86.746486378876,36.192891812677],[-86.749031407751,36.1931140327445],[-86.7515662455589,36.1932991821287]]},"properties":{"OBJECTID":250,"BikewayType":"BL","Status":"Complete","OnStreetName":"Douglas Ave","FromStreetName":"Cline Ave","ToStreetName":"Gallatin Ave","YearCompleted":2007,"District":"05, 06"}},{"type":"Feature","id":251,"geometry":{"type":"LineString","coordinates":[[-86.7452938184346,36.1908027489482],[-86.7443497269795,36.1905592043623],[-86.7431450730962,36.1902447059755],[-86.7423148781491,36.1900208930949],[-86.7421008242811,36.1899707894566],[-86.7418811054263,36.189940861497],[-86.7410125200894,36.1898579659319],[-86.7392847377459,36.1896889504931],[-86.7382424614281,36.1895915986064],[-86.7367512021003,36.189454055934],[-86.7353880609303,36.1893324067898],[-86.7338614589916,36.189189081911],[-86.7322950735196,36.1890376334048],[-86.7307626213918,36.1888966896178],[-86.7294583735789,36.1887793865986],[-86.7291624651979,36.1887501743996]]},"properties":{"OBJECTID":251,"BikewayType":"SSR","Status":"Complete","OnStreetName":"Greenwood Ave","FromStreetName":"Gallatin Pike","ToStreetName":"Porter Rd","YearCompleted":2006,"District":"05, 06"}},{"type":"Feature","id":252,"geometry":{"type":"LineString","coordinates":[[-86.726564679731,36.1881810708268],[-86.7275998245498,36.1882752803516],[-86.7279466407747,36.1883234146694],[-86.728279177195,36.188416643918],[-86.7291624651979,36.1887501743996]]},"properties":{"OBJECTID":252,"BikewayType":"BL","Status":"Complete","OnStreetName":"Greenwood Ave","FromStreetName":"Porter Rd","ToStreetName":"Riverside Dr","YearCompleted":2012,"District":"06"}},{"type":"Feature","id":253,"geometry":{"type":"LineString","coordinates":[[-86.7422326954464,36.1966690475318],[-86.7338951850473,36.1958636403921],[-86.7328174778266,36.1957604958168],[-86.732742149547,36.1957520170099],[-86.7326673746287,36.1957457834378]]},"properties":{"OBJECTID":253,"BikewayType":"BBL","Status":"Complete","OnStreetName":"Cahal Ave","FromStreetName":"Gallatin Pike","ToStreetName":"Scott Ave","YearCompleted":2022,"District":"07"}},{"type":"Feature","id":254,"geometry":{"type":"LineString","coordinates":[[-86.6885143555327,36.0896136399749],[-86.6884641016606,36.0896471544254],[-86.6852950741768,36.0917742489873],[-86.6847097673525,36.0921653252591],[-86.684423011603,36.0923475666347],[-86.6841239952843,36.0925163303765],[-86.6838265320309,36.0926633383389],[-86.6835110493166,36.0927830710037],[-86.6832142743539,36.0928832949377],[-86.682909725869,36.0929667564652],[-86.6825358633605,36.0930505716805],[-86.6821534476506,36.0931031467456],[-86.6818097874554,36.0931288220258],[-86.6814647103778,36.0931328753522],[-86.6809921092383,36.0931202138474],[-86.6805219880305,36.0930789799867],[-86.678880509957,36.0928450000761],[-86.6776343998833,36.0926466682165],[-86.676971853794,36.0925499457958]]},"properties":{"OBJECTID":254,"BikewayType":"BBL","Status":"Complete","OnStreetName":"Harding Pl","FromStreetName":"Harding Industrial Dr","ToStreetName":"Ezell Pike","YearCompleted":2014,"District":"13, 28"}},{"type":"Feature","id":255,"geometry":{"type":"LineString","coordinates":[[-86.6730695197952,36.1062263522837],[-86.6735349421566,36.1054772154822],[-86.6740073689293,36.1048227679692],[-86.6742129602512,36.1045319780889],[-86.6744043728916,36.1042348831086],[-86.6745377298372,36.1039845030335],[-86.6746492303991,36.1037271813997],[-86.6747383311442,36.1034641728394],[-86.6748045978691,36.1031967597001],[-86.6749862334372,36.1024402923302],[-86.6750438477203,36.1021890879599],[-86.6751170294693,36.101940566988],[-86.6752055915729,36.1016953643409],[-86.6753093076319,36.1014541064618],[-86.6754113868817,36.1012479697748],[-86.6755308971589,36.1010480985823],[-86.6756672587293,36.100855462227],[-86.675819810147,36.1006709949574],[-86.6765741298627,36.0998121129725],[-86.6767486691775,36.0996147664879],[-86.6768973990188,36.0994039570577],[-86.6770220575938,36.0991885770794],[-86.6771310998452,36.0989676876235],[-86.6772398943733,36.0986638473495],[-86.6773065364869,36.0983520950617],[-86.6775593980022,36.096267781628],[-86.6776408815294,36.0956244257681],[-86.6777154222743,36.0953341005658],[-86.6778093670631,36.0950475080602],[-86.6779224358873,36.0947655018233],[-86.678054291791,36.0944889217589],[-86.678880509957,36.0928450000761]]},"properties":{"OBJECTID":255,"BikewayType":"SSR","Status":"Complete","OnStreetName":"Donelson Pike","FromStreetName":"Murfreesboro Pike","ToStreetName":"Harding Pl","YearCompleted":2015,"District":"13, 28"}},{"type":"Feature","id":256,"geometry":{"type":"LineString","coordinates":[[-86.7000330627773,36.0860066034683],[-86.6998906603494,36.0860520949968],[-86.6979584852204,36.0866681761851],[-86.6974969516408,36.0867795008701],[-86.6970225387224,36.0868462222282],[-86.6965417657256,36.0868674233904],[-86.6960612393423,36.086842813015],[-86.6949371599095,36.0867869752636],[-86.6945871727506,36.0867756401538],[-86.6942378112091,36.0867960545552],[-86.6938934332045,36.0868479638193],[-86.6935583345096,36.0869307204306],[-86.693167640157,36.0870535379534],[-86.6927885872201,36.0871984108612],[-86.6921924057334,36.0874255139736],[-86.6913974318496,36.0877860658412],[-86.6909749818398,36.0879916587698],[-86.690580393943,36.0882257071865],[-86.6900228057603,36.0886025578015],[-86.6896025262567,36.0888879336976],[-86.6885143555327,36.0896136399749]]},"properties":{"OBJECTID":256,"BikewayType":"SSR","Status":"Complete","OnStreetName":"Harding Pl","FromStreetName":"I-24","ToStreetName":"Ezell Pike","YearCompleted":2014,"District":"13, 28, 30"}},{"type":"Feature","id":257,"geometry":{"type":"LineString","coordinates":[[-86.7177400474532,36.338614054106],[-86.7176102455887,36.3382813803556],[-86.7174962569332,36.3379449354017],[-86.7173982479076,36.3376052110429],[-86.7173163615686,36.3372627038655],[-86.717250717401,36.3369179145172],[-86.7172014111441,36.3365713469752],[-86.7171685146528,36.3362235078094],[-86.7171520757941,36.3358749054417],[-86.7171869029209,36.3353274603923],[-86.7171915547989,36.3347122556208],[-86.7171801801594,36.334097108055],[-86.7171136233209,36.3335790622579],[-86.716991938466,36.3330676153956],[-86.7168160386416,36.3325666006073],[-86.7165872431509,36.3320797727768],[-86.7159321816306,36.3310106333281],[-86.7156031788063,36.3304832356395],[-86.7153084751645,36.3299427235076],[-86.7150488655383,36.3293905560214],[-86.7148250499805,36.3288282237031],[-86.7145730803395,36.3280106419833],[-86.7141647620555,36.3265203645585],[-86.7137320039251,36.324932464766],[-86.7136165861613,36.3245234447703],[-86.7135198071454,36.3241112711101],[-86.713441797122,36.3236964997281],[-86.7133826610146,36.3232796900626],[-86.7132976699666,36.3222830863419]]},"properties":{"OBJECTID":257,"BikewayType":"SSR","Status":"Complete","OnStreetName":"Dickerson Pike","FromStreetName":"County Line","ToStreetName":"Long Hollow Pike","YearCompleted":2014,"District":"10"}},{"type":"Feature","id":258,"geometry":{"type":"LineString","coordinates":[[-86.7685563050118,36.2518723002075],[-86.768406046013,36.2519014420928],[-86.7682529401035,36.2519182549564],[-86.7680985253189,36.2519225699035],[-86.767944352845,36.2519143435881],[-86.7669455303445,36.2518324592444],[-86.7663320048882,36.2518037203091],[-86.7657177358808,36.25181878585],[-86.7652079709388,36.251813172565],[-86.7646988388267,36.2517918546025],[-86.7628900276792,36.2516697537876],[-86.7627101416612,36.2516577021832],[-86.7625296581692,36.251659698665],[-86.7623502455774,36.2516757247774],[-86.762173562362,36.2517056323764],[-86.7614401148052,36.2518495144961],[-86.761173934663,36.2518831006449],[-86.7609046139587,36.251888075621],[-86.7606368201161,36.2518643532063],[-86.7603751940933,36.2518123445182],[-86.7598277356756,36.2516175134768],[-86.7594757658709,36.2514896999206],[-86.7591043867873,36.2514052874246],[-86.7587217055332,36.2513661186839],[-86.7583360758817,36.2513730487361],[-86.7573928999503,36.2514693198981]]},"properties":{"OBJECTID":258,"BikewayType":"BL","Status":"Complete","OnStreetName":"Mulberry Downs Cir","FromStreetName":"Berrywood Way","ToStreetName":"Dickerson Pike","YearCompleted":2014,"District":"03, 08"}},{"type":"Feature","id":259,"geometry":{"type":"LineString","coordinates":[[-86.8144909533438,36.1412680150535],[-86.813135676587,36.1418948277561],[-86.8122347958893,36.1423472991026],[-86.8103812420338,36.1432506620127],[-86.8102518040675,36.1431540521175],[-86.8100988337662,36.1430836150061]]},"properties":{"OBJECTID":259,"BikewayType":"SSR","Status":"Complete","OnStreetName":"Vanderbilt Pl","FromStreetName":"31st Ave S","ToStreetName":"Natchez Trc","YearCompleted":2014,"District":"18, 21"}},{"type":"Feature","id":260,"geometry":{"type":"LineString","coordinates":[[-86.8100988337662,36.1430836150061],[-86.8099349642476,36.143056401503],[-86.8085638416634,36.1429218042593],[-86.8065723867187,36.1427216972988]]},"properties":{"OBJECTID":260,"BikewayType":"SSR","Status":"Complete","OnStreetName":"Jess Neely Dr","FromStreetName":"Natchez Trc","ToStreetName":"25th Ave S","YearCompleted":2014,"District":"18"}},{"type":"Feature","id":261,"geometry":{"type":"LineString","coordinates":[[-86.8181712230032,36.1539427214152],[-86.8181271192448,36.1538022079609],[-86.8180967291697,36.1536952933897],[-86.8180828136311,36.1535861568344],[-86.8180855846118,36.1534764613633],[-86.8181049998176,36.1533678785543],[-86.8183466741091,36.1526808977743],[-86.818562175857,36.1523646658181],[-86.8189818311795,36.1518295685262],[-86.8190728915184,36.1517186806422],[-86.8191404148008,36.1515972263295],[-86.8191825902781,36.1514684627856],[-86.8191982870058,36.1513358432136],[-86.819187084161,36.1512029242111],[-86.8191492823137,36.1510732703883],[-86.8190858953524,36.1509503587735],[-86.8189986232804,36.1508374855687],[-86.8179272135108,36.1499050465546]]},"properties":{"OBJECTID":261,"BikewayType":"PBL","Status":"Complete","OnStreetName":"28th Ave N","FromStreetName":"Charlotte Ave","ToStreetName":"Park Plz","YearCompleted":2015,"District":"21"}},{"type":"Feature","id":262,"geometry":{"type":"LineString","coordinates":[[-86.6449039351196,36.0617263410512],[-86.6446158024541,36.0617091825011],[-86.6444628926551,36.0616892419376],[-86.6443133072218,36.0616566756354],[-86.6441686231567,36.0616118269252],[-86.6440303657831,36.0615551686245],[-86.6438999926622,36.0614872980521],[-86.6437788782258,36.0614089307304],[-86.6436682992855,36.0613208928412],[-86.6435694215719,36.0612241125145],[-86.6434552227842,36.061114070046],[-86.643324184579,36.0610171845623],[-86.6431785854845,36.0609351406934],[-86.6430209571865,36.0608693650009],[-86.6428540405098,36.0608210011756],[-86.6426807377648,36.0607908901535],[-86.6425040622876,36.0607795554955],[-86.6423270860512,36.0607871942848],[-86.6416986227918,36.06086494275]]},"properties":{"OBJECTID":262,"BikewayType":"BBL","Status":"Complete","OnStreetName":"Hickory Highlands Dr","FromStreetName":"Rural Hill Rd","ToStreetName":"Library Entrance","YearCompleted":2014,"District":"32"}},{"type":"Feature","id":263,"geometry":{"type":"LineString","coordinates":[[-86.6416986227918,36.06086494275],[-86.641154681682,36.060935084869],[-86.6410129511485,36.0609484576348],[-86.6408702686195,36.060947882899],[-86.6407287084739,36.0609333690174],[-86.6405903287708,36.0609051269986],[-86.6404571413262,36.0608635674364],[-86.640331082461,36.0608092945392],[-86.6402139848479,36.0607430973457],[-86.6401075508662,36.0606659382516],[-86.6399530132089,36.0605403808686]]},"properties":{"OBJECTID":263,"BikewayType":"BL","Status":"Complete","OnStreetName":"Hickory Highlands Dr","FromStreetName":"Library Entrance","ToStreetName":"Bell Rd","YearCompleted":2014,"District":"32"}},{"type":"Feature","id":264,"geometry":{"type":"LineString","coordinates":[[-86.7193910428911,36.2494240286493],[-86.7178545859401,36.2491205183745],[-86.7155688941555,36.2486607446067]]},"properties":{"OBJECTID":264,"BikewayType":"SSR","Status":"Complete","OnStreetName":"E Palestine Ave","FromStreetName":"Gallatin Pike","ToStreetName":"Argle Ave","YearCompleted":2014,"District":"07"}},{"type":"Feature","id":265,"geometry":{"type":"LineString","coordinates":[[-86.7588329447926,36.1338816593259],[-86.7589445441374,36.1338324764771],[-86.7590372931536,36.1337620938964],[-86.7591052216077,36.133675042137],[-86.7591439570181,36.1335769247376],[-86.7601943918556,36.1295294370654],[-86.7602327339482,36.1293857118051],[-86.7602869752669,36.1292453971284],[-86.7603566692641,36.1291096479772],[-86.7604412422082,36.1289795817086],[-86.7605399979083,36.1288562688983],[-86.7606521234463,36.1287407245297],[-86.7607766958695,36.1286338996401],[-86.7609126897883,36.128536673494],[-86.7648297908902,36.1261473961998],[-86.7650586132408,36.126011905],[-86.7653132396796,36.1259111718297],[-86.7655857335379,36.1258483364972],[-86.7658676013048,36.125825357546],[-86.7680283242512,36.1259777220793],[-86.7688685888207,36.1260449511414],[-86.7716886412662,36.1264107938597],[-86.7736471554148,36.1266439124628],[-86.774153189031,36.1266739101484],[-86.7746603616653,36.1266620632],[-86.7751634292314,36.1266084941128],[-86.7756571901085,36.1265137567805],[-86.7770686208496,36.1262227182298]]},"properties":{"OBJECTID":265,"BikewayType":"SSR","Status":"Complete","OnStreetName":"Craighead St","FromStreetName":"Franklin Pike","ToStreetName":"Nolensville Pike","YearCompleted":2007,"District":"17"}},{"type":"Feature","id":266,"geometry":{"type":"LineString","coordinates":[[-86.717661704982,36.2519589282113],[-86.715567622475,36.2510473234837],[-86.7154745403425,36.2510185425834],[-86.715376739369,36.2510031347087],[-86.7152771245928,36.2510015575284],[-86.7151786549254,36.2510138578903],[-86.7149918146203,36.2510398693829],[-86.7148024645861,36.2510474329968],[-86.7146133710291,36.2510364382359],[-86.7144272964084,36.251007045722],[-86.7142469590734,36.2509596848481],[-86.7140749935459,36.250895047505],[-86.7139139120289,36.250814077972],[-86.713766067702,36.2507179591199],[-86.7136336203423,36.2506080951292],[-86.7135185047723,36.2504860909741],[-86.7134224025958,36.2503537289736],[-86.713346717634,36.2502129427523],[-86.7132925554227,36.2500657889903],[-86.7132607070669,36.2499144173769],[-86.7132516376908,36.2497610392055],[-86.7132654796507,36.2496078950697],[-86.7133020306088,36.2494572221312],[-86.7133607564966,36.2493112214401],[-86.7134407993242,36.2491720257818],[-86.7135409897198,36.2490416685227],[-86.7136598640177,36.248922053909],[-86.7137956856428,36.248814929251],[-86.7139464704806,36.2487218594014],[-86.7141100158622,36.2486442038985],[-86.7142839327382,36.2485830971085],[-86.7144656805759,36.2485394316573],[-86.7146526044663,36.2485138453926],[-86.7148419739011,36.2485067120679],[-86.7150310226539,36.2485181358841],[-86.7152169891818,36.2485479499667],[-86.7153971569595,36.2485957188038],[-86.7155688941555,36.2486607446067]]},"properties":{"OBJECTID":266,"BikewayType":"BL","Status":"Complete","OnStreetName":"E Webster St / E Palestine Ave","FromStreetName":"Gallatin Pike","ToStreetName":"Argle Ave","YearCompleted":2014,"District":"07"}},{"type":"Feature","id":267,"geometry":{"type":"LineString","coordinates":[[-86.834310177579,36.1571207811987],[-86.8327466046781,36.1570105619481],[-86.8323274631008,36.1569714838064],[-86.8321185566412,36.1569606752887],[-86.8319093767151,36.1569671276217],[-86.8317020862898,36.1569907740869],[-86.8314988287986,36.157031370174],[-86.8313017059806,36.1570884961093],[-86.8311127561528,36.1571615611948],[-86.8309339331355,36.1572498099158],[-86.8307670860523,36.1573523297514],[-86.8305349149984,36.1575202742687],[-86.8302772960733,36.1576617264192],[-86.8299987932808,36.1577741801577],[-86.8297043406838,36.1578556431813],[-86.8283321994929,36.1582148942932],[-86.8260049972913,36.1588336787323],[-86.8250173299475,36.159096066678],[-86.824580260487,36.1592001614098],[-86.8242861457332,36.1592548682498],[-86.823984555311,36.1592628922639],[-86.8224779938896,36.1591129226341],[-86.820717180051,36.1589446318549],[-86.8189069468011,36.1587737901369],[-86.8183311571987,36.1587147418841],[-86.816641047822,36.1585573584521],[-86.8149403168604,36.158395732153],[-86.8131476616964,36.1582160999598],[-86.8113886230765,36.1580448007018],[-86.8095766791513,36.1578752610888],[-86.8079519395813,36.1577230407147],[-86.8066752364417,36.1576156893974],[-86.8047644299283,36.1574381538159],[-86.8040103016198,36.1573630572312]]},"properties":{"OBJECTID":267,"BikewayType":"SSR","Status":"Complete","OnStreetName":"Clifton Ave","FromStreetName":"40th Ave N","ToStreetName":"Spruce St","YearCompleted":2009,"District":"21"}},{"type":"Feature","id":268,"geometry":{"type":"LineString","coordinates":[[-86.8038764776721,36.1570766752084],[-86.8040103016198,36.1573630572312],[-86.8044018591432,36.1580472187096],[-86.8036818717793,36.1582079700369],[-86.8030748219357,36.1583708270985],[-86.8032498347742,36.1589276635934],[-86.8033202192204,36.1591138271521],[-86.8034263943142,36.1592884735542],[-86.8035840682078,36.1595263627851],[-86.8036210566589,36.1595972477881],[-86.8036228892488,36.1596742033867],[-86.803589303072,36.1597461935566],[-86.803525114572,36.1598028943273],[-86.8026696098498,36.1601734348724],[-86.8016858682843,36.1606006207245],[-86.7999326321084,36.1613576861958],[-86.7989207187299,36.1617936205121],[-86.7980030667365,36.1621954263443]]},"properties":{"OBJECTID":268,"BikewayType":"SSR","Status":"Complete","OnStreetName":"Jo Johnston Ave","FromStreetName":"Clifton Ave","ToStreetName":"16th Ave N","YearCompleted":2009,"District":"19, 21"}},{"type":"Feature","id":269,"geometry":{"type":"LineString","coordinates":[[-86.9414453039889,36.068881863604],[-86.9405771229233,36.0688318182973],[-86.9401683132839,36.0688135955496],[-86.9397589062698,36.0688167380944],[-86.9389179964363,36.068869792834],[-86.9379909217811,36.0689640510595],[-86.936810072232,36.0690841231342],[-86.9353651662879,36.0692300795582],[-86.935005743161,36.0692638683314],[-86.9346754827711,36.0692907442549],[-86.9343438170319,36.0693011944663],[-86.9341685878183,36.0692934981213],[-86.9339952567048,36.0692712426847],[-86.9338256540679,36.0692346631738],[-86.9336615709057,36.069184145868],[-86.9334426376633,36.0690987982943],[-86.9332348341182,36.0689967461852],[-86.9330400881589,36.0688789363466],[-86.932860206507,36.0687464617746]]},"properties":{"OBJECTID":269,"BikewayType":"BBL","Status":"Complete","OnStreetName":"Baugh Rd","FromStreetName":"Bellevue Rd","ToStreetName":"Old Harding Pike","YearCompleted":2015,"District":"22"}},{"type":"Feature","id":270,"geometry":{"type":"LineString","coordinates":[[-86.706098204535,36.0366572064739],[-86.7061488511885,36.0362676674356],[-86.7061855089733,36.0360893115194],[-86.7062503958705,36.0359163380307],[-86.7063424109874,36.0357516812168],[-86.7064599932672,36.0355981342269],[-86.7070500125979,36.0349245800237],[-86.7072584585337,36.0346703005175],[-86.7074290402654,36.0343980399919],[-86.7075594383856,36.0341115010193],[-86.7076478800211,36.0338145803101],[-86.7077906203772,36.0330291829723],[-86.7078529033541,36.0328658865486],[-86.7079419866915,36.0327110015609],[-86.708056210139,36.032567414347],[-86.7081934449846,36.0324378006918]]},"properties":{"OBJECTID":270,"BikewayType":"BBL","Status":"Complete","OnStreetName":"Cedarmont Dr","FromStreetName":"Maxine Dr","ToStreetName":"Barnes Rd","YearCompleted":2015,"District":"31"}},{"type":"Feature","id":271,"geometry":{"type":"LineString","coordinates":[[-86.6445700892597,36.0794791605615],[-86.6444857568982,36.0795811610872],[-86.6443819306446,36.0796705318187],[-86.6442614307851,36.0797448450815],[-86.6441275305582,36.0798020822173],[-86.6421977843691,36.0805635383698],[-86.6420082078093,36.0806189649554],[-86.6418107227916,36.0806514472604],[-86.6407834692585,36.0807666043203],[-86.6404685833753,36.080827709324],[-86.6401714280832,36.0809320383787],[-86.6399009326698,36.081076456504],[-86.6396652254388,36.0812566240643],[-86.6393219320899,36.0816733722033],[-86.6392080540608,36.0817825687579],[-86.639079609047,36.0818805381601],[-86.6389382653649,36.0819660078903],[-86.6387858588896,36.0820378677827],[-86.6386243692079,36.0820951844468],[-86.6384558939039,36.082137213393],[-86.6382826213103,36.0821634087035],[-86.6381068020812,36.0821734301249],[-86.6365308740447,36.082010066119],[-86.6362046757617,36.0819466570544],[-86.6358887908653,36.0818550933213],[-86.635586895754,36.0817364405865],[-86.6353025039634,36.0815920797875],[-86.6334192523174,36.0800948972636],[-86.6325691620782,36.079379814518],[-86.6320910759729,36.0789417416457],[-86.6318154820646,36.0786403366193],[-86.6317100735677,36.0785163634105],[-86.6315909024554,36.0784008965719],[-86.6314590043182,36.0782949394491],[-86.6313155253236,36.0781994127491],[-86.6310503377308,36.0780361608943],[-86.6308220931167,36.077839530837]]},"properties":{"OBJECTID":271,"BikewayType":"PBL","Status":"Complete","OnStreetName":"Edge O Lake Dr","FromStreetName":"Murfreesboro Pike","ToStreetName":"Rural Hill Rd","YearCompleted":2024,"District":"28, 29"}},{"type":"Feature","id":272,"geometry":{"type":"LineString","coordinates":[[-86.8442422728697,36.1432574066918],[-86.8417887799683,36.143339284885],[-86.8390298162288,36.1434339070412],[-86.8384654920859,36.1434492761209],[-86.8382536431565,36.1434335787229],[-86.8364595400003,36.143257165701],[-86.8351598742129,36.1431288136978],[-86.8307948779658,36.142712543789],[-86.8304556146325,36.1426576481469],[-86.8298187054437,36.1424788903806],[-86.8294364543302,36.1423613323255],[-86.8292099013692,36.1422884889798],[-86.8290897793517,36.1422721450987],[-86.8289203887509,36.1422675858211]]},"properties":{"OBJECTID":272,"BikewayType":"SSR","Status":"Complete","OnStreetName":"Nebraska Ave","FromStreetName":"48th Ave N","ToStreetName":"37th Ave N","YearCompleted":2014,"District":"24"}},{"type":"Feature","id":273,"geometry":{"type":"LineString","coordinates":[[-86.690766311384,36.1519931790594],[-86.6911046997473,36.1516615024871],[-86.6913365812583,36.1514802176474],[-86.6915846989026,36.151313670089],[-86.6918476322696,36.1511628131906],[-86.6921238761653,36.1510285105072],[-86.6924125263155,36.1509142827314],[-86.6927121048531,36.1508203699973],[-86.6930204427701,36.1507474522422],[-86.6933353076608,36.1506960573963],[-86.6936805161283,36.150651028025],[-86.6940285820669,36.1506241102667],[-86.6953215342248,36.1505367832562],[-86.6967731875367,36.150441371854],[-86.6984172763984,36.1503293293499],[-86.6995941485928,36.1502497807472],[-86.7001370203009,36.1502093186663],[-86.7006767234461,36.1501469234016],[-86.701091102574,36.1500754607068],[-86.701494013076,36.149969291202],[-86.7019089494924,36.1498229481654],[-86.7023070928596,36.149648600826],[-86.7027098535388,36.1494244661857],[-86.7030849625178,36.1491707262036],[-86.7033047331416,36.1489980784067],[-86.7035051604909,36.1488105856267],[-86.7037785844618,36.1485104384079],[-86.7040215738116,36.1481935372797],[-86.7044866225911,36.1474217863728],[-86.704833958704,36.1468045288651],[-86.7049673068942,36.1465862451396],[-86.705123330852,36.1463780834392],[-86.7053008717541,36.1461815895955],[-86.7054986110191,36.1459982227829],[-86.7057651293747,36.1458059955502],[-86.7060599517943,36.1456432094179],[-86.70642630845,36.1454806222922],[-86.7068129666532,36.1453526470695],[-86.7072224080584,36.1452678467469],[-86.7076408874073,36.1452202180589],[-86.7090331178934,36.1450677762794],[-86.7104796789775,36.1449090366074],[-86.7110408065516,36.1448467693507]]},"properties":{"OBJECTID":273,"BikewayType":"SSR","Status":"Complete","OnStreetName":"Elm Hill Pike","FromStreetName":"Massman Dr","ToStreetName":"Briley Pkwy","YearCompleted":2011,"District":"15"}},{"type":"Feature","id":274,"geometry":{"type":"LineString","coordinates":[[-86.750345830302,36.1741378534743],[-86.7476032317476,36.1738946470216],[-86.7463295440422,36.1737801669425],[-86.7444875337486,36.1735967526275],[-86.7424284256272,36.1734055519892],[-86.7398539502845,36.1731411689159],[-86.7386015473976,36.1730379545489],[-86.7370427532576,36.1729017105188]]},"properties":{"OBJECTID":274,"BikewayType":"SSR","Status":"Complete","OnStreetName":"Fatherland St","FromStreetName":"S 11th St","ToStreetName":"S 19th St","YearCompleted":2012,"District":"06"}},{"type":"Feature","id":275,"geometry":{"type":"LineString","coordinates":[[-86.6991885134216,36.2969153561951],[-86.7004659495145,36.2954701038996],[-86.7019994108636,36.293670442496],[-86.7023100631216,36.2932392317524],[-86.7025895926062,36.2927942830375],[-86.7028320086012,36.2923785722248],[-86.7030445716191,36.2919522901345],[-86.7038913779127,36.2901255946921],[-86.7047696091651,36.2881937910246],[-86.7054196952611,36.2867759809554],[-86.706491325189,36.2844114357069],[-86.7069535387142,36.2834000818952],[-86.7075312203928,36.282128137849],[-86.7082420487476,36.2805978817263],[-86.7088329042824,36.279384708084]]},"properties":{"OBJECTID":275,"BikewayType":"BBL","Status":"Complete","OnStreetName":"Gallatin Pike","FromStreetName":"Myatt Dr","ToStreetName":"One Mile Pkwy","YearCompleted":2015,"District":"10"}},{"type":"Feature","id":276,"geometry":{"type":"LineString","coordinates":[[-86.7119236458799,36.2630440066383],[-86.7121977978278,36.2622431900178],[-86.7125576401218,36.2612490073637],[-86.7130375926771,36.2598764985359],[-86.71354704709,36.2584470609074],[-86.7139568866979,36.2572700167111],[-86.7143788974449,36.2561515839265],[-86.7145342750794,36.2558820370859],[-86.7147086867811,36.2556202399613],[-86.7149573136532,36.255307864123],[-86.7152349134684,36.2550119298503]]},"properties":{"OBJECTID":276,"BikewayType":"BBL","Status":"Complete","OnStreetName":"Gallatin Pike","FromStreetName":"Old Hickory Blvd","ToStreetName":"Neelys Bend Rd","YearCompleted":2017,"District":"08, 09"}},{"type":"Feature","id":277,"geometry":{"type":"LineString","coordinates":[[-86.7834842116214,36.1706799816035],[-86.7831169111298,36.1701172124064],[-86.7829362262437,36.1698381928901]]},"properties":{"OBJECTID":277,"BikewayType":"SSR","Status":"Complete","OnStreetName":"4th Ave N","FromStreetName":"Harrison St","ToStreetName":"RR","YearCompleted":2015,"District":"19"}},{"type":"Feature","id":278,"geometry":{"type":"LineString","coordinates":[[-86.7829362262437,36.1698381928901],[-86.78282274746,36.1696636601859],[-86.7827403068613,36.1695626572273],[-86.7826296631498,36.169481284588],[-86.782497666894,36.1694245804481],[-86.7823524906434,36.1693960556305],[-86.7812809150088,36.1692885355557],[-86.7809450018496,36.1692581610331]]},"properties":{"OBJECTID":278,"BikewayType":"BL","Status":"Complete","OnStreetName":"4th Ave N","FromStreetName":"RR","ToStreetName":"3rd Ave N","YearCompleted":2015,"District":"19"}},{"type":"Feature","id":279,"geometry":{"type":"LineString","coordinates":[[-86.721186890091,36.2818206694849],[-86.7207509402059,36.2814699207306],[-86.7204656302901,36.281267769479],[-86.720193961465,36.2811074545221],[-86.7198681429315,36.2809779668634],[-86.7195239795744,36.2808846406403],[-86.7191675619361,36.280829127404],[-86.7188051973649,36.2808124095439]]},"properties":{"OBJECTID":279,"BikewayType":"SSR","Status":"Complete","OnStreetName":"Apple Valley Rd","FromStreetName":"N Graycroft Ave","ToStreetName":"350' East of Primm Dr","YearCompleted":2015,"District":"08, 10"}},{"type":"Feature","id":280,"geometry":{"type":"LineString","coordinates":[[-86.7188051973649,36.2808124095439],[-86.718619734876,36.2808183113613],[-86.7184357130824,36.2808379020279],[-86.7182546699702,36.280871017812],[-86.7180781186355,36.2809173819438],[-86.7170202944921,36.2812796160004],[-86.715319805098,36.2818503601491],[-86.7148135664485,36.2820054743019],[-86.7139065936456,36.2822836164308]]},"properties":{"OBJECTID":280,"BikewayType":"BBL","Status":"Complete","OnStreetName":"Apple Valley Rd","FromStreetName":"350' East of Primm Dr","ToStreetName":"Connare Dr","YearCompleted":2015,"District":"08, 10"}},{"type":"Feature","id":281,"geometry":{"type":"LineString","coordinates":[[-86.7152941378148,36.2849801431576],[-86.7139065936456,36.2822836164308]]},"properties":{"OBJECTID":281,"BikewayType":"BL","Status":"Complete","OnStreetName":"Connare Dr","FromStreetName":"N Graycroft Ave","ToStreetName":"Apple Valley Rd","YearCompleted":2015,"District":"10"}},{"type":"Feature","id":282,"geometry":{"type":"LineString","coordinates":[[-86.7139065936456,36.2822836164308],[-86.7134461788981,36.2813632661458],[-86.7132306220067,36.2809734763239],[-86.7131883810476,36.2808800638979],[-86.7131605190353,36.2807831790588],[-86.713147451481,36.2806842668528],[-86.7131493732322,36.2805848025593],[-86.7132081797626,36.2802515367377],[-86.7132344263429,36.2800464716916]]},"properties":{"OBJECTID":282,"BikewayType":"BL","Status":"Complete","OnStreetName":"Connare Dr","FromStreetName":"Apple Valley Rd","ToStreetName":"One Mile Pkwy","YearCompleted":2015,"District":"08, 10"}},{"type":"Feature","id":283,"geometry":{"type":"LineString","coordinates":[[-86.7380294580823,36.2160008169443],[-86.7376948498528,36.215610105743],[-86.7368965336624,36.2146320585436],[-86.7361556616105,36.2137538085289],[-86.7358165329063,36.2133581283989],[-86.7355965073873,36.2131209716994],[-86.735344129748,36.2129201811577],[-86.735070968057,36.2127381271504],[-86.7347791331694,36.2125762164112],[-86.7344708801849,36.2124357000186],[-86.7325859352895,36.2116079038173]]},"properties":{"OBJECTID":283,"BikewayType":"SSR","Status":"Complete","OnStreetName":"Hart Ln","FromStreetName":"Saunders Ave","ToStreetName":"Gallatin Pike","YearCompleted":2007,"District":"07, 08"}},{"type":"Feature","id":284,"geometry":{"type":"LineString","coordinates":[[-86.7735645749607,36.1472100990637],[-86.773458725283,36.1472220724203],[-86.77335678783,36.1472481128114],[-86.7732615838831,36.1472874995289],[-86.7731757483734,36.1473391424827],[-86.7721993969584,36.1480439954866]]},"properties":{"OBJECTID":284,"BikewayType":"BL","Status":"Complete","OnStreetName":"Oak St","FromStreetName":"Vine St","ToStreetName":"6th Ave S","YearCompleted":2014,"District":"17"}},{"type":"Feature","id":285,"geometry":{"type":"LineString","coordinates":[[-86.7757384533865,36.1421390752115],[-86.7757558514844,36.1423270072181],[-86.7757901597531,36.1425134025069],[-86.7758391175104,36.1426440733355],[-86.775910782369,36.142767657052],[-86.7760036580996,36.142881573283],[-86.7761158055753,36.1429834434977],[-86.7762380546731,36.1430888059203],[-86.7763435965684,36.1432054462914],[-86.7764308640382,36.1433316326667],[-86.7764985611892,36.1434654913493],[-86.7765456827047,36.1436050347091],[-86.7765715287775,36.1437481906957],[-86.776575715507,36.1438928336041],[-86.7765581806066,36.1440368156391],[-86.776347073726,36.1466884567347],[-86.7763223331183,36.1467899272791],[-86.7762820662007,36.1468880716807],[-86.7762269113811,36.1469813337824],[-86.7761577431354,36.1470682348344],[-86.776075658145,36.1471473969424],[-86.7759819579092,36.147217564916],[-86.7758781281102,36.1472776261724],[-86.7757658150564,36.1473266283785]]},"properties":{"OBJECTID":285,"BikewayType":"BBL","Status":"Complete","OnStreetName":"Fort Negley Blvd","FromStreetName":"Bass St","ToStreetName":"Chestnut St","YearCompleted":2014,"District":"17"}},{"type":"Feature","id":286,"geometry":{"type":"LineString","coordinates":[[-86.7757658150564,36.1473266283785],[-86.775607921282,36.1473734091163],[-86.7754428361401,36.1473991112212],[-86.7752748078723,36.1474030732843],[-86.7751081604645,36.1473851933471],[-86.7735645749607,36.1472100990637]]},"properties":{"OBJECTID":286,"BikewayType":"BBL","Status":"Complete","OnStreetName":"Bass St","FromStreetName":"Fort Negley Blvd","ToStreetName":"Vine St","YearCompleted":2014,"District":"17"}},{"type":"Feature","id":287,"geometry":{"type":"LineString","coordinates":[[-86.7913817648217,36.1521967000408],[-86.791269490831,36.1522358800955],[-86.790564503598,36.1526312043986],[-86.7889049568666,36.1533377089052],[-86.7883829047384,36.1536190596244],[-86.7876717802984,36.153990584371],[-86.7872043252947,36.1542180523531],[-86.7862054362616,36.1546338491029]]},"properties":{"OBJECTID":287,"BikewayType":"PBL","Status":"Complete","OnStreetName":"Demonbreun St","FromStreetName":"Buddy Killen Cir","ToStreetName":"12th Ave S","YearCompleted":2024,"District":"19"}},{"type":"Feature","id":288,"geometry":{"type":"LineString","coordinates":[[-86.744875444055,36.1834521652081],[-86.7450046585031,36.1823937184648],[-86.7450998374242,36.1817540592769],[-86.7453247795821,36.1801703045565]]},"properties":{"OBJECTID":288,"BikewayType":"BL","Status":"Complete","OnStreetName":"N 14th St","FromStreetName":"Eastland Ave","ToStreetName":"Ordway Pl","YearCompleted":2015,"District":"06"}},{"type":"Feature","id":289,"geometry":{"type":"LineString","coordinates":[[-86.7641514548992,36.170850841854],[-86.7654284997256,36.1703696455682],[-86.7654829451335,36.1703344066129],[-86.7655175613705,36.1702853883483],[-86.7655274839382,36.1702294791944],[-86.7655113184954,36.1701745359171],[-86.7652872793088,36.1698154047676],[-86.7652313839936,36.169711651459],[-86.7652093226539,36.1695998535963],[-86.7651512038528,36.1694285297645],[-86.7646495901717,36.1685556039208],[-86.7637458726202,36.1670158613094]]},"properties":{"OBJECTID":289,"BikewayType":"BBL","Status":"Complete","OnStreetName":"S 4th St","FromStreetName":"S 5th St","ToStreetName":"Shelby Ave","YearCompleted":2014,"District":"06"}},{"type":"Feature","id":290,"geometry":{"type":"LineString","coordinates":[[-86.7036071422752,36.0454504939537],[-86.7036482608487,36.0450358331257],[-86.7036327526608,36.0447923383834],[-86.7035694854503,36.0445539933646],[-86.7034441271371,36.0442000058913],[-86.7033295865466,36.0438532960132],[-86.7032705403364,36.0434975415196],[-86.7032409425058,36.0430976851509],[-86.7032224577916,36.0428261245906],[-86.7032361287838,36.0425543761036],[-86.703281829105,36.0422849452619],[-86.7033591370715,36.0420203162436],[-86.703432161141,36.0418112310868],[-86.703537568304,36.0416220405513],[-86.7036844344211,36.0414520571737],[-86.7048267286514,36.0404700500677],[-86.7050051149761,36.0402985771848],[-86.705170560317,36.0401187499518],[-86.7053224729568,36.0399312116192],[-86.7054603095974,36.039736633016],[-86.705560736212,36.0395687338292],[-86.7056759095724,36.0394072008884],[-86.7058052214522,36.0392528871203],[-86.7059479889828,36.0391066073286],[-86.7060895998273,36.0389946847317],[-86.7062114992734,36.0388683799835],[-86.7063114953421,36.0387299643792],[-86.7063877899649,36.0385819269872],[-86.7064390113102,36.0384269298868],[-86.7064642384449,36.0382677602941],[-86.7064630178843,36.0381072804401],[-86.7064353717359,36.0379483761004],[-86.7063406694378,36.0377549492133],[-86.7062191578199,36.0375716729444],[-86.7061344230365,36.0374411105543],[-86.7060775142631,36.0373009445611],[-86.706050006698,36.0371550550373],[-86.7060526616384,36.0370074804731],[-86.706098204535,36.0366572064739]]},"properties":{"OBJECTID":290,"BikewayType":"BBL","Status":"Complete","OnStreetName":"Cedarmont Dr","FromStreetName":"Old Hickory Blvd","ToStreetName":"Maxine Dr","YearCompleted":2015,"District":"27, 31"}},{"type":"Feature","id":291,"geometry":{"type":"LineString","coordinates":[[-86.7746524373245,36.1571237409547],[-86.7718888104737,36.1583135647762]]},"properties":{"OBJECTID":291,"BikewayType":"BL","Status":"Complete","OnStreetName":"Korean Veterans Blvd","FromStreetName":"4th Ave S","ToStreetName":"Hermitage Ave/1st Ave S","YearCompleted":2015,"District":"19"}},{"type":"Feature","id":292,"geometry":{"type":"LineString","coordinates":[[-86.7794274555008,36.154735854495],[-86.7789371558085,36.1549951508163],[-86.7746524373245,36.1571237409547]]},"properties":{"OBJECTID":292,"BikewayType":"BL","Status":"Complete","OnStreetName":"Korean Veterans Blvd","FromStreetName":"8th Ave S","ToStreetName":"4th Ave S","YearCompleted":2015,"District":"19"}},{"type":"Feature","id":293,"geometry":{"type":"LineString","coordinates":[[-86.7718888104737,36.1583135647762],[-86.7709255372235,36.1587117808741],[-86.7707428441511,36.1588018397131],[-86.7705714971675,36.1589055327482],[-86.7704130385052,36.1590219267034],[-86.7702688944152,36.1591499739854],[-86.7701155169512,36.1593223488347],[-86.7699816161199,36.15950508517]]},"properties":{"OBJECTID":293,"BikewayType":"BL","Status":"Complete","OnStreetName":"Korean Veterans Blvd","FromStreetName":"1st Ave S","ToStreetName":"Korean Veterans Memorial Bridge (E of 1st Ave S)","YearCompleted":2014,"District":"19"}},{"type":"Feature","id":294,"geometry":{"type":"LineString","coordinates":[[-86.7637458726202,36.1670158613094],[-86.7644009238456,36.1667640722564],[-86.7648649796755,36.1665794250712],[-86.7657921982432,36.166244717102]]},"properties":{"OBJECTID":294,"BikewayType":"BBL","Status":"Complete","OnStreetName":"Shelby Ave","FromStreetName":"Interstate Dr","ToStreetName":"S 4th St","YearCompleted":2014,"District":"06"}},{"type":"Feature","id":295,"geometry":{"type":"LineString","coordinates":[[-86.6274102810972,36.0891456232952],[-86.6276988399552,36.0891656058268],[-86.6279857213983,36.0891977808819],[-86.6282701440066,36.0892420608207],[-86.628551333054,36.0892983250315],[-86.6293299250178,36.0895578153521],[-86.6300997858787,36.0898339392576],[-86.6303861532423,36.0898939361391],[-86.630680963547,36.0899130977091],[-86.6309754450973,36.0898908538405],[-86.631260835981,36.0898278663701],[-86.6315014994409,36.0897708765047],[-86.6317472889181,36.0897308129245],[-86.6319964009088,36.0897079695992],[-86.6322470075368,36.0897025141433],[-86.6325136566816,36.0897083220703],[-86.6327799623417,36.0896958992915],[-86.6330440357879,36.0896653339134],[-86.6333040041271,36.0896168427152],[-86.6344812787967,36.0892882514742],[-86.6351549154239,36.0891610323883],[-86.6358356388019,36.0890617309447],[-86.6361164953619,36.089068664149],[-86.6363948272637,36.0890999394936]]},"properties":{"OBJECTID":295,"BikewayType":"BBL","Status":"Complete","OnStreetName":"Nashboro Blvd","FromStreetName":"Flintlock Ct","ToStreetName":"Bell Rd","YearCompleted":2015,"District":"29"}},{"type":"Feature","id":296,"geometry":{"type":"LineString","coordinates":[[-86.7657921982432,36.166244717102],[-86.7657969312166,36.166243008911],[-86.7662311235233,36.1660728535145],[-86.7667194993857,36.1658494136604],[-86.7670147888861,36.1656765611434],[-86.7672876373416,36.1654809581179],[-86.7674801235706,36.1653254729819],[-86.7676568235984,36.1651581186244],[-86.7678126122008,36.1650043854396],[-86.7679545418539,36.164842068636]]},"properties":{"OBJECTID":296,"BikewayType":"BL","Status":"Complete","OnStreetName":"Shelby Ave","FromStreetName":"S 2nd St","ToStreetName":"Interstate Dr","YearCompleted":2014,"District":"06"}},{"type":"Feature","id":297,"geometry":{"type":"LineString","coordinates":[[-86.7844995754367,36.1613252128822],[-86.7838985808042,36.1615893463204]]},"properties":{"OBJECTID":297,"BikewayType":"SSR","Status":"Complete","OnStreetName":"Church St","FromStreetName":"9th Ave N","ToStreetName":"Rosa L Parks Blvd","YearCompleted":2015,"District":"19"}},{"type":"Feature","id":298,"geometry":{"type":"LineString","coordinates":[[-86.7088329042824,36.279384708084],[-86.7088406865124,36.2793687286144],[-86.7091873304464,36.2786131862268],[-86.7093658735279,36.2781804471482],[-86.7094945960059,36.2777362638014],[-86.7095641508639,36.2773707637],[-86.7096176134113,36.277003492432],[-86.7097955269455,36.2754954283991],[-86.7099877948992,36.2739467423458],[-86.7100508222179,36.2734217758652]]},"properties":{"OBJECTID":298,"BikewayType":"BBL","Status":"Complete","OnStreetName":"Gallatin Pike","FromStreetName":"One Mile Pkwy","ToStreetName":"Anderson Ln","YearCompleted":2015,"District":"08, 09, 10"}},{"type":"Feature","id":299,"geometry":{"type":"LineString","coordinates":[[-86.8385002687917,36.1645819877178],[-86.8381717064329,36.1640808751624],[-86.8374575998589,36.1631257827336],[-86.836760943425,36.1621505332488],[-86.8363238484508,36.1615268835077],[-86.8357407949518,36.1606137946419],[-86.8354895949712,36.1602163477068],[-86.8348779114358,36.159263391024],[-86.8342946190949,36.1583243046348],[-86.8342226889913,36.1581928670137],[-86.834199992399,36.1580502501497],[-86.8343150562321,36.1570796258854],[-86.8344363602649,36.1560314574122],[-86.8345581575573,36.1550305020292],[-86.834670495465,36.1541369193886],[-86.8347446031771,36.1534668019204],[-86.8348619185678,36.1524579299462]]},"properties":{"OBJECTID":299,"BikewayType":"SSR","Status":"Complete","OnStreetName":"40th Ave N","FromStreetName":"Dr Walter Davis Blvd","ToStreetName":"Charlotte Ave","YearCompleted":2010,"District":"21, 24"}},{"type":"Feature","id":300,"geometry":{"type":"LineString","coordinates":[[-86.8330063902355,36.161185561603],[-86.8329486814751,36.1611637117091],[-86.8328853564147,36.1611692276728],[-86.8325963775712,36.1612525868632],[-86.8318866014751,36.1614592207798],[-86.8311426504881,36.1616882634912],[-86.830982382046,36.1617474391966],[-86.830834423965,36.1618248783681],[-86.8306952336744,36.1619264871895],[-86.8305746865345,36.1620427132155],[-86.8304918655389,36.1621568127668],[-86.8304271755079,36.1622783749158],[-86.8303732399887,36.162484985374],[-86.8303415449776,36.1626946044612]]},"properties":{"OBJECTID":300,"BikewayType":"BL","Status":"Complete","OnStreetName":"Clare Ave","FromStreetName":"39th Ave N","ToStreetName":"Albion St","YearCompleted":2015,"District":"21"}},{"type":"Feature","id":301,"geometry":{"type":"LineString","coordinates":[[-86.7738466083091,36.1814632994138],[-86.7740188792242,36.1810041161544],[-86.7741467887133,36.1805354999316],[-86.7743926467908,36.1786023952597],[-86.7745776694687,36.1769165649674]]},"properties":{"OBJECTID":301,"BikewayType":"SSR","Status":"Complete","OnStreetName":"N 1st St","FromStreetName":"Dickerson Pike","ToStreetName":"Spring St","YearCompleted":2015,"District":"05"}},{"type":"Feature","id":302,"geometry":{"type":"LineString","coordinates":[[-86.7160848334721,36.0508165649998],[-86.716226540169,36.049726882715],[-86.7163327201512,36.0489965431388],[-86.7163367552497,36.0488577311667],[-86.7165947146947,36.0475699055612],[-86.7168221919841,36.0464196180148],[-86.7170437099844,36.0452730541395]]},"properties":{"OBJECTID":302,"BikewayType":"BL","Status":"Complete","OnStreetName":"Hickory Plz","FromStreetName":"Ocala Dr","ToStreetName":"Old Hickory Blvd","YearCompleted":2014,"District":"04, 27"}},{"type":"Feature","id":303,"geometry":{"type":"LineString","coordinates":[[-86.7160848334721,36.0508165649998],[-86.7160296370857,36.0508178465187],[-86.7158591868639,36.0508576182223],[-86.7156983010521,36.0509182118349],[-86.7155508106715,36.0509981845073],[-86.715420227801,36.0510956319332],[-86.7152724521502,36.0511943513611],[-86.7151333441657,36.0512794163169],[-86.7149845980823,36.0513529457433],[-86.7148276593762,36.0514142250885],[-86.7146640531506,36.0514626588443],[-86.7143406990462,36.0515272777516]]},"properties":{"OBJECTID":303,"BikewayType":"BL","Status":"Complete","OnStreetName":"Ocala Dr","FromStreetName":"Hickory Plz","ToStreetName":"Nolensville Pike","YearCompleted":2014,"District":"27"}},{"type":"Feature","id":304,"geometry":{"type":"LineString","coordinates":[[-86.6284815086932,36.0648039185838],[-86.6291334331668,36.0641852196301],[-86.6302739670933,36.0631209548525],[-86.631661767864,36.0618355180652],[-86.6329886971633,36.0605828161371],[-86.634473192632,36.0593540703001],[-86.6352528452937,36.058718508124],[-86.6355096130629,36.0584824484751],[-86.6357304330037,36.0582235216999],[-86.6359122447421,36.0579453167239],[-86.6360525286705,36.0576516896452],[-86.6361128053099,36.0574855056339],[-86.6361532118456,36.057315399331],[-86.6363535046365,36.0562154945146],[-86.636541739174,36.055077497758],[-86.6365542706118,36.0550263656131],[-86.6365914057071,36.0549838360318],[-86.6366466801186,36.0549573123711],[-86.6367104719262,36.0549514117444],[-86.6374685651402,36.0550039212941],[-86.637859389674,36.0550340456063],[-86.6386914619823,36.0551560262126],[-86.6394149006762,36.0552809613659],[-86.6396722181728,36.0553249044263],[-86.6399772663255,36.055363363449],[-86.6402859555219,36.0553609782116],[-86.6405900471016,36.0553178123741],[-86.6408814251316,36.0552350179949],[-86.6412313293737,36.0551067697093],[-86.6414106371537,36.0550421730918],[-86.6415991138012,36.0549980233105],[-86.6417932419197,36.054975144297],[-86.6419893986573,36.0549739630232],[-86.6424442280174,36.0550357604885]]},"properties":{"OBJECTID":304,"BikewayType":"SSR","Status":"Complete","OnStreetName":"Hamilton Church Rd/Zelida Ave","FromStreetName":"Murfreesboro Pike","ToStreetName":"Bell Rd","YearCompleted":2012,"District":"29, 32, 33"}},{"type":"Feature","id":305,"geometry":{"type":"LineString","coordinates":[[-86.7650567559737,36.1692641704445],[-86.763541471508,36.1698391195328]]},"properties":{"OBJECTID":305,"BikewayType":"BBL","Status":"Complete","OnStreetName":"Fatherland St","FromStreetName":"S 4th St","ToStreetName":"S 5th St","YearCompleted":2014,"District":"06"}},{"type":"Feature","id":306,"geometry":null,"properties":{"OBJECTID":306,"BikewayType":"BL","Status":"Complete","OnStreetName":"Central Pike","FromStreetName":"Lebanon Pike","ToStreetName":"Stoners Bend Dr","YearCompleted":2013,"District":"14"}},{"type":"Feature","id":307,"geometry":{"type":"LineString","coordinates":[[-86.5357585863558,36.1101205049625],[-86.545110043932,36.1096169829037],[-86.5468891493689,36.1095221105883],[-86.5472873741,36.1094843529768],[-86.547675911648,36.1094040795011],[-86.5478791305942,36.1093470557898],[-86.548076553309,36.1092779130713],[-86.5482670839206,36.1091970351542],[-86.5484496648244,36.1091048709877],[-86.5487663902359,36.1089221361694],[-86.5490463844747,36.1087034494875],[-86.5491911109951,36.1085737697061],[-86.5493237955004,36.1084358695672],[-86.5494437312287,36.1082904836808],[-86.5495502793431,36.1081383865301],[-86.549952724007,36.1075222765241],[-86.5507247367061,36.1062978332872],[-86.5508990398958,36.1060284125064],[-86.5510524137179,36.1057507373216],[-86.5512108494152,36.1054018553251],[-86.5513248944208,36.1050417391181],[-86.551394796283,36.1046541866316],[-86.5514464445272,36.1042647536764],[-86.551612759706,36.1028255943974],[-86.5517636089859,36.1015295825785],[-86.5518208475003,36.1011099588099],[-86.5519294274089,36.1006970698233],[-86.5520138684006,36.1004744156253],[-86.5521137842213,36.1002560215762],[-86.5522288509671,36.1000425953841],[-86.552358695646,36.0998348286527],[-86.5526749417368,36.0993945170177],[-86.553674046873,36.0980281224558],[-86.5539597513644,36.0976489742541],[-86.5540471742326,36.0975367195204],[-86.5542344975225,36.0972693724127],[-86.5544346670619,36.0970082294129],[-86.5546473712364,36.096753696894],[-86.5548722789355,36.0965061709385],[-86.5553475365636,36.0960151598614],[-86.555909531476,36.0955513929305],[-86.5565022316909,36.095113530356],[-86.5566781019466,36.0949757361481],[-86.5571004322632,36.0946375719944],[-86.5574907992101,36.094274991384],[-86.5579789638791,36.0937334144687],[-86.5584294556151,36.0931707450055],[-86.5587297129002,36.0927981147775],[-86.5618915085942,36.0887012589041],[-86.5637501094184,36.086307958915],[-86.5697192474485,36.078605860611],[-86.571509328236,36.0763081423954],[-86.5718630176908,36.0758520272065],[-86.5721848648517,36.0754801637654],[-86.572575948374,36.0750547368749],[-86.572996654534,36.0746483637899],[-86.5742450792637,36.0736360225525],[-86.5745304832519,36.0734060132184],[-86.5762138638394,36.0720747936653],[-86.5765737877066,36.0717885368849],[-86.5769461730571,36.0715129869422],[-86.577330536861,36.0712485011677],[-86.57772638057,36.0709954225406],[-86.5784259386367,36.0706051838925],[-86.5791448669376,36.0702388871421],[-86.5796734031952,36.0700164073196],[-86.5802085116992,36.0698045377593],[-86.5807686716013,36.0696249440441],[-86.5813362567475,36.0694614396605],[-86.583201012743,36.069007935367],[-86.5852039014656,36.0684888701393],[-86.5856779091013,36.0683469050965],[-86.5861367943941,36.0681752882226],[-86.5865607235467,36.0679924311012],[-86.5869633394409,36.0677801861067],[-86.5873079672815,36.067571524784],[-86.5876297612346,36.0673400739532],[-86.5881052396377,36.0669533093848],[-86.5885621654339,36.0665520762774],[-86.5886945993388,36.0664439763452],[-86.5949281738946,36.0610832199735],[-86.596377865386,36.0598287089568],[-86.5971970959577,36.05910896049],[-86.5974785279901,36.0588524674065],[-86.5977264062814,36.0585740831233],[-86.5979912719181,36.0582011449683],[-86.5982140473858,36.0578104854951],[-86.5983322725184,36.0575075357718],[-86.5984295624907,36.0571997156071],[-86.5987180737705,36.0558708637531],[-86.5990959733047,36.0538762054114],[-86.5993062106531,36.0527820375716],[-86.599721832378,36.0506951986074],[-86.599997332188,36.0493185903937],[-86.6000742649475,36.0489290330542],[-86.6003344252191,36.0476056863971],[-86.6004071321638,36.0472890909553],[-86.6005223336429,36.0469809245903],[-86.600680452969,36.0466771095511],[-86.6008796303103,36.0463896577451],[-86.6011307400162,36.0461063965298],[-86.6014158059824,36.0458451895167],[-86.6017674066781,36.0455957694027],[-86.6021427781692,36.0453703524054],[-86.6036981502543,36.0444792944719],[-86.6065582702955,36.0428577686967]]},"properties":{"OBJECTID":307,"BikewayType":"SSR","Status":"Complete","OnStreetName":"Hobson Pike","FromStreetName":"County Line","ToStreetName":"Murfreesboro Pike","YearCompleted":2015,"District":"32, 33"}},{"type":"Feature","id":308,"geometry":{"type":"LineString","coordinates":[[-86.8086728402647,36.1468314569838],[-86.808572201439,36.1470979561772],[-86.8085183686091,36.1473732340829],[-86.8085310987944,36.1474677508814],[-86.8085834124563,36.147552837947],[-86.8089798727023,36.1480843377589],[-86.8093775541556,36.1485907888063],[-86.8097694454128,36.1491056249778],[-86.8103358417147,36.1498649036068],[-86.8107501860214,36.1504177384981],[-86.8109957856684,36.150746847457],[-86.8112171807817,36.1510870646788],[-86.811525327494,36.1516048426899],[-86.8118075936109,36.1520680802972],[-86.8118677840774,36.1521640910241],[-86.8121743882209,36.1526807123173],[-86.8123032069238,36.1529135385432],[-86.8123156720009,36.1530065185828],[-86.8123036402559,36.1530995361582],[-86.8122452463754,36.1535708928837],[-86.8122169838184,36.1537464697753],[-86.8122385543796,36.1539226701563],[-86.812292197784,36.1540395121907],[-86.8123833877457,36.1541398892296],[-86.8124559234899,36.1541882851157],[-86.8123558927044,36.154293167559],[-86.8122695872086,36.1544057836701],[-86.8121979088759,36.154524956713],[-86.8121416067502,36.1546494414322],[-86.8120930417749,36.1547976989053],[-86.8120639865476,36.154949278046],[-86.8120547639016,36.1551024952416],[-86.8120654763893,36.1552556486755]]},"properties":{"OBJECTID":308,"BikewayType":"SSR","Status":"Complete","OnStreetName":"25th Ave N","FromStreetName":"Charlotte Ave","ToStreetName":"West End Ave","YearCompleted":2006,"District":"18, 21"}},{"type":"Feature","id":309,"geometry":{"type":"LineString","coordinates":[[-86.8179272135108,36.1499050465546],[-86.8172666238044,36.1504639551763],[-86.8165739569553,36.1509967129312],[-86.816486682231,36.1510677714974],[-86.8150033659985,36.1522200351901],[-86.8142244001846,36.1528154889738],[-86.8124559234899,36.1541882851157]]},"properties":{"OBJECTID":309,"BikewayType":"SSR","Status":"Complete","OnStreetName":"Park Plz","FromStreetName":"31st Ave N","ToStreetName":"25th Ave N","YearCompleted":2005,"District":"21"}},{"type":"Feature","id":310,"geometry":{"type":"LineString","coordinates":[[-86.8037226305807,36.1517094271459],[-86.8037293879799,36.1517184922184],[-86.8052913808298,36.1538137034931],[-86.8072048350076,36.156341736947]]},"properties":{"OBJECTID":310,"BikewayType":"SSR","Status":"Complete","OnStreetName":"22nd Ave N","FromStreetName":"Charlotte Ave","ToStreetName":"Elliston Pl","YearCompleted":2012,"District":"21"}},{"type":"Feature","id":311,"geometry":{"type":"LineString","coordinates":[[-86.8085183686091,36.1473732340829],[-86.8084068098192,36.1475318045568],[-86.8082575690903,36.147668479863],[-86.8077117951651,36.1481233056504],[-86.8070400818912,36.1486848503436],[-86.806491549798,36.1491457314222],[-86.8059699975041,36.1496267760286],[-86.8054803851203,36.1500949011423],[-86.8045417982724,36.1509412108994],[-86.8037291880883,36.1517036910224],[-86.8031416463435,36.1522009999726],[-86.8029355890138,36.1523498420668],[-86.8027102341397,36.1524789870604]]},"properties":{"OBJECTID":311,"BikewayType":"SSR","Status":"Complete","OnStreetName":"Elliston Pl","FromStreetName":"25th Ave N","ToStreetName":"21st Ave N","YearCompleted":2010,"District":"21"}},{"type":"Feature","id":312,"geometry":{"type":"LineString","coordinates":[[-86.8421622108751,36.1510651570189],[-86.8421111231749,36.1499611647749],[-86.8420656107336,36.1491244604002],[-86.8420519745706,36.1489075063132],[-86.8420639093167,36.1486904862716],[-86.8420723305756,36.1485444781674],[-86.842031692085,36.1476491023094],[-86.8419977619796,36.1471113652295],[-86.8419065232934,36.1455244548919]]},"properties":{"OBJECTID":312,"BikewayType":"BBL","Status":"Complete","OnStreetName":"46th Ave N","FromStreetName":"Park Ave","ToStreetName":"Wyoming Ave","YearCompleted":2015,"District":"24"}},{"type":"Feature","id":313,"geometry":{"type":"LineString","coordinates":[[-86.8419065232934,36.1455244548919],[-86.8417922547545,36.1433439040327],[-86.8417315382758,36.1422760088872],[-86.8417143831702,36.1419890179007],[-86.8416825299803,36.1418599783954],[-86.8416353879403,36.141734055328],[-86.8415646972905,36.1416131685249],[-86.8414785478993,36.1414990699113],[-86.8412612353223,36.1412793635589],[-86.8410241764614,36.1410735289981]]},"properties":{"OBJECTID":313,"BikewayType":"BBL","Status":"Complete","OnStreetName":"46th Ave N","FromStreetName":"Wyoming Ave","ToStreetName":"Murphy Rd","YearCompleted":2015,"District":"24"}},{"type":"Feature","id":314,"geometry":{"type":"LineString","coordinates":[[-86.8268465787208,36.1400900348546],[-86.8345759016372,36.140850362024],[-86.8352538308186,36.1409043333112],[-86.835864328526,36.1409201364289],[-86.8373022162358,36.1409445053205],[-86.8384754695053,36.1409649732878],[-86.8400897875169,36.1409923746578],[-86.8404004828853,36.1409991631204],[-86.8407103907014,36.1410183376637],[-86.8410241764614,36.1410735289981]]},"properties":{"OBJECTID":314,"BikewayType":"BBL","Status":"Complete","OnStreetName":"Murphy Rd","FromStreetName":"46th Ave N / Sloan Rd","ToStreetName":"Bowling Ave","YearCompleted":2015,"District":"24"}},{"type":"Feature","id":315,"geometry":{"type":"LineString","coordinates":[[-86.842216315471,36.1522056395087],[-86.8421631583149,36.1510816582021],[-86.8421622108751,36.1510651570189]]},"properties":{"OBJECTID":315,"BikewayType":"SSR","Status":"Complete","OnStreetName":"46th Ave N","FromStreetName":"Charlotte Ave","ToStreetName":"Park Ave","YearCompleted":2004,"District":"24"}},{"type":"Feature","id":316,"geometry":{"type":"LineString","coordinates":[[-86.7621959281698,36.043921720965],[-86.7619623588723,36.0439343052146],[-86.7617317910513,36.0439671260095],[-86.7615068752249,36.0440198060547],[-86.761290196951,36.0440917397606],[-86.7610842471097,36.0441821002026],[-86.7608913932726,36.0442898486257],[-86.7607138524897,36.0444137463838],[-86.7605536658038,36.0445523691763],[-86.7587736836258,36.046340176903],[-86.7577439143971,36.0473601454811],[-86.757639624959,36.0474976406353],[-86.7575667005273,36.0476478757951],[-86.7575274094557,36.0478061781895],[-86.7575229740254,36.0479676241041]]},"properties":{"OBJECTID":316,"BikewayType":"BBL","Status":"Complete","OnStreetName":"Trousdale Dr","FromStreetName":"Hill Rd","ToStreetName":"Hearthstone Ln","YearCompleted":2015,"District":"04"}},{"type":"Feature","id":317,"geometry":{"type":"MultiLineString","coordinates":[[[-86.7794254688322,36.0360791085536],[-86.7795048087121,36.0359082004028]],[[-86.7793662455961,36.0409345786393],[-86.7785021965207,36.0392270243378],[-86.7783310829087,36.0389038123034],[-86.7781812215784,36.0385919092411],[-86.7781321365791,36.0383940166544],[-86.7781399495365,36.0381922481724],[-86.7782042477139,36.0379972517066],[-86.7783216375378,36.0378193177152],[-86.778464636923,36.0376705432869],[-86.7786803499761,36.0374364214378],[-86.7788568076302,36.037181532678],[-86.7790325140471,36.0368603982379],[-86.7791281534835,36.0366673996338],[-86.7794212951533,36.0360612123387]]]},"properties":{"OBJECTID":317,"BikewayType":"BL","Status":"Complete","OnStreetName":"Stonebrook Dr","FromStreetName":"Old Hickory Blvd","ToStreetName":"Villa View Ct","YearCompleted":2015,"District":"04"}},{"type":"Feature","id":318,"geometry":{"type":"LineString","coordinates":[[-86.7790325140471,36.0368603982379],[-86.7788734782809,36.0368066409575],[-86.7787153556908,36.0367667265759],[-86.7785513566677,36.0367481677234],[-86.7783858229589,36.0367514557313],[-86.7782231369377,36.0367765035521],[-86.7767426234934,36.0372424862302],[-86.7764745353445,36.0372862398762],[-86.7762013410108,36.0372957882815],[-86.7759296160385,36.0372709016247],[-86.7756659006018,36.0372121789049],[-86.7754165420625,36.0371210335223],[-86.7751875421737,36.0369996592537],[-86.7749844126081,36.0368509774433],[-86.7748120422909,36.0366785666794],[-86.7746730845166,36.0365556448127],[-86.774514841233,36.0364492085092],[-86.774340251067,36.0363612342776],[-86.7741525561702,36.036293355782]]},"properties":{"OBJECTID":318,"BikewayType":"BL","Status":"Complete","OnStreetName":"Fox Ridge Dr","FromStreetName":"Stonebrook Dr","ToStreetName":"Oakes Dr","YearCompleted":2015,"District":"04"}},{"type":"Feature","id":319,"geometry":{"type":"LineString","coordinates":[[-86.7734770126635,36.0408675641947],[-86.7736249877048,36.0392316150229],[-86.7737620682106,36.0381586933511],[-86.7739667466101,36.0368520100738],[-86.7741525561702,36.036293355782]]},"properties":{"OBJECTID":319,"BikewayType":"BBL","Status":"Complete","OnStreetName":"Oakes Dr","FromStreetName":"Old Hickory Blvd","ToStreetName":"Fox Ridge Dr","YearCompleted":2015,"District":"04"}},{"type":"Feature","id":320,"geometry":{"type":"LineString","coordinates":[[-86.6254793971987,36.1497436542685],[-86.6253999278813,36.1502447977534],[-86.6251227264667,36.1516340681758],[-86.6250571388006,36.1522663251555]]},"properties":{"OBJECTID":320,"BikewayType":"BBL","Status":"Complete","OnStreetName":"Bell Rd","FromStreetName":"Blackwood Dr / Bell Rd","ToStreetName":"925' South of Bell Rd","YearCompleted":2014,"District":"13, 14"}},{"type":"Feature","id":321,"geometry":{"type":"LineString","coordinates":[[-86.7053125045991,36.2945127126685],[-86.7049957490181,36.2952572415915],[-86.7048570509085,36.2954828239778],[-86.7046720716872,36.2956854839688],[-86.7044464310073,36.295859064414],[-86.7041869840226,36.295998291612],[-86.7025952921712,36.296790253996],[-86.6999163339493,36.2981201636767]]},"properties":{"OBJECTID":321,"BikewayType":"BBL","Status":"Complete","OnStreetName":"Gleaves St","FromStreetName":"Alta Loma Dr","ToStreetName":"Rivergate Pkwy","YearCompleted":2015,"District":"10"}},{"type":"Feature","id":322,"geometry":{"type":"LineString","coordinates":[[-86.7846566999307,36.1750325747248],[-86.7862325084713,36.1746618879808],[-86.7865496026996,36.1745759394033],[-86.7868552741275,36.1744661069644],[-86.7873736374668,36.1742998497353]]},"properties":{"OBJECTID":322,"BikewayType":"BL","Status":"Complete","OnStreetName":"Jefferson St","FromStreetName":"5th Ave N","ToStreetName":"3rd Ave N","YearCompleted":2015,"District":"19"}},{"type":"Feature","id":323,"geometry":{"type":"LineString","coordinates":[[-86.7855326758678,36.1763492190384],[-86.785005620406,36.1755729247606],[-86.7844983725632,36.1747797172256],[-86.7840349940968,36.1739690598462]]},"properties":{"OBJECTID":323,"BikewayType":"SSR","Status":"Complete","OnStreetName":"3rd Ave N","FromStreetName":"Madison St","ToStreetName":"Jackson St","YearCompleted":2015,"District":"19"}},{"type":"Feature","id":324,"geometry":{"type":"LineString","coordinates":[[-86.7840349940968,36.1739690598462],[-86.7822400811227,36.1712041620433]]},"properties":{"OBJECTID":324,"BikewayType":"SSR","Status":"Complete","OnStreetName":"3rd Ave N","FromStreetName":"Jackson St","ToStreetName":"Harrison St","YearCompleted":2015,"District":"19"}},{"type":"Feature","id":325,"geometry":{"type":"LineString","coordinates":[[-86.717196029285,36.284340667953],[-86.7167926157928,36.2844786117974],[-86.7155314604872,36.2849037442312],[-86.7152941378148,36.2849801431576]]},"properties":{"OBJECTID":325,"BikewayType":"BL","Status":"Complete","OnStreetName":"N Graycroft Ave","FromStreetName":"Slayton Dr","ToStreetName":"Connare Dr","YearCompleted":2015,"District":"10"}},{"type":"Feature","id":326,"geometry":{"type":"LineString","coordinates":[[-86.7198302264417,36.2829461052659],[-86.7193430067915,36.2833482120364],[-86.7191280632176,36.2835243888359],[-86.718899013726,36.2836885017825],[-86.7186067759639,36.2838444365866],[-86.7182936833155,36.2839710891269],[-86.7178655769221,36.2841152729585],[-86.717196029285,36.284340667953]]},"properties":{"OBJECTID":326,"BikewayType":"BBL","Status":"Complete","OnStreetName":"N Graycroft Ave","FromStreetName":"550' East of Apple Valley Rd","ToStreetName":"Slayton Ct","YearCompleted":2015,"District":"10"}},{"type":"Feature","id":327,"geometry":{"type":"LineString","coordinates":[[-86.721186890091,36.2818206694849],[-86.7203117047095,36.2825455366296],[-86.7198302264417,36.2829461052659]]},"properties":{"OBJECTID":327,"BikewayType":"SSR","Status":"Complete","OnStreetName":"N Graycroft Ave","FromStreetName":"Apple Valley Rd","ToStreetName":"550' East of Apple Valley Rd","YearCompleted":2015,"District":"10"}},{"type":"Feature","id":328,"geometry":{"type":"LineString","coordinates":[[-86.7088329042824,36.279384708084],[-86.7092821946932,36.2795735713321],[-86.7094203557592,36.2796200948731],[-86.709565913545,36.2796481785233],[-86.7099829960471,36.2796913904246],[-86.7132344263429,36.2800464716916]]},"properties":{"OBJECTID":328,"BikewayType":"SSR","Status":"Complete","OnStreetName":"One Mile Pike","FromStreetName":"Connare Dr","ToStreetName":"Gallatin Pike","YearCompleted":2015,"District":"08, 10"}},{"type":"Feature","id":329,"geometry":{"type":"LineString","coordinates":[[-86.8118309531604,36.1315152720987],[-86.8117032812544,36.1325026193659],[-86.8116019359958,36.133146150382],[-86.811536454609,36.1337927331074],[-86.8115232688053,36.1338947023804],[-86.8113970902209,36.1351304355387],[-86.8113795828038,36.1352760818462],[-86.8108790374024,36.1384993807438],[-86.8108513687789,36.1386696684668]]},"properties":{"OBJECTID":329,"BikewayType":"BL","Status":"Complete","OnStreetName":"Natchez Trc","FromStreetName":"Blakemore Ave","ToStreetName":"Blair Blvd","YearCompleted":2015,"District":"18"}},{"type":"Feature","id":330,"geometry":{"type":"LineString","coordinates":[[-86.6126813084163,36.084193028884],[-86.6125942154345,36.0837356092235],[-86.6124966331761,36.0832725899318],[-86.6124206632107,36.082902729404],[-86.6123740060237,36.0827220827666],[-86.61228149935,36.0824653587126],[-86.6122033767944,36.0822679133497],[-86.6120238293598,36.0820116310178],[-86.61193228141,36.0818792591443],[-86.6117496674365,36.0816766909614],[-86.6112346423358,36.0812610094621],[-86.609434837856,36.0799361020053],[-86.6091581874942,36.0797283532584],[-86.6089934912142,36.079590695877],[-86.6088882853651,36.0794923066251],[-86.6087021379932,36.0792812733018],[-86.6084665348988,36.0789772205668],[-86.6082803032943,36.0787548813739],[-86.6081222277369,36.0785719686681],[-86.608020419446,36.0784622558795],[-86.6078836014544,36.0783272836692],[-86.6077189967598,36.078200928793],[-86.6075966239096,36.078133714515],[-86.6074080819162,36.0780640061994],[-86.6070593259539,36.0779866261116]]},"properties":{"OBJECTID":330,"BikewayType":"SSR","Status":"Complete","OnStreetName":"Castlegate Dr/Countryway Rd","FromStreetName":"Holder Dr","ToStreetName":"Anderson Rd","YearCompleted":2015,"District":"29, 33"}},{"type":"Feature","id":331,"geometry":{"type":"LineString","coordinates":[[-86.9505311955166,36.0454688418491],[-86.9505466599206,36.0454660564968],[-86.9523565369734,36.0451598765047],[-86.9538520349685,36.0448885908073],[-86.9560485835758,36.0445067986957],[-86.9567002428222,36.0443907368042],[-86.9575707292165,36.0442314390436],[-86.9579011119122,36.04415421803],[-86.9582231431557,36.0440564604005],[-86.9585457392114,36.0439253735823],[-86.9588515987883,36.0437700648879]]},"properties":{"OBJECTID":331,"BikewayType":"BL","Status":"Complete","OnStreetName":"Hwy 100","FromStreetName":"Collins Rd","ToStreetName":"Temple Rd","YearCompleted":2015,"District":"35"}},{"type":"Feature","id":332,"geometry":{"type":"LineString","coordinates":[[-86.947060063425,36.0711265484647],[-86.9460652068365,36.0706596731675],[-86.9455511298178,36.070409735336],[-86.9453145684166,36.0702909215458],[-86.9450986063518,36.070148581815],[-86.9449558378461,36.0700331878596],[-86.944826971745,36.0699074707882],[-86.9444866954483,36.0695750865222],[-86.9442774672974,36.0694466177865],[-86.9440520869073,36.0693376354276],[-86.9435723244347,36.0691315374978],[-86.9433443826599,36.069069845328],[-86.94310852307,36.0690326247948],[-86.9425747020711,36.0689736060906],[-86.9414515673487,36.0688822247801],[-86.9414453039889,36.068881863604]]},"properties":{"OBJECTID":332,"BikewayType":"BL","Status":"Complete","OnStreetName":"Todd Preis Dr","FromStreetName":"Sawyer Brown Rd","ToStreetName":"Bellevue Rd","YearCompleted":2007,"District":"22"}},{"type":"Feature","id":333,"geometry":{"type":"LineString","coordinates":[[-86.8071575815796,36.1041778871242],[-86.808967821759,36.1043686929615],[-86.8091064799638,36.104382871922],[-86.8096645319961,36.1044155259311],[-86.8101047153577,36.1044530898622],[-86.8105789437737,36.104481953085],[-86.8121849027391,36.1046139984636],[-86.8124425116283,36.1046461444309],[-86.8128640226374,36.1046783298572],[-86.8146056453422,36.1048066823501]]},"properties":{"OBJECTID":333,"BikewayType":"BBL","Status":"Complete","OnStreetName":"Richard Jones Rd","FromStreetName":"Hillsboro Pike","ToStreetName":"Oriole Pl","YearCompleted":2015,"District":"25"}},{"type":"Feature","id":334,"geometry":{"type":"LineString","coordinates":[[-86.7040934071753,36.0553355762622],[-86.7038179258916,36.0548218689226],[-86.7037750822005,36.0546637013687],[-86.70372462202,36.0542821442337],[-86.7036715490445,36.0541148792579],[-86.7036207087115,36.0540405457472],[-86.7035523891031,36.053966313351],[-86.7030298276203,36.0534703000469],[-86.7029107195568,36.0533272283529],[-86.7028146288957,36.0531728048703],[-86.7027441149383,36.0530095320298],[-86.7026994979281,36.0528417594316],[-86.7026619355406,36.0525152980444],[-86.7026653599747,36.0524562147906],[-86.7027244566888,36.0514559130854]]},"properties":{"OBJECTID":334,"BikewayType":"BL","Status":"Complete","OnStreetName":"Eulala Dr","FromStreetName":"Brewer Dr","ToStreetName":"Ocala Dr","YearCompleted":2015,"District":"27, 31"}},{"type":"Feature","id":335,"geometry":{"type":"LineString","coordinates":[[-86.7242521232281,36.0514745206375],[-86.7242521123026,36.0512877155358],[-86.724255618683,36.0512393906755],[-86.7243600619678,36.0501717271425],[-86.7243763419292,36.050009319358],[-86.7244517390891,36.0492811022412],[-86.7244564043062,36.0492052990227],[-86.7244555112007,36.0491073231976],[-86.7244479692151,36.0487438299136],[-86.7246196142711,36.0481835258115],[-86.7246981220929,36.048074999677],[-86.7250685575384,36.0466863800486],[-86.7252174529433,36.0462596767876],[-86.7252856739456,36.0457656961079],[-86.7252529462532,36.0456081606308],[-86.7252215447533,36.0455032715533],[-86.7250831495965,36.0450414394652],[-86.7248728959353,36.044798208083]]},"properties":{"OBJECTID":335,"BikewayType":"BBL","Status":"Complete","OnStreetName":"Amalie Dr","FromStreetName":"Amalie Ct","ToStreetName":"Old Hickory Blvd","YearCompleted":2015,"District":"04, 27"}},{"type":"Feature","id":336,"geometry":{"type":"LineString","coordinates":[[-86.7253344747987,36.0545416027526],[-86.7253399770385,36.0540942438884],[-86.7251795821505,36.0537566240049],[-86.725019663917,36.0535636842939],[-86.7248093085662,36.0533117545032],[-86.7245271269208,36.0529739503697],[-86.7243831154578,36.0527628288714],[-86.724285073782,36.0525225851295],[-86.7242458623744,36.0522723737083],[-86.7242495435444,36.0520576163533],[-86.7242528718732,36.0518350784611],[-86.7242521232281,36.0514745206375]]},"properties":{"OBJECTID":336,"BikewayType":"BBL","Status":"Complete","OnStreetName":"Amalie Dr","FromStreetName":"McMurray Dr","ToStreetName":"Amalie Ct","YearCompleted":2015,"District":"27"}},{"type":"Feature","id":337,"geometry":{"type":"LineString","coordinates":[[-86.7453247795821,36.1801703045565],[-86.7453382098993,36.180075740425],[-86.7454910832546,36.1790656349014],[-86.7456482447082,36.178011626179],[-86.7457079865593,36.1776082597961],[-86.7457480805879,36.1773722841042],[-86.7458055097535,36.1771386747844]]},"properties":{"OBJECTID":337,"BikewayType":"BBL","Status":"Complete","OnStreetName":"N 14th St","FromStreetName":"Ordway Pl","ToStreetName":"Woodland St","YearCompleted":2015,"District":"06"}},{"type":"Feature","id":338,"geometry":{"type":"LineString","coordinates":[[-86.7657416190538,36.0432047193419],[-86.7648642231159,36.0435679940776],[-86.7647560406926,36.0436061475312],[-86.7643525898137,36.0437383586003],[-86.7640905787046,36.0437902562307],[-86.7638242983815,36.043824981722],[-86.7628118983585,36.0438910116539],[-86.7621959281698,36.043921720965]]},"properties":{"OBJECTID":338,"BikewayType":"BBL","Status":"Complete","OnStreetName":"Trousdale Dr","FromStreetName":"Hearthstone Ln","ToStreetName":"Hearthstone Ln","YearCompleted":2015,"District":"04"}},{"type":"Feature","id":339,"geometry":{"type":"LineString","coordinates":[[-86.7027244566888,36.0514559130854],[-86.702757344466,36.0510961239184],[-86.7027667472793,36.0509142384208],[-86.7027934915679,36.0507098324919],[-86.7028439144875,36.0505083955365],[-86.7030946010604,36.0498004753091],[-86.7031254351965,36.0496805990825],[-86.7031418058945,36.0495588594054],[-86.7031435588458,36.0494364042801],[-86.7031306775873,36.0493143884503],[-86.7028689545604,36.0483590668998],[-86.7028373509097,36.0482064430592],[-86.702821121747,36.048052238577],[-86.7028203742945,36.0478974730971],[-86.7028351134044,36.0477431699669],[-86.7028652415288,36.0475903494707],[-86.7029105593675,36.0474400220837],[-86.7029707671879,36.0472931817907],[-86.7030454668088,36.0471507995139],[-86.7033429012073,36.0467496318405],[-86.7034079933533,36.0466376193065],[-86.7034586849801,36.0465208013744],[-86.7034944479402,36.0464003952986],[-86.7035149096501,36.0462776557168],[-86.7036071422752,36.0454504939537]]},"properties":{"OBJECTID":339,"BikewayType":"BL","Status":"Complete","OnStreetName":"Eulala Dr","FromStreetName":"Ocala Dr","ToStreetName":"Old Hickory Blvd","YearCompleted":2015,"District":"27, 31"}},{"type":"Feature","id":340,"geometry":{"type":"LineString","coordinates":[[-86.7040934071753,36.0553355762622],[-86.7038350816403,36.0554510752936],[-86.703598259567,36.0555937658669],[-86.7033872539914,36.0557610493554],[-86.7032059078598,36.0559498792383],[-86.7025046348853,36.0571820706903],[-86.7022869105383,36.0574664917207],[-86.7020252405827,36.057725345745]]},"properties":{"OBJECTID":340,"BikewayType":"SSR","Status":"Complete","OnStreetName":"Brewer Dr","FromStreetName":"Eulala Dr","ToStreetName":"Tusculum Rd","YearCompleted":2015,"District":"27, 30"}},{"type":"Feature","id":341,"geometry":{"type":"LineString","coordinates":[[-86.8711053511292,36.1003280322169],[-86.8712173522948,36.1000911406509],[-86.8713418519372,36.0998571456502],[-86.8714849825482,36.0996302764335],[-86.8716479656332,36.0994512066065],[-86.8718373862575,36.0992901792383],[-86.8720473884429,36.0991298987505],[-86.8722682705721,36.0989795587723],[-86.872582283504,36.0987809730323],[-86.8729173767078,36.0986065488995],[-86.87380564819,36.0981789833393],[-86.8747644316821,36.0977249054672],[-86.8758876994299,36.0972128708333]]},"properties":{"OBJECTID":341,"BikewayType":"BL","Status":"Complete","OnStreetName":"Harding Pike","FromStreetName":"Page Rd","ToStreetName":"Old Harding Pike","YearCompleted":2013,"District":"23, 34"}},{"type":"Feature","id":342,"geometry":{"type":"LineString","coordinates":[[-86.8065723867187,36.1427216972988],[-86.8047876833719,36.1425423365513]]},"properties":{"OBJECTID":342,"BikewayType":"SSR","Status":"Complete","OnStreetName":"Highland Ave","FromStreetName":"25th Ave S","ToStreetName":"24th Ave S","YearCompleted":2015,"District":"18"}},{"type":"Feature","id":343,"geometry":{"type":"LineString","coordinates":[[-86.7718888104737,36.1583135647762],[-86.7731117909388,36.1602382965134],[-86.7737006210869,36.1611699725955]]},"properties":{"OBJECTID":343,"BikewayType":"PBL","Status":"Complete","OnStreetName":"1st Ave S","FromStreetName":"Shelby Ave","ToStreetName":"Korean Veterans Blvd","YearCompleted":2016,"District":"19"}},{"type":"Feature","id":344,"geometry":{"type":"LineString","coordinates":[[-86.7743716768098,36.1622466686255],[-86.7737006210869,36.1611699725955]]},"properties":{"OBJECTID":344,"BikewayType":"SSR","Status":"Complete","OnStreetName":"1st Ave S","FromStreetName":"Broadway","ToStreetName":"Shelby Ave","YearCompleted":2016,"District":"19"}},{"type":"Feature","id":345,"geometry":{"type":"LineString","coordinates":[[-86.7661815894671,36.1615999515348],[-86.7661815894671,36.1615999515348],[-86.7669295271008,36.161703700238],[-86.7674937085186,36.1618109986802],[-86.7677146798004,36.1618705267622],[-86.7679229720491,36.1619549216989],[-86.7680977065007,36.1620603615332],[-86.7682516204405,36.16218532959],[-86.7683936901749,36.1623904400272],[-86.7685193256052,36.1626024854711],[-86.7685285462366,36.1626163738934],[-86.7687501079415,36.1630239244203],[-86.7694233764823,36.1641741530967]]},"properties":{"OBJECTID":345,"BikewayType":"PBL","Status":"Complete","OnStreetName":"S 1st St","FromStreetName":"Shelby Ave","ToStreetName":"S 2nd St","YearCompleted":2016,"District":"06"}},{"type":"Feature","id":346,"geometry":{"type":"LineString","coordinates":[[-86.7661815894671,36.1615999515348],[-86.7645758702177,36.1613754884352],[-86.7632675585903,36.1612223317438],[-86.762414770742,36.1611619069024],[-86.7612992379055,36.1610949403031],[-86.7611601113059,36.1610830261327],[-86.7604274422019,36.1610368528781],[-86.759386528751,36.160983236511],[-86.7588989333363,36.1609828789329],[-86.7584137817759,36.161022419066],[-86.7562358378501,36.1612987957758],[-86.7536674704451,36.1616220412785],[-86.753405005396,36.1616563473923],[-86.7530169615979,36.1617216716844],[-86.7526336091009,36.1618032011878],[-86.7499084995034,36.1623919911841],[-86.7478700749069,36.1627977438948],[-86.7468288162693,36.1630303701593],[-86.7465470506634,36.1630883822158],[-86.7461091662239,36.1631826182194],[-86.7458713341883,36.1632310260599],[-86.745627540295,36.1632523641583],[-86.745468281065,36.1632426819003],[-86.7453142334181,36.1632085149963],[-86.7450049509108,36.1630921476565],[-86.7448870361065,36.1630599761463],[-86.7447626694122,36.163057301191]]},"properties":{"OBJECTID":346,"BikewayType":"PBL","Status":"Complete","OnStreetName":"Davidson St","FromStreetName":"S 2nd St","ToStreetName":"Park Entrance","YearCompleted":2016,"District":"06"}},{"type":"Feature","id":347,"geometry":{"type":"LineString","coordinates":[[-86.7132976699666,36.3222830863419],[-86.7122615676935,36.3223416521507],[-86.7116577568363,36.3223764530602]]},"properties":{"OBJECTID":347,"BikewayType":"BL","Status":"Complete","OnStreetName":"Long Hollow Pike","FromStreetName":"Main St","ToStreetName":"Two Mile Pike","YearCompleted":2010,"District":"10"}},{"type":"Feature","id":348,"geometry":{"type":"LineString","coordinates":[[-86.702370384441,36.2931484030305],[-86.704621114939,36.2941961433137],[-86.7051925092918,36.2944551075699],[-86.7053375438907,36.2945226422691],[-86.7054939907151,36.2945706662946],[-86.7063751205271,36.2948203927495],[-86.7070375355839,36.2950012430366],[-86.7073384006928,36.2950724223875]]},"properties":{"OBJECTID":348,"BikewayType":"PBL","Status":"Complete","OnStreetName":"Alta Loma Rd","FromStreetName":"CSX Bridge","ToStreetName":"Gallatin Pike","YearCompleted":2025,"District":"10"}},{"type":"Feature","id":349,"geometry":{"type":"LineString","coordinates":[[-86.6411608947808,36.1369440531255],[-86.6412212022286,36.1371782714447],[-86.6412458496066,36.1374167070931],[-86.6412294210343,36.1376905976153],[-86.6411867600881,36.1379626199013],[-86.6410614249585,36.138751158478],[-86.6409736747344,36.1393887918886],[-86.6408696692476,36.1400522642358],[-86.6407462410227,36.1407864239422],[-86.640653303544,36.1412933899825]]},"properties":{"OBJECTID":349,"BikewayType":"BL","Status":"Complete","OnStreetName":"Timber Valley Dr","FromStreetName":"E Lake Dr","ToStreetName":"S Timber Dr","YearCompleted":2012,"District":"13"}},{"type":"Feature","id":350,"geometry":{"type":"LineString","coordinates":[[-86.640653303544,36.1412933899825],[-86.6406505002133,36.1413086831213],[-86.6405732254367,36.1419014348253]]},"properties":{"OBJECTID":350,"BikewayType":"SSR","Status":"Complete","OnStreetName":"Timber Valley Dr","FromStreetName":"Elm Hill Pike","ToStreetName":"E Lake Dr","YearCompleted":2012,"District":"13"}},{"type":"Feature","id":351,"geometry":{"type":"LineString","coordinates":[[-86.8360955836076,36.0797253183381],[-86.8355096081339,36.080330656684],[-86.8348505933975,36.0810857780357],[-86.834401062737,36.0817461396296],[-86.8340258398063,36.0824440730889],[-86.8337660466921,36.0831069020395],[-86.8333977295434,36.0842744631236],[-86.8332257948843,36.0846869195505],[-86.8330331296973,36.0850932944675],[-86.8330053558213,36.085140620309],[-86.8328553365428,36.0854104654773],[-86.8326917137962,36.0856750508975],[-86.8326710936159,36.0857101850472],[-86.8322014681499,36.0863829238145],[-86.8293559476423,36.0902804806092],[-86.8285109669085,36.0913621009985]]},"properties":{"OBJECTID":351,"BikewayType":"BL","Status":"Complete","OnStreetName":"Hillsboro Pike","FromStreetName":"Harding Pl","ToStreetName":"Hemingway Dr","YearCompleted":2010,"District":"25, 34"}},{"type":"Feature","id":352,"geometry":{"type":"LineString","coordinates":[[-86.8403955281913,36.0738448130882],[-86.8399973410088,36.0745287687394],[-86.838699904325,36.0767410284404],[-86.8383157230057,36.0773097716848],[-86.8377315590556,36.0780177890594],[-86.8371052933188,36.0787016826051],[-86.8370156349301,36.0787811917237],[-86.8361070109283,36.079713513265],[-86.8360955836076,36.0797253183381]]},"properties":{"OBJECTID":352,"BikewayType":"BL","Status":"Complete","OnStreetName":"Hillsboro Pike","FromStreetName":"Hemingway Dr","ToStreetName":"5836 Hillsboro Pike","YearCompleted":2010,"District":"34"}},{"type":"Feature","id":353,"geometry":{"type":"LineString","coordinates":[[-86.8576886470277,36.0535682195872],[-86.8591125633938,36.0516609226182],[-86.8591993412919,36.0515440523842],[-86.8604641263941,36.0500065570092],[-86.8648135036665,36.044846260691]]},"properties":{"OBJECTID":353,"BikewayType":"SSR","Status":"Complete","OnStreetName":"Hillsboro Pike","FromStreetName":"6242 Hillsboro Pike","ToStreetName":"County Line","YearCompleted":2010,"District":"34"}},{"type":"Feature","id":354,"geometry":{"type":"LineString","coordinates":[[-86.8850967917609,36.1417244804896],[-86.8842695622008,36.1415054757812],[-86.8838774395571,36.1413685680815],[-86.8836209836262,36.1412529156047],[-86.8833772350444,36.1411204119924],[-86.8830503509983,36.1409124787274]]},"properties":{"OBJECTID":354,"BikewayType":"BL","Status":"Complete","OnStreetName":"Annex Ave","FromStreetName":"I-40","ToStreetName":"Mall Entrance","YearCompleted":2012,"District":"20"}},{"type":"Feature","id":355,"geometry":{"type":"LineString","coordinates":[[-86.8635027224058,36.1490323872758],[-86.8641167753471,36.1489430080637],[-86.8654849080068,36.1487294812387],[-86.8657787936857,36.1486796590133],[-86.8660666450009,36.1486104401118],[-86.86664125116,36.1484565588339],[-86.8668917207436,36.1483790195035],[-86.8671357297304,36.1482889437209],[-86.8675291517721,36.1481402369023],[-86.8679144296459,36.1479781105653],[-86.8684318080677,36.1477540476258],[-86.8688540844839,36.1475449741809],[-86.8693037569755,36.1472603485144],[-86.8694984582011,36.1471233233913],[-86.8696781318016,36.1469734013864],[-86.8702376024771,36.1465097209461],[-86.8707374892507,36.1460901204323]]},"properties":{"OBJECTID":355,"BikewayType":"BL","Status":"Complete","OnStreetName":"Charlotte Pike","FromStreetName":"Westboro Dr","ToStreetName":"5845 Charlotte Pike N","YearCompleted":2015,"District":"20"}},{"type":"Feature","id":356,"geometry":{"type":"LineString","coordinates":[[-86.842216315471,36.1522056395087],[-86.8421081484516,36.1522092559508],[-86.8410851693595,36.1522342753704],[-86.8409134940174,36.1522404171282]]},"properties":{"OBJECTID":356,"BikewayType":"BL","Status":"Complete","OnStreetName":"Charlotte Ave","FromStreetName":"46th Ave N","ToStreetName":"45th Ave N","YearCompleted":2021,"District":"24"}},{"type":"Feature","id":357,"geometry":{"type":"LineString","coordinates":[[-86.8409134940174,36.1522404171282],[-86.8395949696338,36.1522875761359],[-86.8383648842648,36.1523307049163],[-86.8370632464229,36.1523804479863]]},"properties":{"OBJECTID":357,"BikewayType":"BBL","Status":"Complete","OnStreetName":"Charlotte Ave","FromStreetName":"45th Ave N","ToStreetName":"42nd Ave N","YearCompleted":2021,"District":"24"}},{"type":"Feature","id":358,"geometry":{"type":"LineString","coordinates":[[-86.8370632464229,36.1523804479863],[-86.8370304968866,36.1523816990037],[-86.8355637641247,36.152430018517],[-86.8348619185678,36.1524579299462],[-86.8348377975048,36.1524588890445],[-86.8338810525468,36.1524917358365],[-86.8325671657822,36.1525353845326],[-86.8318808394609,36.1525591951053],[-86.8314049955032,36.1525735495234],[-86.8309300725983,36.1526015154772],[-86.8303028468926,36.1526535247111],[-86.8302139553029,36.1526610256581]]},"properties":{"OBJECTID":358,"BikewayType":"BL","Status":"Complete","OnStreetName":"Charlotte Ave","FromStreetName":"42nd Ave N","ToStreetName":"38th Ave N","YearCompleted":2021,"District":"24"}},{"type":"Feature","id":359,"geometry":{"type":"LineString","coordinates":[[-86.8302139553029,36.1526610256581],[-86.8297829740432,36.1526881035113],[-86.8293509458261,36.1526998934687],[-86.8278011888555,36.1527391500245],[-86.8241732670944,36.1528413840038],[-86.8240456646369,36.1528449781851],[-86.8235231791403,36.1528808890287]]},"properties":{"OBJECTID":359,"BikewayType":"BBL","Status":"Complete","OnStreetName":"Charlotte Ave","FromStreetName":"38th Ave N","ToStreetName":"33rd Ave N","YearCompleted":2021,"District":"21, 24"}},{"type":"Feature","id":360,"geometry":{"type":"LineString","coordinates":[[-86.8181712230032,36.1539427214152],[-86.815516870297,36.1545154662644]]},"properties":{"OBJECTID":360,"BikewayType":"BL","Status":"Complete","OnStreetName":"Charlotte Ave","FromStreetName":"28th Ave N","ToStreetName":"26th Ave N","YearCompleted":2011,"District":"21"}},{"type":"Feature","id":361,"geometry":{"type":"LineString","coordinates":[[-86.7953979389178,36.159996503766],[-86.7962491169014,36.1596209378042]]},"properties":{"OBJECTID":361,"BikewayType":"BL","Status":"Complete","OnStreetName":"Charlotte Ave","FromStreetName":"16th Ave N","ToStreetName":"15th Ave N","YearCompleted":2015,"District":"19, 21"}},{"type":"Feature","id":362,"geometry":{"type":"LineString","coordinates":[[-86.7962491169014,36.1596209378042],[-86.7967713060858,36.1603874396723]]},"properties":{"OBJECTID":362,"BikewayType":"SSR","Status":"Complete","OnStreetName":"16th Ave N","FromStreetName":"Capitol Pt","ToStreetName":"Charlotte Ave","YearCompleted":2011,"District":"19, 21"}},{"type":"Feature","id":363,"geometry":{"type":"LineString","coordinates":[[-86.7913469129759,36.167252169788],[-86.789256474647,36.1681603647183]]},"properties":{"OBJECTID":363,"BikewayType":"BL","Status":"Complete","OnStreetName":"Harrison St","FromStreetName":"10th Ave N","ToStreetName":"W of Rosa L Parks Blvd","YearCompleted":2011,"District":"19"}},{"type":"Feature","id":364,"geometry":{"type":"LineString","coordinates":[[-86.805530930221,36.134597490385],[-86.8058478675813,36.132255093848],[-86.8059802923397,36.1314293631579],[-86.806068304598,36.1308644535793]]},"properties":{"OBJECTID":364,"BikewayType":"SSR","Status":"Complete","OnStreetName":"24th Ave S","FromStreetName":"Fairfax Ave","ToStreetName":"Blair Blvd","YearCompleted":2012,"District":"18"}},{"type":"Feature","id":365,"geometry":{"type":"LineString","coordinates":[[-86.8050429428405,36.1380371670957],[-86.8051253415483,36.1374522306747],[-86.8051939945627,36.1369748451888],[-86.8052596873638,36.1365477913923],[-86.80535960576,36.1359125769995],[-86.805530930221,36.134597490385]]},"properties":{"OBJECTID":365,"BikewayType":"BL","Status":"Complete","OnStreetName":"24th Ave S","FromStreetName":"Blakemore Ave","ToStreetName":"Fairfax Ave","YearCompleted":2015,"District":"18"}},{"type":"Feature","id":366,"geometry":{"type":"LineString","coordinates":[[-86.7922701490581,36.1480727699664],[-86.78874303825,36.1477111074884],[-86.7857290350089,36.147378832714],[-86.782469033636,36.1470318336959],[-86.7790230326868,36.1466829212588]]},"properties":{"OBJECTID":366,"BikewayType":"BBL","Status":"Complete","OnStreetName":"South St","FromStreetName":"Music Sq E","ToStreetName":"8th Ave S","YearCompleted":2016,"District":"17, 19"}},{"type":"Feature","id":367,"geometry":{"type":"LineString","coordinates":[[-86.7325859352895,36.2116079038173],[-86.7327511141827,36.2113754487676],[-86.7331538070295,36.2108193073264],[-86.7337098113014,36.2100418970019],[-86.7339817554899,36.2096668203371],[-86.73481402837,36.2085503582572]]},"properties":{"OBJECTID":367,"BikewayType":"BL","Status":"Complete","OnStreetName":"Gallatin Pike","FromStreetName":"Hart Ln","ToStreetName":"W Kirkland Ave","YearCompleted":2016,"District":"07, 08"}},{"type":"Feature","id":368,"geometry":{"type":"LineString","coordinates":[[-86.7621959281698,36.043921720965],[-86.7621342073673,36.0433010675503],[-86.7621103806654,36.0431745896769],[-86.7620662660714,36.0430517584325],[-86.7620026310479,36.0429347104602],[-86.761920582601,36.0428254817944],[-86.7617790068567,36.0426423627697],[-86.7616730268177,36.0424440079003],[-86.7616050628027,36.0422349476244],[-86.7615766667991,36.0420199568567],[-86.7615884870424,36.041803945925],[-86.7616402532394,36.0415918484188],[-86.7617307827712,36.0413885085084],[-86.7618580077308,36.0411985703106],[-86.7622252651129,36.0407937128841],[-86.7626092525722,36.0404192725873],[-86.7626674377488,36.0403427146098],[-86.7627118861611,36.0402603066046],[-86.7627417264274,36.0401736642072],[-86.76275637357,36.0400844860643],[-86.7627865460284,36.0397277198247]]},"properties":{"OBJECTID":368,"BikewayType":"BL","Status":"Complete","OnStreetName":"Hearthstone Ln","FromStreetName":"Trousdale Dr","ToStreetName":"Old Hickory Blvd","YearCompleted":2016,"District":"04"}},{"type":"Feature","id":369,"geometry":{"type":"LineString","coordinates":[[-86.602133876636,36.1736163022866],[-86.6023081191704,36.1740918557099],[-86.602509879892,36.1745602035597],[-86.6027333435819,36.1750104511377],[-86.6029930884933,36.1754477144942],[-86.6036644166171,36.1764730651693],[-86.6042169130331,36.1772966128865]]},"properties":{"OBJECTID":369,"BikewayType":"SSR","Status":"Complete","OnStreetName":"Old Hickory Blvd","FromStreetName":"Hermitage Woods Dr","ToStreetName":"Central Pike","YearCompleted":2011,"District":"12, 14"}},{"type":"Feature","id":370,"geometry":{"type":"LineString","coordinates":[[-86.69578564854,36.0501803428782],[-86.6958455484905,36.0497497359216],[-86.695851024169,36.0496614239695],[-86.6958343398204,36.0495740443248],[-86.6957961883999,36.0494912257766],[-86.6957381543564,36.0494164076858],[-86.6956626478228,36.049352697154],[-86.6955728045204,36.0493027399935],[-86.6954723555342,36.049268610853],[-86.6953654723693,36.0492517270644],[-86.6944985555001,36.04917803267],[-86.6943520173759,36.0491645479956],[-86.6942092909293,36.0491343993036],[-86.6940732348375,36.049088190445],[-86.6939465741646,36.04902684694],[-86.6938318457771,36.0489515974394],[-86.6937313475315,36.0488639491137],[-86.6936470922494,36.0487656574637],[-86.6935807674047,36.048658691158],[-86.6932449712802,36.0478665295103],[-86.6931325562484,36.047658508074],[-86.6929859978099,36.0474650100169],[-86.6927518912014,36.0471396000258],[-86.6925687934841,36.0467932962337],[-86.6924394787113,36.0464313466594],[-86.6923659057992,36.0460592363524],[-86.6923731916276,36.0452102522909]]},"properties":{"OBJECTID":370,"BikewayType":"BL","Status":"Complete","OnStreetName":"Brook View Estates Dr","FromStreetName":"Ocala Dr","ToStreetName":"Benzing Rd","YearCompleted":2016,"District":"30, 31"}},{"type":"Feature","id":371,"geometry":{"type":"LineString","coordinates":[[-86.6923731916276,36.0452102522909],[-86.6923918549295,36.0449931405319],[-86.6924332085974,36.0448746723026],[-86.6925043936979,36.0447659500762],[-86.6932834139946,36.043930947112]]},"properties":{"OBJECTID":371,"BikewayType":"BBL","Status":"Complete","OnStreetName":"Brook View Estates Dr","FromStreetName":"Benzing Rd","ToStreetName":"Bell Rd","YearCompleted":2016,"District":"31"}},{"type":"Feature","id":372,"geometry":{"type":"LineString","coordinates":[[-86.6363762369307,36.14750168418],[-86.6361281623946,36.1479143362335],[-86.6360495186857,36.1480264722901],[-86.6359509362651,36.148127715028],[-86.6358346669727,36.1482157517675],[-86.635703366695,36.1482885714855],[-86.6352417989676,36.1484770014116],[-86.6349954349827,36.1485534130203],[-86.634841602537,36.1485972548492],[-86.6346814901064,36.1486222599485],[-86.6345185837957,36.1486278838854],[-86.6343564305464,36.1486140042106],[-86.6340649586265,36.1485911780837],[-86.6337734869298,36.1486140060857],[-86.6334927861498,36.1486816446576],[-86.6332332290178,36.1487915943599],[-86.6327322179659,36.1490124129176],[-86.6325745055772,36.1490666808005],[-86.6324085854917,36.1491012898878],[-86.632238159959,36.14911546793],[-86.6320670317715,36.1491088985654],[-86.6316124202716,36.1490647792016],[-86.6314270695366,36.1490537391501],[-86.6312416520725,36.1490640157475],[-86.631059876252,36.1490954034602],[-86.6308853776233,36.1491472745292],[-86.6305903586306,36.1492363114849],[-86.6303077829508,36.1493488070533],[-86.6300404779826,36.1494836356464],[-86.6297911183702,36.1496394482143],[-86.6290512186292,36.1503264945391],[-86.6289231525559,36.1504510388316]]},"properties":{"OBJECTID":372,"BikewayType":"BL","Status":"Complete","OnStreetName":"Blackwood Dr","FromStreetName":"Fitzpatrick Rd","ToStreetName":"3216 Blackwood Dr","YearCompleted":2017,"District":"13"}},{"type":"Feature","id":373,"geometry":{"type":"LineString","coordinates":[[-86.646855214922,36.0723455692248],[-86.6457229061578,36.0728929538158],[-86.6456546170036,36.072916351522],[-86.6455819516253,36.0729282221535],[-86.6455078298511,36.0729280887265],[-86.645435230032,36.0729159566023],[-86.6451844650819,36.0728175176389],[-86.6449633329616,36.0726800176323],[-86.6442473583062,36.0720471457969],[-86.6436739825519,36.071611434265],[-86.6418213848433,36.0706269146808],[-86.641629110733,36.0705042283677],[-86.6414754837457,36.0703497524146],[-86.6406112345231,36.0691715639296],[-86.6404705618899,36.0690482241775],[-86.6403127023153,36.0689394548838],[-86.6398437440532,36.0686987106615]]},"properties":{"OBJECTID":373,"BikewayType":"BL","Status":"Complete","OnStreetName":"Rice Rd","FromStreetName":"Edge O Lake Dr","ToStreetName":"Rural Hill Rd","YearCompleted":2017,"District":"28, 32"}},{"type":"Feature","id":374,"geometry":{"type":"LineString","coordinates":[[-86.7467688325669,36.1708282700458],[-86.7475948313942,36.1709075711945],[-86.7483395394742,36.1709740184708],[-86.7494486824808,36.1710758745146],[-86.7501016017377,36.1711472390131],[-86.750750844193,36.1712380187514]]},"properties":{"OBJECTID":374,"BikewayType":"BL","Status":"Complete","OnStreetName":"Shelby Ave","FromStreetName":"S 11th St","ToStreetName":"S 14th St","YearCompleted":2016,"District":"06"}},{"type":"Feature","id":375,"geometry":{"type":"LineString","coordinates":[[-86.7957188031501,36.1504734172294],[-86.7942830774572,36.151370058351],[-86.7931581592119,36.1520809212426],[-86.792846529101,36.1519739763425],[-86.7927820623467,36.1520382069765],[-86.7927014375924,36.1520890362636],[-86.7926087843525,36.1521238607653],[-86.792508848254,36.1521408967935],[-86.791913148944,36.1521862480727],[-86.7918665098687,36.1522395123909],[-86.7918042745408,36.1522809883746],[-86.7917308024393,36.1523077706884],[-86.7916512401828,36.1523179832655],[-86.7915711610079,36.1523109107278],[-86.7914961743622,36.1522870484977],[-86.7914315329584,36.1522480680939],[-86.7913817648217,36.1521967000408]]},"properties":{"OBJECTID":375,"BikewayType":"BL","Status":"Complete","OnStreetName":"Division St","FromStreetName":"Round-about","ToStreetName":"19th Ave S","YearCompleted":2016,"District":"19"}},{"type":"Feature","id":376,"geometry":{"type":"LineString","coordinates":[[-86.8482032788556,36.1453005360656],[-86.8481076814278,36.1434338878531],[-86.848096435182,36.1432536641119],[-86.8480883811924,36.1432094563147],[-86.8480623198651,36.1431700839915]]},"properties":{"OBJECTID":376,"BikewayType":"BL","Status":"Complete","OnStreetName":"51st Ave N","FromStreetName":"Wyoming Ave","ToStreetName":"Nebraska Ave","YearCompleted":2016,"District":"24"}},{"type":"Feature","id":377,"geometry":{"type":"LineString","coordinates":[[-86.7177287654598,36.0490139643081],[-86.71755027237,36.0490841823626],[-86.7163327201512,36.0489965431388],[-86.7136544199082,36.0487792431404]]},"properties":{"OBJECTID":377,"BikewayType":"SSR","Status":"Complete","OnStreetName":"Hickoryview Dr","FromStreetName":"Hickory View Apt","ToStreetName":"Nolensville Pike","YearCompleted":2016,"District":"27"}},{"type":"Feature","id":378,"geometry":{"type":"LineString","coordinates":[[-86.7783703533129,36.1392294032759],[-86.7766177926472,36.1390806295159],[-86.7753614163461,36.1392070528501],[-86.772087278418,36.1389093981692],[-86.7697301074604,36.1386669191657]]},"properties":{"OBJECTID":378,"BikewayType":"SSR","Status":"Complete","OnStreetName":"Hamilton Ave","FromStreetName":"8th Ave S","ToStreetName":"Martin St","YearCompleted":2016,"District":"17"}},{"type":"Feature","id":379,"geometry":{"type":"LineString","coordinates":[[-86.826566263098,36.1238619851015],[-86.8265005626002,36.124507665131],[-86.8263065435171,36.1267648698782],[-86.8262503851144,36.1274413014223],[-86.8261348847999,36.1286296461439],[-86.8260962237526,36.128909502771]]},"properties":{"OBJECTID":379,"BikewayType":"WOL","Status":"Complete","OnStreetName":"Bowling Ave","FromStreetName":"Whitworth Blvd","ToStreetName":"Woodlawn Dr","YearCompleted":2010,"District":"24"}},{"type":"Feature","id":380,"geometry":{"type":"LineString","coordinates":[[-86.8260962237526,36.128909502771],[-86.8259982050428,36.1296190180633],[-86.8255531629758,36.1323789830283],[-86.8253200559269,36.1338834762355],[-86.825220371195,36.1346045647144]]},"properties":{"OBJECTID":380,"BikewayType":"BBL","Status":"Complete","OnStreetName":"Bowling Ave","FromStreetName":"West End Ave","ToStreetName":"Whitworth Blvd","YearCompleted":2017,"District":"24"}},{"type":"Feature","id":381,"geometry":{"type":"LineString","coordinates":[[-86.6445700892597,36.0794791605615],[-86.6468135276657,36.0773669462147],[-86.6469918750133,36.0771793895574],[-86.6471554572494,36.0769831641487],[-86.647303636894,36.0767790348119],[-86.6474358365151,36.0765677971712],[-86.6475515409776,36.0763502745503],[-86.6476502994501,36.0761273147625],[-86.6477317271596,36.0758997868059],[-86.6477955068897,36.0756685774761],[-86.6478521392358,36.0752346152628],[-86.647857985186,36.0747982503413],[-86.647812993219,36.0743633907805],[-86.6477175671037,36.0739339311051],[-86.6475725622536,36.0735137174176],[-86.6473792780379,36.0731065129575],[-86.6471394461191,36.0727159644042],[-86.646855214922,36.0723455692248],[-86.6457920100451,36.071315426681],[-86.645760327055,36.0712812693528],[-86.645744764223,36.0712404197148],[-86.6457471606218,36.0711977050686],[-86.6457672330359,36.0711581731013]]},"properties":{"OBJECTID":381,"BikewayType":"BL","Status":"Complete","OnStreetName":"Edge O Lake Dr","FromStreetName":"Murfreesboro Pike","ToStreetName":"Pebble Creek Dr","YearCompleted":2017,"District":"28, 29, 32"}},{"type":"Feature","id":382,"geometry":{"type":"LineString","coordinates":[[-86.6719437157841,36.0417784393672],[-86.6720669978753,36.0416245036846],[-86.6721658782985,36.0414593616195],[-86.6722388373122,36.0412855515805],[-86.6722847536385,36.0411057451955],[-86.6722775280055,36.0406854879722],[-86.672244216606,36.040531305249],[-86.6722260577843,36.0403754631924],[-86.6722231657205,36.0402189424795],[-86.6722355585232,36.0400627280521],[-86.6722828387148,36.0399054388954],[-86.6723651084764,36.0397579605087],[-86.6725609190321,36.0394766693182],[-86.6726467456609,36.0392923303943],[-86.6726920951638,36.0390987245361],[-86.6726956057046,36.038901666958],[-86.6726571721487,36.038707076509],[-86.6722131776917,36.0377831188433]]},"properties":{"OBJECTID":382,"BikewayType":"BL","Status":"Complete","OnStreetName":"Hickory Park Dr","FromStreetName":"Sycamore Ct","ToStreetName":"N of Rivendell Ct","YearCompleted":2017,"District":"32"}},{"type":"Feature","id":383,"geometry":{"type":"LineString","coordinates":[[-86.6722131776917,36.0377831188433],[-86.6714352836578,36.0361324865523],[-86.671369422521,36.0359449783952],[-86.6713362792663,36.0357518562204],[-86.6713364967012,36.0355568669915],[-86.6713700703631,36.0353637938695],[-86.6716746690992,36.0340594703874],[-86.6716754847203,36.0338847763498],[-86.6716506667878,36.0337112479538]]},"properties":{"OBJECTID":383,"BikewayType":"BBL","Status":"Complete","OnStreetName":"Hickory Park Dr","FromStreetName":"N of Rivendell Ct","ToStreetName":"Shire Dr","YearCompleted":2017,"District":"32"}},{"type":"Feature","id":384,"geometry":{"type":"LineString","coordinates":[[-86.6704394525022,36.0448681884538],[-86.6705965472657,36.0441645442815],[-86.6706378949045,36.0439885708316],[-86.6706265868251,36.0438096577116],[-86.6706002644835,36.0436470655969],[-86.6705943317257,36.0434831449852],[-86.670608849305,36.0433195779514],[-86.6706436681244,36.0431580429323],[-86.6706984307719,36.0430001975028],[-86.6707725751929,36.0428476613683],[-86.6708653404622,36.0427019997448],[-86.6709757745956,36.0425647072984],[-86.6718216576495,36.0418982487634],[-86.6719437157841,36.0417784393672]]},"properties":{"OBJECTID":384,"BikewayType":"SSR","Status":"Complete","OnStreetName":"Hickory Park Dr","FromStreetName":"Bell Rd","ToStreetName":"Sycamore Ct","YearCompleted":2017,"District":"32"}},{"type":"Feature","id":385,"geometry":{"type":"LineString","coordinates":[[-86.7957188031501,36.1504734172294],[-86.7967568491724,36.1499002188355]]},"properties":{"OBJECTID":385,"BikewayType":"SSR","Status":"Complete","OnStreetName":"Division St","FromStreetName":"Lyle Ave","ToStreetName":"19th Ave S","YearCompleted":2016,"District":"19"}},{"type":"Feature","id":386,"geometry":{"type":"LineString","coordinates":[[-86.6716506667878,36.0337112479538],[-86.6716106629663,36.0335693593715],[-86.6715535039197,36.033431400331],[-86.6714797551738,36.0332987355741],[-86.6713901463557,36.0331726774636],[-86.671285563973,36.0330544730008],[-86.6711670426425,36.0329452914916],[-86.6710357548535,36.0328462129799],[-86.6708929993689,36.0327582175653],[-86.6697148018825,36.0323027422699]]},"properties":{"OBJECTID":386,"BikewayType":"SSR","Status":"Complete","OnStreetName":"Hickory Park Dr","FromStreetName":"Shire Dr","ToStreetName":"Dead End","YearCompleted":2017,"District":"32"}},{"type":"Feature","id":387,"geometry":{"type":"LineString","coordinates":[[-86.6457672330359,36.0711581731013],[-86.6459490860157,36.0710445527645],[-86.6461593908677,36.0709700169283],[-86.6463856579341,36.0709389921333],[-86.646614449669,36.0709533208792],[-86.6480255605454,36.0711007459231]]},"properties":{"OBJECTID":387,"BikewayType":"BBL","Status":"Complete","OnStreetName":"Pebble Creek Dr","FromStreetName":"Canyon Ridge Ct","ToStreetName":"Edge O Lake Dr","YearCompleted":2017,"District":"32"}},{"type":"Feature","id":388,"geometry":{"type":"LineString","coordinates":[[-86.6289231525559,36.1504510388316],[-86.6286741173225,36.1506611449286],[-86.6284026464518,36.1508520995927],[-86.6268713932855,36.1518615944483],[-86.6266429650249,36.1519853486144],[-86.6263969681306,36.1520845103534],[-86.6261374061417,36.1521574658111],[-86.6258685034093,36.1522030276357],[-86.6250561557716,36.152265538038]]},"properties":{"OBJECTID":388,"BikewayType":"SSR","Status":"Complete","OnStreetName":"Blackwood Dr","FromStreetName":"3216 Blackwood Dr","ToStreetName":"Bell Rd","YearCompleted":2017,"District":"13, 14"}},{"type":"Feature","id":389,"geometry":{"type":"LineString","coordinates":[[-86.7549742368161,36.1301489275712],[-86.7547365826556,36.1298520229549],[-86.7545182841965,36.1294917008387],[-86.7543251695934,36.1291220382705],[-86.7538655768044,36.1282702591222],[-86.7532980998247,36.1271997658721],[-86.7525560066702,36.1258155883996],[-86.7521444421245,36.125027285025],[-86.7516988040829,36.1240850398843]]},"properties":{"OBJECTID":389,"BikewayType":"BL","Status":"Complete","OnStreetName":"Nolensville Pike","FromStreetName":"Polk Ave","ToStreetName":"I-440 Ramp","YearCompleted":2017,"District":"17"}},{"type":"Feature","id":390,"geometry":{"type":"LineString","coordinates":[[-86.7362259765459,36.0932996572184],[-86.736203912962,36.0932599408111],[-86.7357588708959,36.0924304279569],[-86.7356169967158,36.0921801234765],[-86.7354612297701,36.0919353208384],[-86.7352918931943,36.0916965276822],[-86.7351093382533,36.0914642391816],[-86.7349139436123,36.0912389370178],[-86.7347061145512,36.0910210883807],[-86.7344862821231,36.0908111450009],[-86.7342549022606,36.0906095422132],[-86.7324396937329,36.0889468839169],[-86.7302418013173,36.0869160788856]]},"properties":{"OBJECTID":390,"BikewayType":"PBL","Status":"Complete","OnStreetName":"Nolensville Pike","FromStreetName":"McNally Dr","ToStreetName":"Elysian Fields Rd","YearCompleted":2017,"District":"16, 26"}},{"type":"Feature","id":391,"geometry":{"type":"LineString","coordinates":[[-86.7861819448622,36.1571426032027],[-86.7860802541071,36.1569868995163],[-86.7858084717394,36.1565799266184],[-86.7856534628804,36.1563438313131],[-86.7855229912847,36.1560981736006],[-86.7854946039604,36.1560274553243],[-86.7852538685316,36.1554482190108],[-86.7851559036949,36.155259540365],[-86.7850390166385,36.1550780855309],[-86.7844301778958,36.1540922667753]]},"properties":{"OBJECTID":391,"BikewayType":"PBL","Status":"Complete","OnStreetName":"11th Ave S","FromStreetName":"Broadway","ToStreetName":"Laurel St","YearCompleted":2015,"District":"19"}},{"type":"Feature","id":392,"geometry":{"type":"LineString","coordinates":[[-86.7905979433067,36.1621129780822],[-86.7904496540702,36.1619121467683],[-86.7884116517381,36.159495103227]]},"properties":{"OBJECTID":392,"BikewayType":"SSR","Status":"Complete","OnStreetName":"11th Ave N","FromStreetName":"Charlotte Ave","ToStreetName":"Church St","YearCompleted":2015,"District":"19"}},{"type":"Feature","id":393,"geometry":{"type":"LineString","coordinates":[[-86.7884116517381,36.159495103227],[-86.7880641216515,36.159154913466],[-86.7878948184231,36.1589771199516],[-86.7877383832685,36.1587917368309],[-86.7875869679791,36.1586156730279],[-86.7875662817778,36.158592293857],[-86.7874274332853,36.1584556288432],[-86.7872664456484,36.1583359962946],[-86.7869380062545,36.1581306765521],[-86.7867805929832,36.1580027237177],[-86.7866508912786,36.157855740026],[-86.7864560013976,36.1575622250706],[-86.7861819448622,36.1571426032027]]},"properties":{"OBJECTID":393,"BikewayType":"PBL","Status":"Complete","OnStreetName":"11th Ave N","FromStreetName":"Church St","ToStreetName":"Broadway","YearCompleted":2015,"District":"19"}},{"type":"Feature","id":394,"geometry":{"type":"LineString","coordinates":[[-86.8421622108751,36.1510651570189],[-86.839522532423,36.1511657523607],[-86.8369890703614,36.1512533724722]]},"properties":{"OBJECTID":394,"BikewayType":"SSR","Status":"Complete","OnStreetName":"Park Ave","FromStreetName":"46th Ave N","ToStreetName":"42nd Ave N","YearCompleted":2013,"District":"24"}},{"type":"Feature","id":395,"geometry":{"type":"LineString","coordinates":[[-86.8370637312513,36.1523888003587],[-86.8370275455916,36.1518215462838],[-86.8370121795397,36.1512745228735]]},"properties":{"OBJECTID":395,"BikewayType":"SSR","Status":"Complete","OnStreetName":"42nd Ave N","FromStreetName":"Charlotte Ave","ToStreetName":"Park Ave","YearCompleted":2013,"District":"24"}},{"type":"Feature","id":396,"geometry":{"type":"LineString","coordinates":[[-86.7791647766658,36.149683567564],[-86.7780972952329,36.1497381077053],[-86.7778223984875,36.1497788000961],[-86.7775531478702,36.149839436678],[-86.7774061582602,36.1498923502199],[-86.777252330008,36.1499303860293],[-86.7770939428579,36.1499529804115],[-86.7769333441261,36.1499597985151],[-86.776237077907,36.1499585563522],[-86.7759758928725,36.1500100376243],[-86.7757342172163,36.1501054490639],[-86.7755231387425,36.150240413335],[-86.7753523416329,36.1504087384495],[-86.7752039151051,36.1505529022549],[-86.7750412016202,36.1506865413121],[-86.7748653313955,36.1508087273011],[-86.7746775260582,36.1509186114562],[-86.7742407610208,36.1511939520778],[-86.7741037370354,36.1512976214506],[-86.7739538836642,36.1513888716288],[-86.7737929039621,36.1514666655475],[-86.7736226274525,36.1515301190703],[-86.772211968547,36.152130755632]]},"properties":{"OBJECTID":396,"BikewayType":"PBL","Status":"Complete","OnStreetName":"Division St/Ash St","FromStreetName":"8th Ave S","ToStreetName":"Lafayette St","YearCompleted":2017,"District":"19"}},{"type":"Feature","id":397,"geometry":{"type":"LineString","coordinates":[[-86.772211968547,36.152130755632],[-86.7715694613698,36.1523495096239],[-86.7695700121861,36.1532169115]]},"properties":{"OBJECTID":397,"BikewayType":"SSR","Status":"Complete","OnStreetName":"Division St/Ash St","FromStreetName":"Lafayette St","ToStreetName":"2nd Ave S","YearCompleted":2017,"District":"19"}},{"type":"Feature","id":398,"geometry":{"type":"LineString","coordinates":[[-86.7913817648217,36.1521967000408],[-86.7913618307902,36.1521445957184],[-86.7913568505221,36.1520901907251],[-86.7913670789556,36.1520362703649],[-86.7913919924096,36.1519855951251],[-86.7914303153997,36.1519407593522],[-86.7914800859426,36.151904058434],[-86.791538756003,36.1518773712878],[-86.7916033219416,36.1518620641707],[-86.7918076827762,36.1506796704052],[-86.7922109105823,36.1483639369794],[-86.7925752546546,36.1465730745002],[-86.7931462542456,36.1433977674312],[-86.7931507723653,36.1433735276726],[-86.7936624665242,36.140628201907],[-86.7944716478972,36.1363309638365],[-86.7944737790372,36.1363196468865]]},"properties":{"OBJECTID":398,"BikewayType":"PBL","Status":"Complete","OnStreetName":"16th Ave S / Music Sq E","FromStreetName":"Division St","ToStreetName":"Wedgewood Ave","YearCompleted":2017,"District":"17, 18, 19"}},{"type":"Feature","id":399,"geometry":{"type":"LineString","coordinates":[[-86.7971880346371,36.1355497602418],[-86.7967660420097,36.1358334099454],[-86.7963817204852,36.136150339748],[-86.7960390401923,36.1364972760753],[-86.7957415412859,36.1368706353709],[-86.7955659501251,36.1375072233832],[-86.7949283395924,36.1407987158416],[-86.7944114544622,36.1434967526347],[-86.7944083787748,36.1435136375506],[-86.7938266352592,36.1467073777655],[-86.7935053501322,36.148438893286],[-86.7931988671889,36.1501339929459],[-86.792846529101,36.1519739763425]]},"properties":{"OBJECTID":399,"BikewayType":"PBL","Status":"Complete","OnStreetName":"17th Ave S / Music Sq W","FromStreetName":"Division St","ToStreetName":"18th Ave S","YearCompleted":2017,"District":"17, 18, 19"}},{"type":"Feature","id":400,"geometry":{"type":"LineString","coordinates":[[-86.8011913377251,36.1342169445971],[-86.8000380881129,36.1345728001477],[-86.7990323619552,36.1348885143133],[-86.7981604982967,36.1351861651574],[-86.7971880346371,36.1355497602418]]},"properties":{"OBJECTID":400,"BikewayType":"PBL","Status":"Complete","OnStreetName":"Magnolia Blvd","FromStreetName":"21st Ave S","ToStreetName":"18th Ave S","YearCompleted":2017,"District":"18"}},{"type":"Feature","id":401,"geometry":{"type":"LineString","coordinates":[[-86.7971880346371,36.1355497602418],[-86.7965303040685,36.1358187925297],[-86.7956703080917,36.1362465471383],[-86.7951382956906,36.1365827114596],[-86.7948838071912,36.1367801847455],[-86.7946510823515,36.1369945975469],[-86.7944418283965,36.1372243771384],[-86.7942575804317,36.1374678380646]]},"properties":{"OBJECTID":401,"BikewayType":"PBL","Status":"Complete","OnStreetName":"Magnolia Blvd","FromStreetName":"16th Ave S","ToStreetName":"18th Ave S","YearCompleted":2017,"District":"17, 18"}},{"type":"Feature","id":402,"geometry":{"type":"LineString","coordinates":[[-86.7971880346371,36.1355497602418],[-86.7971093513352,36.1354368081935],[-86.7970535155917,36.1353152331428],[-86.7970219133815,36.1351880531023],[-86.7970153290859,36.1350584252103],[-86.7970562234492,36.1346809856699],[-86.7971526713054,36.1339925995849],[-86.7972865026846,36.1330226196748]]},"properties":{"OBJECTID":402,"BikewayType":"BBL","Status":"Complete","OnStreetName":"18th Ave S","FromStreetName":"Magnolia Blvd","ToStreetName":"Portland Ave","YearCompleted":2017,"District":"18"}},{"type":"Feature","id":403,"geometry":{"type":"LineString","coordinates":[[-86.796181378494,36.1410327835016],[-86.7936386900096,36.1407557726]]},"properties":{"OBJECTID":403,"BikewayType":"BL","Status":"Complete","OnStreetName":"Horton Ave","FromStreetName":"18th Ave S","ToStreetName":"16th Ave S","YearCompleted":2017,"District":"17"}},{"type":"Feature","id":404,"geometry":{"type":"LineString","coordinates":[[-86.7238902124486,36.208964377886],[-86.7240838711615,36.209162805055],[-86.724428256038,36.209458805632],[-86.7247871234179,36.2097432840827],[-86.7249883106095,36.2098390143496],[-86.7252110516142,36.2098952590717],[-86.7259628977907,36.2099966165572],[-86.7284829509247,36.2103155703086]]},"properties":{"OBJECTID":404,"BikewayType":"BL","Status":"Complete","OnStreetName":"Greenfield Ave","FromStreetName":"Katherine St","ToStreetName":"Golf St","YearCompleted":2017,"District":"07"}},{"type":"Feature","id":405,"geometry":{"type":"LineString","coordinates":[[-86.7318304615663,36.2107510978198],[-86.7330858802682,36.2109131193977]]},"properties":{"OBJECTID":405,"BikewayType":"PBL","Status":"Complete","OnStreetName":"Greenfield Ave","FromStreetName":"Gallatin Pike","ToStreetName":"Walgreens driveway","YearCompleted":2024,"District":"07"}},{"type":"Feature","id":406,"geometry":{"type":"LineString","coordinates":[[-86.7284829509247,36.2103155703086],[-86.7310330590071,36.2106481788684],[-86.7318304615663,36.2107510978198]]},"properties":{"OBJECTID":406,"BikewayType":"SSR","Status":"Complete","OnStreetName":"Greenfield Ave","FromStreetName":"Walgreens driveway","ToStreetName":"Katherine St","YearCompleted":2017,"District":"07"}},{"type":"Feature","id":407,"geometry":{"type":"LineString","coordinates":[[-86.8123589515666,36.1272554875453],[-86.8125529938192,36.126088914838]]},"properties":{"OBJECTID":407,"BikewayType":"BL","Status":"Complete","OnStreetName":"Natchez Trc","FromStreetName":"Westwood Ave","ToStreetName":"Woodlawn Dr","YearCompleted":2015,"District":"18"}},{"type":"Feature","id":408,"geometry":{"type":"LineString","coordinates":[[-86.7238651742934,36.23881746839],[-86.7238748641533,36.2387789460218],[-86.7238748641533,36.2387789460218],[-86.7241474562921,36.2378788125243],[-86.7243354062338,36.2372767811339],[-86.7244910917086,36.2366687367575],[-86.7245765544111,36.2362400721454],[-86.7246354063141,36.2358084777036],[-86.7247119979901,36.2351069584502]]},"properties":{"OBJECTID":408,"BikewayType":"BBL","Status":"Complete","OnStreetName":"Gallatin Pike","FromStreetName":"Walton Ln","ToStreetName":"Briley Pkwy","YearCompleted":2017,"District":"07, 08"}},{"type":"Feature","id":409,"geometry":{"type":"LineString","coordinates":[[-86.7203306454882,36.2480205743598],[-86.7208307448611,36.2472477625413],[-86.721260164787,36.2465584506974],[-86.7220444567229,36.2452718330019],[-86.722466215978,36.244519609258]]},"properties":{"OBJECTID":409,"BikewayType":"BL","Status":"Complete","OnStreetName":"Gallatin Pike","FromStreetName":"Due West Ave","ToStreetName":"Lakewood Dr","YearCompleted":2017,"District":"07, 08"}},{"type":"Feature","id":410,"geometry":{"type":"LineString","coordinates":[[-86.7143788974449,36.2561515839265],[-86.7145342750794,36.2558820370859],[-86.7147086867811,36.2556202399613],[-86.7149573136532,36.255307864123],[-86.7152349134684,36.2550119298503],[-86.7159461883841,36.2542759181211],[-86.7162437830233,36.2539477796866],[-86.7165148142419,36.2536048758397],[-86.716900989266,36.2530741706182],[-86.717661704982,36.2519589282113]]},"properties":{"OBJECTID":410,"BikewayType":"BL","Status":"Complete","OnStreetName":"Gallatin Pike","FromStreetName":"Neelys Bend Rd","ToStreetName":"E Webster St","YearCompleted":2017,"District":"07, 08"}},{"type":"Feature","id":411,"geometry":{"type":"LineString","coordinates":[[-86.7858781543196,36.1305321108488],[-86.7861382957427,36.127812889222],[-86.7862339017694,36.1267386531567],[-86.7863235029321,36.1254407556899],[-86.786387463158,36.1244364759993],[-86.7864394125992,36.1233439020521],[-86.7865473091282,36.1218442180902]]},"properties":{"OBJECTID":411,"BikewayType":"PBL","Status":"Complete","OnStreetName":"10th Ave S","FromStreetName":"S Douglas Ave","ToStreetName":"959 Aly","YearCompleted":2018,"District":"17"}},{"type":"Feature","id":412,"geometry":{"type":"LineString","coordinates":[[-86.7855832381555,36.1335925320126],[-86.7855945525723,36.1334197988772],[-86.7857138489085,36.1321074733571],[-86.785793351331,36.1313321182275],[-86.7858781543196,36.1305321108488]]},"properties":{"OBJECTID":412,"BikewayType":"BL","Status":"Complete","OnStreetName":"10th Ave S","FromStreetName":"Acklen Ave","ToStreetName":"S Douglas Ave","YearCompleted":2018,"District":"17"}},{"type":"Feature","id":413,"geometry":{"type":"LineString","coordinates":[[-86.7872822651983,36.1197436758235],[-86.787087921821,36.1201818118251],[-86.7867234092278,36.1208881355833],[-86.7866414375697,36.1211067302093],[-86.7865914250696,36.1213315861192],[-86.7865473091282,36.1218442180902]]},"properties":{"OBJECTID":413,"BikewayType":"BL","Status":"Complete","OnStreetName":"10th Ave S","FromStreetName":"959 Aly","ToStreetName":"Kirkwood Ave","YearCompleted":2018,"District":"17"}},{"type":"Feature","id":414,"geometry":{"type":"LineString","coordinates":[[-86.8013084428255,36.1332785004138],[-86.7999880219776,36.1331391914579],[-86.7980394629315,36.1329408677042],[-86.7978301027228,36.1329250745956],[-86.7976215036336,36.132946493292],[-86.7972865026846,36.1330226196748]]},"properties":{"OBJECTID":414,"BikewayType":"SSR","Status":"Complete","OnStreetName":"Portland Ave","FromStreetName":"21st Ave S","ToStreetName":"18th Ave S","YearCompleted":2005,"District":"18"}},{"type":"Feature","id":415,"geometry":{"type":"LineString","coordinates":[[-86.7991935122483,36.1713437129745],[-86.7963672211539,36.1671609492251],[-86.7941552929728,36.16387424574]]},"properties":{"OBJECTID":415,"BikewayType":"BL","Status":"Complete","OnStreetName":"12th Ave N","FromStreetName":"Jefferson St","ToStreetName":"Jo Johnston Ave","YearCompleted":2019,"District":"19"}},{"type":"Feature","id":416,"geometry":{"type":"LineString","coordinates":[[-86.7317876142414,36.2395262209314],[-86.7304144303625,36.2394005390449],[-86.7274789444736,36.2391430611133],[-86.7238651742934,36.23881746839]]},"properties":{"OBJECTID":416,"BikewayType":"BL","Status":"Complete","OnStreetName":"Walton Ln","FromStreetName":"Saunders Ave","ToStreetName":"Gallatin Pike","YearCompleted":2019,"District":"07, 08"}},{"type":"Feature","id":417,"geometry":{"type":"LineString","coordinates":[[-86.7238902124486,36.208964377886],[-86.7236215249788,36.2085403419625],[-86.7230944994427,36.2076969747897],[-86.7229363004069,36.2074499264203],[-86.7228832068121,36.2073586199872],[-86.7228458757421,36.2072623235881],[-86.7228249962945,36.2071628149173],[-86.7228209538541,36.2070619309631],[-86.7228425227065,36.2069775735915],[-86.7228781730542,36.2068964134746],[-86.7229272301657,36.206819986583],[-86.7229887655915,36.2067497393062],[-86.7231108914541,36.2066655761582],[-86.7232477801041,36.2065979599067],[-86.7239541035206,36.2062932707045],[-86.7241133407661,36.2061980670582],[-86.7242567578073,36.2060875748485],[-86.7243960220435,36.2059384745918],[-86.7244995531529,36.2057713541291],[-86.7245498496851,36.2056684413255],[-86.7245853605682,36.2055615565345],[-86.7246056239832,36.205452089975],[-86.7246103764343,36.2053414654398],[-86.7245816294736,36.2051513650824],[-86.724520153042,36.2049664365579],[-86.7244028130277,36.2047757533685],[-86.7242593311394,36.2045971994487],[-86.7240597337349,36.2043976738163],[-86.7238219752122,36.2042278276971],[-86.723295574783,36.2039341019923],[-86.723066342012,36.2037922098362],[-86.7228719658525,36.2036194903505],[-86.7227496164465,36.2034621872193],[-86.7226615401514,36.2032904856038],[-86.7226235276179,36.2031424446911],[-86.7226076248133,36.2029917824071],[-86.7226257657632,36.2025932106071],[-86.7227266583824,36.201718658817],[-86.7228981946191,36.2002022325576],[-86.7230143081791,36.1990617081142],[-86.7230637303553,36.1986739176782],[-86.7231126452254,36.1983038719716],[-86.7231849853019,36.1979363562066],[-86.7233487080124,36.1973392308098],[-86.7233961627065,36.1970011693995],[-86.7234219612047,36.1966615700347],[-86.7234601488204,36.1962836158258],[-86.7234668349326,36.1959044349927],[-86.7234430706099,36.1956439781647],[-86.7233621277432,36.1953911850277],[-86.7232542612417,36.1951861043041],[-86.7231920600597,36.1949689397807],[-86.72317052491,36.1947604181044],[-86.7231882558636,36.194551661228],[-86.7232315881933,36.194366547139],[-86.723293761795,36.1941849950091],[-86.7234263486255,36.1938812732422],[-86.7235883808708,36.1935870843925],[-86.7236886442,36.1934197043418],[-86.7238065716832,36.1932600679539],[-86.7239412606578,36.1931093970083],[-86.7240916801943,36.1929688446608],[-86.7248750914198,36.1924536033512],[-86.7255757744172,36.191964608391],[-86.7256969565033,36.1918705394877],[-86.7257985401683,36.1917622919558],[-86.725878035555,36.1916425190757],[-86.7259334942447,36.1915141566156],[-86.7259741342031,36.1911974775345],[-86.7260309460217,36.190815602317],[-86.7260416025532,36.1906930111238],[-86.7260674264236,36.1905719118395],[-86.7261081553049,36.1904535343112],[-86.7261633755035,36.1903390807396],[-86.726240056405,36.190156411047],[-86.726291327282,36.1899679845549],[-86.7263982997981,36.1891692198937],[-86.7265656973165,36.1881750316699],[-86.7265833318938,36.187966164437],[-86.726545707454,36.1877590421098],[-86.726485277102,36.1875961293445],[-86.7263883980569,36.1874452227731],[-86.7260753640461,36.1869904572045],[-86.7259606479282,36.1867829346336],[-86.725859877947,36.1865707073759],[-86.7257733461682,36.186354390775],[-86.7257013033677,36.1861346120266],[-86.7256221457135,36.1858735478197],[-86.7255611854731,36.1856092939564],[-86.7255165457331,36.1853364541179],[-86.7254444515203,36.1850675016014],[-86.7252693389278,36.1844139835349],[-86.7252269820684,36.1842672900535],[-86.7252020244402,36.184117996121],[-86.7251946921344,36.1839674547811],[-86.7252050515029,36.1838170303749],[-86.7253614606528,36.1829075611354],[-86.725503247284,36.182007718274],[-86.7255425840555,36.1817578532197],[-86.725634115532,36.1812009400025],[-86.7257200377557,36.1806257367957],[-86.725930079264,36.1793105631349],[-86.7260512637681,36.1784108416603],[-86.7262665762582,36.1770300589899],[-86.7264562073249,36.1757684209603],[-86.7266315608486,36.174682850553],[-86.7267676626559,36.1737434538524],[-86.7267969351756,36.1734714331337],[-86.7268013846157,36.1732392280028],[-86.7267825145846,36.173007499348],[-86.7267404504393,36.1727777840861],[-86.7266754713633,36.1725516057669]]},"properties":{"OBJECTID":417,"BikewayType":"PBL","Status":"Complete","OnStreetName":"Riverside Dr","FromStreetName":"Golf St","ToStreetName":"Huntleigh Dr","YearCompleted":2019,"District":"06, 07"}},{"type":"Feature","id":418,"geometry":{"type":"LineString","coordinates":[[-86.8048235868905,36.1803227206465],[-86.8047346016338,36.1801249990109],[-86.8036185073563,36.1792438952924],[-86.8002617361249,36.1767842953721],[-86.7967465407511,36.1742264468604]]},"properties":{"OBJECTID":418,"BikewayType":"PBL","Status":"Complete","OnStreetName":"Arthur Ave","FromStreetName":"Buchanan St","ToStreetName":"Monroe St","YearCompleted":2020,"District":"19, 21"}},{"type":"Feature","id":419,"geometry":{"type":"LineString","coordinates":[[-86.8121469718686,36.1086741555853],[-86.8094886648524,36.108002159504],[-86.8078520235699,36.1075768224288]]},"properties":{"OBJECTID":419,"BikewayType":"SSR","Status":"Complete","OnStreetName":"Glen Echo Rd","FromStreetName":"Hillsboro Pike","ToStreetName":"Hillmont Dr","YearCompleted":2019,"District":"25"}},{"type":"Feature","id":420,"geometry":{"type":"LineString","coordinates":[[-86.8078520235699,36.1075768224288],[-86.8077371803899,36.1075537454495],[-86.8075223041745,36.1075269896984],[-86.8073049537835,36.1075304076037],[-86.8065473789678,36.1075903240131],[-86.8063742400726,36.1076033804698],[-86.8062006602031,36.1075950261253],[-86.8060065744169,36.1075820154844],[-86.8057188606222,36.1075821278652],[-86.8054369405545,36.1076287456402],[-86.8048218611835,36.1078307774783],[-86.8046678737555,36.1078624082342],[-86.8045106049916,36.1078805188165],[-86.8043518523427,36.1078849022366],[-86.8041934302214,36.1078755083955],[-86.8030308863203,36.1077020217345],[-86.800743717102,36.1073526081488]]},"properties":{"OBJECTID":420,"BikewayType":"BL","Status":"Complete","OnStreetName":"Glen Echo Rd","FromStreetName":"Hillmont Dr","ToStreetName":"Belmont Blvd","YearCompleted":2019,"District":"25"}},{"type":"Feature","id":421,"geometry":{"type":"LineString","coordinates":[[-86.7233661863654,36.1954004689023],[-86.7240716916652,36.1953091118996],[-86.7246543974965,36.1952347933968],[-86.7248606938403,36.1952099484293],[-86.7249921915548,36.1951476388827],[-86.7250904976961,36.1950533323142],[-86.725330256263,36.1947306883784],[-86.7257252289443,36.1942025146543],[-86.7261324014577,36.1936578118843],[-86.7265177413497,36.1931389924651],[-86.7272102418894,36.1922072200529],[-86.7276342996664,36.1916132878696],[-86.7278087280103,36.1913545818723],[-86.7280653132793,36.1909126012249],[-86.7284581896086,36.1901280879159],[-86.7285772052614,36.1898927782272]]},"properties":{"OBJECTID":421,"BikewayType":"BL","Status":"Complete","OnStreetName":"Porter Rd","FromStreetName":"Riverside Dr","ToStreetName":"McKennie Ave","YearCompleted":2006,"District":"06, 07"}},{"type":"Feature","id":422,"geometry":{"type":"LineString","coordinates":[[-86.7296878991599,36.1874543153959],[-86.7297131350183,36.1873670731934],[-86.7298002030655,36.1871558398513],[-86.7299175092831,36.1869544484669],[-86.7301975543984,36.1865712199261],[-86.7306416121646,36.1859828788778],[-86.7311390836276,36.1853179046383],[-86.7316389958586,36.1846634058654],[-86.7321771545141,36.1839466733378],[-86.7324720706751,36.1835534070671]]},"properties":{"OBJECTID":422,"BikewayType":"BBL","Status":"Complete","OnStreetName":"Porter Rd","FromStreetName":"Rosebank Ave","ToStreetName":"Franklin Ave","YearCompleted":2020,"District":"06, 07"}},{"type":"Feature","id":423,"geometry":{"type":"LineString","coordinates":[[-86.7791647766658,36.149683567564],[-86.7797793288326,36.1497045017835],[-86.779984646089,36.1497509147702],[-86.7801832399929,36.1498136877679],[-86.7803731341875,36.1498921960805],[-86.7805524388771,36.1499856584171],[-86.781316260145,36.1505172546638],[-86.7815707689434,36.150665198399],[-86.7818516392228,36.1507774679296],[-86.7821513379026,36.1508510520961],[-86.7824618268266,36.1508839773051],[-86.7843462416449,36.1510830397717]]},"properties":{"OBJECTID":423,"BikewayType":"PBL","Status":"Complete","OnStreetName":"Division St","FromStreetName":"12th Ave S","ToStreetName":"8th Ave S","YearCompleted":2020,"District":"19"}},{"type":"Feature","id":424,"geometry":{"type":"LineString","coordinates":[[-86.7132232015192,36.0453861600898],[-86.7135482448055,36.0480440291509],[-86.7136544199082,36.0487792431404]]},"properties":{"OBJECTID":424,"BikewayType":"BL","Status":"Completed","OnStreetName":"Nolensville Pike","FromStreetName":"Old Hickory Blvd","ToStreetName":"Hickoryview Dr","YearCompleted":2018,"District":"04, 27"}},{"type":"Feature","id":425,"geometry":{"type":"LineString","coordinates":[[-86.7367371427329,36.174988964083],[-86.7368222844291,36.1744657411376],[-86.7368950043353,36.1739498688877]]},"properties":{"OBJECTID":425,"BikewayType":"BL","Status":"Complete","OnStreetName":"S 19th St","FromStreetName":"Holly St","ToStreetName":"Russell St","YearCompleted":2020,"District":"06"}},{"type":"Feature","id":426,"geometry":{"type":"LineString","coordinates":[[-86.6180259593473,36.0433270034357],[-86.6165409618916,36.0439573996415],[-86.6162480131195,36.0440416857749],[-86.6159431762901,36.0440908502239],[-86.6156328000319,36.0441038690728],[-86.6153233483623,36.0440804711862],[-86.6144066105784,36.0440016851425],[-86.6141546074072,36.04398932488],[-86.6139021456375,36.0439897544236],[-86.613650208446,36.0440029721007],[-86.613399776967,36.0440289264365],[-86.6131518264736,36.0440675163555],[-86.6129073225801,36.0441185915738],[-86.6126672174837,36.0441819531851],[-86.6124324462569,36.0442573544345],[-86.6109680125646,36.0447417193181],[-86.6107393911229,36.044795340211],[-86.609920862704,36.0448877179886],[-86.6097722061546,36.0449167935197],[-86.6096307301517,36.0449639042256],[-86.6094997308914,36.0450279524964],[-86.6093822604973,36.0451074460985],[-86.609129606097,36.0452841008969]]},"properties":{"OBJECTID":426,"BikewayType":"BL","Status":"Complete","OnStreetName":"Mountain Springs Rd","FromStreetName":"Summercrest Trl","ToStreetName":"Murfreesboro Pike","YearCompleted":2019,"District":"32, 33"}},{"type":"Feature","id":427,"geometry":{"type":"LineString","coordinates":[[-86.7950927313694,36.1811124149934],[-86.7950791370131,36.1811183753797],[-86.7938271906939,36.1816691128381],[-86.7925326258814,36.1822248855153]]},"properties":{"OBJECTID":427,"BikewayType":"BL","Status":"Complete","OnStreetName":"Garfield St","FromStreetName":"7th Ave N","ToStreetName":"5th Ave N","YearCompleted":2021,"District":"19"}},{"type":"Feature","id":428,"geometry":{"type":"LineString","coordinates":[[-86.7925326258814,36.1822248855153],[-86.7912759836279,36.1827505879833],[-86.7900190727209,36.1832753091821]]},"properties":{"OBJECTID":428,"BikewayType":"PBL","Status":"Complete","OnStreetName":"Garfield St","FromStreetName":"5th Ave N","ToStreetName":"3rd Ave N","YearCompleted":2021,"District":"19"}},{"type":"Feature","id":429,"geometry":{"type":"LineString","coordinates":[[-86.8049329370239,36.1652728300443],[-86.8049678684702,36.1653609784127],[-86.8051338492238,36.1657783710528],[-86.805349379073,36.1662926601114]]},"properties":{"OBJECTID":429,"BikewayType":"SSR","Status":"Complete","OnStreetName":"Dr Db Todd Jr Blvd","FromStreetName":"Morena St","ToStreetName":"Albion St","YearCompleted":2021,"District":"19, 21"}},{"type":"Feature","id":430,"geometry":{"type":"LineString","coordinates":[[-86.7972865026846,36.1330226196748],[-86.7959843833775,36.1328999169982],[-86.7958617871318,36.1328834123027],[-86.7957485620459,36.1328418595202],[-86.7956523419965,36.1327780602346],[-86.7955796143013,36.1326963159319],[-86.7955216783133,36.1326025056842],[-86.7954820445508,36.1325026283878],[-86.7954616390151,36.1323990177473],[-86.7954609384189,36.1322940946909],[-86.7955468594466,36.130747806073],[-86.7955871994135,36.1299331861664],[-86.7955921410767,36.1298257508976],[-86.795590020524,36.1297694647044],[-86.7955839400478,36.1297076013753],[-86.7955729867695,36.1296411934864],[-86.7955293464223,36.1294754981703],[-86.7954637561754,36.1293163196101],[-86.7952579381015,36.1289969501802]]},"properties":{"OBJECTID":430,"BikewayType":"BL","Status":"Complete","OnStreetName":"Belmont Blvd","FromStreetName":"18th Ave S","ToStreetName":"Ashwood Ave","YearCompleted":2005,"District":"18"}},{"type":"Feature","id":431,"geometry":{"type":"LineString","coordinates":[[-86.7883570756743,36.1515445704099],[-86.7895228081341,36.151682026912],[-86.7898546121839,36.1517240386705],[-86.7914146750706,36.1519452588158]]},"properties":{"OBJECTID":431,"BikewayType":"PBL","Status":"Complete","OnStreetName":"Division St","FromStreetName":"Music Row Roundabout","ToStreetName":"233 Alley","YearCompleted":2020,"District":"19"}},{"type":"Feature","id":432,"geometry":{"type":"LineString","coordinates":[[-86.7875095164487,36.1514446241035],[-86.7883570756743,36.1515445704099]]},"properties":{"OBJECTID":432,"BikewayType":"BL","Status":"Complete","OnStreetName":"Division St","FromStreetName":"233 Alley","ToStreetName":"Pine St","YearCompleted":2020,"District":"19"}},{"type":"Feature","id":433,"geometry":{"type":"LineString","coordinates":[[-86.7850854245962,36.1511663314469],[-86.785310715158,36.1511930600214],[-86.7860296237699,36.1512753701998],[-86.7863122116155,36.1513074107039],[-86.7865433721181,36.1513340617797],[-86.7870565635239,36.1513934406778],[-86.7873724896763,36.1514284652821],[-86.7875095164487,36.1514446241035]]},"properties":{"OBJECTID":433,"BikewayType":"BBL","Status":"Complete","OnStreetName":"Division St","FromStreetName":"Pine St","ToStreetName":"1201 Division St","YearCompleted":2020,"District":"19"}},{"type":"Feature","id":434,"geometry":{"type":"LineString","coordinates":[[-86.7843462416449,36.1510830397717],[-86.7848387711615,36.1511370682219],[-86.7850854245962,36.1511663314469]]},"properties":{"OBJECTID":434,"BikewayType":"BL","Status":"Complete","OnStreetName":"Division St","FromStreetName":"1201 Division St","ToStreetName":"12th Ave S","YearCompleted":2020,"District":"19"}},{"type":"Feature","id":435,"geometry":{"type":"LineString","coordinates":[[-86.7324720706751,36.1835534070671],[-86.7327211060439,36.1832213176355],[-86.7330547019846,36.1827790973625],[-86.7331470289868,36.1826825875777],[-86.7332524383397,36.182595329192],[-86.7333695303161,36.1825184808736],[-86.7334967500741,36.1824530630568]]},"properties":{"OBJECTID":435,"BikewayType":"PBL","Status":"Complete","OnStreetName":"Porter Rd","FromStreetName":"Franklin Ave","ToStreetName":"Eastland Ave","YearCompleted":2020,"District":"06, 07"}},{"type":"Feature","id":436,"geometry":{"type":"LineString","coordinates":[[-86.7291606530388,36.1887534515099],[-86.7291624651979,36.1887501743996],[-86.7293692219827,36.1883656232719],[-86.729474073389,36.1881449399532],[-86.729543687245,36.1879614547501],[-86.7295953890331,36.187774118859],[-86.7296878991599,36.1874543153959]]},"properties":{"OBJECTID":436,"BikewayType":"PBL","Status":"Complete","OnStreetName":"Porter Rd","FromStreetName":"Greenwood Ave","ToStreetName":"Rosebank Ave","YearCompleted":2020,"District":"06, 07"}},{"type":"Feature","id":437,"geometry":{"type":"LineString","coordinates":[[-86.7285772052614,36.1898927782272],[-86.7287736972526,36.1895042832198],[-86.7290417638663,36.1889685170081],[-86.7291606530388,36.1887534515099]]},"properties":{"OBJECTID":437,"BikewayType":"BL","Status":"Complete","OnStreetName":"Porter Rd","FromStreetName":"McKennie Ave","ToStreetName":"Greenwood Ave","YearCompleted":2020,"District":"06, 07"}},{"type":"Feature","id":438,"geometry":{"type":"LineString","coordinates":[[-86.8185310015863,36.1549862514087],[-86.8181712230032,36.1539427214152]]},"properties":{"OBJECTID":438,"BikewayType":"BBL","Status":"Completed","OnStreetName":"28th Ave N","FromStreetName":"Charlotte Ave","ToStreetName":"Felicia St","YearCompleted":2021,"District":"21"}},{"type":"Feature","id":439,"geometry":{"type":"LineString","coordinates":[[-86.8192577548407,36.1616425623288],[-86.818917023076,36.1602061148209],[-86.8186005527996,36.1589463185859],[-86.8185623141386,36.1587903734866],[-86.8185461442027,36.1586319169135],[-86.8187903809782,36.1559690178686],[-86.8188013294037,36.1558768938767],[-86.8187972983334,36.1557844007639],[-86.8187279134318,36.155557378145],[-86.8185310015863,36.1549862514087]]},"properties":{"OBJECTID":439,"BikewayType":"BL","Status":"Completed","OnStreetName":"28th Ave N","FromStreetName":"Felicia St","ToStreetName":"Herman St","YearCompleted":2021,"District":"21"}},{"type":"Feature","id":440,"geometry":{"type":"LineString","coordinates":[[-86.8198873702332,36.1642441446621],[-86.8202187021518,36.1656319499567],[-86.8204465438724,36.1665862517007],[-86.8207692524257,36.1678597474037],[-86.8208325264753,36.1680345873959],[-86.8210473912871,36.1686769727028],[-86.8211651183479,36.1690932425626],[-86.8212554515413,36.1695139892089],[-86.8213276524204,36.1699287116558],[-86.8213734674935,36.1703458949145],[-86.8214631486841,36.1713382391325],[-86.8214991158404,36.1715953263201],[-86.8215566771146,36.1718498181821],[-86.8216803674182,36.1722690096867],[-86.8218493600756,36.1726776724384],[-86.8219996915243,36.1729729967107],[-86.822174790544,36.1732592100104],[-86.8223077702645,36.1734699873989],[-86.8224596554739,36.173672192594],[-86.8226482357254,36.173894026149],[-86.8228488858395,36.1741087865543],[-86.8232607180637,36.1745123161082],[-86.8238190344224,36.1750865383506],[-86.823997813081,36.1753125313711],[-86.8241573577885,36.1755477980181],[-86.8243022990613,36.1758135224369],[-86.8244188596658,36.1760882730819],[-86.8245009332203,36.1763386503826],[-86.8245441314349,36.1765953406782],[-86.8245746478012,36.1768924351943],[-86.8245672025053,36.1771904969619],[-86.8245531263678,36.1774608946828],[-86.8242522326897,36.1809613059276],[-86.8242521225366,36.1809625810736],[-86.8239333930906,36.1834429114333],[-86.823738565987,36.1849064840947],[-86.8237196420447,36.1850653589753],[-86.8236848206336,36.1852224568272],[-86.8236343329818,36.1853767340364],[-86.8235685143947,36.1855271657207],[-86.8233950858214,36.1858108287599],[-86.8231823937781,36.1860763511654],[-86.8227170758698,36.1866361592692],[-86.8215511868364,36.1879999179379]]},"properties":{"OBJECTID":440,"BikewayType":"PBL","Status":"Completed","OnStreetName":"28th Ave N","FromStreetName":"Albion St","ToStreetName":"Clarksville Pike","YearCompleted":2021,"District":"21"}},{"type":"Feature","id":441,"geometry":{"type":"LineString","coordinates":[[-86.848564001764,36.1519857793618],[-86.8507197239886,36.1518982158849],[-86.8509073677199,36.1518915301225],[-86.8510934416326,36.1518707801896],[-86.8512755700306,36.1518347595947],[-86.8514524131716,36.1517843082325],[-86.8517920850156,36.1516807561237],[-86.8522566544392,36.1515430296032],[-86.8527586180114,36.1514107132762],[-86.8533416343368,36.1512692361205],[-86.8536149759743,36.1512043485559],[-86.8536149759743,36.1512043485559]]},"properties":{"OBJECTID":441,"BikewayType":"SSR","Status":"Complete","OnStreetName":"Charlotte Ave","FromStreetName":"54th Ave N","ToStreetName":"51st Ave N","YearCompleted":2006,"District":"24"}},{"type":"Feature","id":442,"geometry":{"type":"LineString","coordinates":[[-86.8472090524199,36.1520182994303],[-86.848564001764,36.1519857793618]]},"properties":{"OBJECTID":442,"BikewayType":"BL","Status":"Complete","OnStreetName":"Charlotte Ave","FromStreetName":"51st Ave N","ToStreetName":"50th Ave N","YearCompleted":2021,"District":"24"}},{"type":"Feature","id":443,"geometry":{"type":"LineString","coordinates":[[-86.8208054809525,36.1533780569404],[-86.818198626509,36.1539368080171],[-86.8181712230032,36.1539427214152]]},"properties":{"OBJECTID":443,"BikewayType":"SSR","Status":"Complete","OnStreetName":"Charlotte Ave","FromStreetName":"31st Ave N/City Ave","ToStreetName":"28th Ave N","YearCompleted":2011,"District":"21, 24"}},{"type":"Feature","id":444,"geometry":{"type":"LineString","coordinates":[[-86.768583006456,36.2058980807078],[-86.7685627838491,36.2058963807646],[-86.7657902379275,36.2056562351673],[-86.7649104020834,36.2055866970974],[-86.7640520486319,36.2055480172767],[-86.7633898764463,36.2055186477432],[-86.7633632487938,36.2055170811523],[-86.7622682005966,36.2054643839691],[-86.7617117130812,36.2054432970612],[-86.7611566146094,36.2054051045893],[-86.7598268865919,36.2053028341909],[-86.7576399020828,36.2051215171839],[-86.7536798548675,36.204842263571],[-86.7526024637559,36.2047881762567],[-86.7512029132899,36.204736083888]]},"properties":{"OBJECTID":444,"BikewayType":"PBL","Status":"Completed","OnStreetName":"E Trinity Ln","FromStreetName":"Dickerson Pike","ToStreetName":"Pittway Dr","YearCompleted":2022,"District":"05"}},{"type":"Feature","id":445,"geometry":{"type":"LineString","coordinates":[[-86.7443860829487,36.2042157949637],[-86.7430853969884,36.2040987151596],[-86.7418047360938,36.2039841417369],[-86.7411342344356,36.2039077018101]]},"properties":{"OBJECTID":445,"BikewayType":"BBL","Status":"Completed","OnStreetName":"E Trinity Ln","FromStreetName":"Keeling Ave","ToStreetName":"Casper Ave","YearCompleted":2022,"District":"05, 07"}},{"type":"Feature","id":446,"geometry":{"type":"LineString","coordinates":[[-86.7512029132899,36.204736083888],[-86.7502212005324,36.2046873419197],[-86.7494600390543,36.2046530800535],[-86.7483931796643,36.2045608558952],[-86.7464129085308,36.204391884289],[-86.7445730827713,36.2042326266451],[-86.7443860829487,36.2042157949637]]},"properties":{"OBJECTID":446,"BikewayType":"BL","Status":"Completed","OnStreetName":"E Trinity Ln","FromStreetName":"Pittway Dr","ToStreetName":"Keeling Ave","YearCompleted":2022,"District":"05"}},{"type":"Feature","id":447,"geometry":{"type":"LineString","coordinates":[[-86.7411342344356,36.2039077018101],[-86.7410197568551,36.203891074103],[-86.7396358453797,36.2037149921541],[-86.7385006274966,36.203575185898]]},"properties":{"OBJECTID":447,"BikewayType":"SSR","Status":"Completed","OnStreetName":"E Trinity Ln","FromStreetName":"Casper Ave","ToStreetName":"Gallatin Pike","YearCompleted":2022,"District":"05, 07"}},{"type":"Feature","id":448,"geometry":{"type":"LineString","coordinates":[[-86.7170902022803,36.0885717366497],[-86.7172325793593,36.0884092682305],[-86.7173126523845,36.0882812802439],[-86.7173986710054,36.0880621434634],[-86.7174123987657,36.0880085165852],[-86.7174776761284,36.087753539257],[-86.7179004998864,36.0861041263137],[-86.7179535407864,36.0857940728355],[-86.718008661984,36.0853397835797],[-86.7180149152219,36.0852827437811],[-86.7180314905446,36.0851507837248],[-86.7180755873387,36.0849122082811],[-86.7181397339122,36.0846764903245],[-86.7182027701136,36.0844739723],[-86.718243136147,36.0843219539044],[-86.7182816909194,36.084094399794],[-86.7183080227413,36.083856159857],[-86.7184044243197,36.0829771944105],[-86.7184200752027,36.0827431377915],[-86.7184193695216,36.0825091795236],[-86.7183895641991,36.0822071737521],[-86.7183616820139,36.0819930650311],[-86.7183235644691,36.0818009932847],[-86.7181958519893,36.0813379488418],[-86.7181258761453,36.0810844865421],[-86.7180982111433,36.0809566806865],[-86.7179350860442,36.0804130358572]]},"properties":{"OBJECTID":448,"BikewayType":"BL","Status":"Completed","OnStreetName":"Jonquil Dr","FromStreetName":"Harding Pk","ToStreetName":"Paragon Mills Rd","YearCompleted":2022,"District":"26"}},{"type":"Feature","id":449,"geometry":{"type":"LineString","coordinates":[[-86.7326673746287,36.1957457834378],[-86.7324212455407,36.1957172422683],[-86.732177712837,36.1956766242564],[-86.7316964556569,36.1955661074937],[-86.7310093389121,36.1953796218456],[-86.7308013749693,36.1953358611057],[-86.7305900832214,36.195304264605],[-86.7292145575915,36.1951613632658],[-86.7263535380723,36.1948724287239],[-86.7262124181335,36.194861652763],[-86.7260707700926,36.1948658966077],[-86.725931016694,36.1948850876712],[-86.725795548279,36.1949188977098],[-86.7251969264035,36.1951082457607],[-86.7248606938403,36.1952099484293]]},"properties":{"OBJECTID":449,"BikewayType":"BL","Status":"Complete","OnStreetName":"Cahal Ave","FromStreetName":"Scott Ave","ToStreetName":"Porter Rd","YearCompleted":2022,"District":"07"}},{"type":"Feature","id":450,"geometry":{"type":"LineString","coordinates":[[-86.7188259389301,36.2735283924364],[-86.7180285789068,36.273474472375],[-86.7165256967449,36.2733617803748],[-86.7151784657209,36.2732667484979],[-86.714732356963,36.2732476216199],[-86.7142883101516,36.2732080085187],[-86.7126806768174,36.2730244161079],[-86.7116343602412,36.2729232774155],[-86.7101404791081,36.272778046447]]},"properties":{"OBJECTID":450,"BikewayType":"BL","Status":"Completed","OnStreetName":"Nesbitt Ln","FromStreetName":"Heritage Dr","ToStreetName":"Gallatin Pike","YearCompleted":2022,"District":"08, 09"}},{"type":"Feature","id":451,"geometry":{"type":"LineString","coordinates":[[-86.7188259389301,36.2735283924364],[-86.7188411875554,36.2733642546148],[-86.7188925200443,36.2732049876316],[-86.7189689182212,36.2730867489058],[-86.719073087683,36.2729833446723],[-86.7192268992861,36.2728948201111],[-86.7193970862506,36.2728288064698],[-86.7204042174414,36.272505665718],[-86.7210179209886,36.2723124361966],[-86.7214762192874,36.2721928593996],[-86.7219971236848,36.2721575574221],[-86.7222781936692,36.2721201182086],[-86.72254976709,36.272050527707],[-86.7227862090574,36.2719610052041],[-86.7230073110463,36.2718486827916],[-86.723240572282,36.2716893467701],[-86.7234533160916,36.2715121800327],[-86.7236420882973,36.2712875847496],[-86.7237906315089,36.2710439851301],[-86.7239144930457,36.270741599784],[-86.7240641253469,36.2703591786306],[-86.7242184362965,36.2698443868455],[-86.7243500934005,36.2692677334451],[-86.7244211500974,36.2688722507524],[-86.7244650428266,36.2684741877767],[-86.7244801485071,36.2681939146748],[-86.7244797265005,36.2676645510541],[-86.7244852506486,36.2674395117882],[-86.7245183233802,36.2672160271098],[-86.7246404204406,36.2668826530735],[-86.7248904132088,36.2663672860709],[-86.7249712159231,36.2662044756351],[-86.7250154410618,36.2660327016343],[-86.7250297033013,36.2658622244326],[-86.7250005545175,36.2656929947812],[-86.72494648673,36.2655591260593],[-86.7248730195961,36.2654314612284],[-86.7247153876996,36.265259528122],[-86.7243457960023,36.2649314855428],[-86.7242490552866,36.264825914465],[-86.7241991123502,36.2647008262297],[-86.7241836692344,36.2641005433833]]},"properties":{"OBJECTID":451,"BikewayType":"PBL","Status":"Completed","OnStreetName":"Heritage Dr","FromStreetName":"Old Hickory Blvd","ToStreetName":"Nesbitt Ln","YearCompleted":2022,"District":"08"}},{"type":"Feature","id":452,"geometry":{"type":"LineString","coordinates":[[-86.7699996927594,36.1519615609212],[-86.7699030573053,36.1519804913429],[-86.7694905995471,36.152157559665],[-86.7690153354456,36.1523615863893]]},"properties":{"OBJECTID":452,"BikewayType":"BL","Status":"Completed","OnStreetName":"Lindsley Ave","FromStreetName":"3rd Ave S","ToStreetName":"2nd Ave S","YearCompleted":2022,"District":"19"}},{"type":"Feature","id":453,"geometry":{"type":"LineString","coordinates":[[-86.7705810011702,36.15278701109],[-86.7703685398909,36.1524704476889],[-86.7700611582018,36.1520124474516],[-86.7699996927594,36.1519615609212]]},"properties":{"OBJECTID":453,"BikewayType":"BL","Status":"Completed","OnStreetName":"3rd Ave S","FromStreetName":"Lindsley Ave","ToStreetName":"Ash St","YearCompleted":2022,"District":"19"}},{"type":"Feature","id":454,"geometry":{"type":"LineString","coordinates":[[-86.7952596259539,36.174578802694],[-86.7957395289638,36.174456600498],[-86.796789438196,36.1742157161997],[-86.7975628884885,36.1739997699537],[-86.79924959099,36.1735731186624]]},"properties":{"OBJECTID":454,"BikewayType":"PBL","Status":"Completed","OnStreetName":"Monroe St","FromStreetName":"11th Ave N","ToStreetName":"10th Ave N","YearCompleted":2022,"District":"19"}},{"type":"Feature","id":455,"geometry":{"type":"LineString","coordinates":[[-86.793740341613,36.1748385575083],[-86.793952010682,36.1749136254103],[-86.7940277824124,36.1748955000045],[-86.794135908067,36.1748657155972],[-86.7944352816463,36.1747888881419],[-86.7946253806368,36.1747400210736],[-86.7949245145064,36.1746675434936],[-86.7952596259539,36.174578802694]]},"properties":{"OBJECTID":455,"BikewayType":"BL","Status":"Completed","OnStreetName":"Monroe St","FromStreetName":"10th Ave N","ToStreetName":"9th Ave N","YearCompleted":2022,"District":"19"}},{"type":"Feature","id":456,"geometry":{"type":"LineString","coordinates":[[-86.7926817893761,36.1752718790243],[-86.7928280890165,36.1752092264266],[-86.793740341613,36.1748385575083]]},"properties":{"OBJECTID":456,"BikewayType":"PBL","Status":"Completed","OnStreetName":"Monroe St","FromStreetName":"9th Ave N","ToStreetName":"Rosa L Parks Blvd","YearCompleted":2022,"District":"19"}},{"type":"Feature","id":457,"geometry":{"type":"LineString","coordinates":[[-86.7841667858437,36.1787708263862],[-86.7852150326213,36.1783276922067],[-86.7854090920382,36.1782495111552],[-86.7854810896194,36.17822042748],[-86.7855525292532,36.1781920341572],[-86.7859878300236,36.1780101838526],[-86.7860637460036,36.1779776404861],[-86.7864959885368,36.1778008436145],[-86.7870786750661,36.1775617142054],[-86.7871394116957,36.1775361367779],[-86.7877611128273,36.1772738565404],[-86.7883993381218,36.1770268037947],[-86.7889545941004,36.1768130248591],[-86.7890488257864,36.1767769260511]]},"properties":{"OBJECTID":457,"BikewayType":"SSR","Status":"Completed","OnStreetName":"Monroe St","FromStreetName":"5th Ave N","ToStreetName":"1st Ave N","YearCompleted":2022,"District":"19"}},{"type":"Feature","id":458,"geometry":{"type":"LineString","coordinates":[[-86.7819130653177,36.1658659846177],[-86.782620659107,36.1655608224187],[-86.7831538647434,36.1653220314999],[-86.7834566419959,36.1651923268409],[-86.7837206337652,36.1650802722792],[-86.7843784593302,36.1647969414948],[-86.7856047700281,36.1642757202995]]},"properties":{"OBJECTID":458,"BikewayType":"SSR","Status":"Completed","OnStreetName":"Dr Martin Luther King Jr Blvd","FromStreetName":"Rosa L Parks Blvd","ToStreetName":"5th Ave N","YearCompleted":2022,"District":"19"}},{"type":"Feature","id":459,"geometry":{"type":"LineString","coordinates":[[-86.7890460774059,36.1628199945401],[-86.7906192913653,36.1621242924841],[-86.7915847135683,36.1616923958443],[-86.7917631808337,36.161612475706]]},"properties":{"OBJECTID":459,"BikewayType":"BL","Status":"Completed","OnStreetName":"Dr Martin Luther King Jr Blvd","FromStreetName":"12th Ave N","ToStreetName":"N Gulch Greenway","YearCompleted":2022,"District":"19"}},{"type":"Feature","id":460,"geometry":{"type":"LineString","coordinates":[[-86.7917631808337,36.161612475706],[-86.7926839677371,36.1612069601588]]},"properties":{"OBJECTID":460,"BikewayType":"PBL","Status":"Completed","OnStreetName":"Dr Martin Luther King Jr Blvd","FromStreetName":"George L Davis Blvd","ToStreetName":"12th Ave N","YearCompleted":2022,"District":"19"}},{"type":"Feature","id":461,"geometry":{"type":"LineString","coordinates":[[-86.7856047700281,36.1642757202995],[-86.786241908927,36.1640428777278]]},"properties":{"OBJECTID":461,"BikewayType":"BL","Status":"Completed","OnStreetName":"Dr Martin Luther King Jr Blvd","FromStreetName":"Rosa L Parks Blvd","ToStreetName":"Rosa L Parks Blvd","YearCompleted":2022,"District":"19"}},{"type":"Feature","id":462,"geometry":{"type":"LineString","coordinates":[[-86.786241908927,36.1640428777278],[-86.786463007893,36.1639620010475],[-86.7866312887221,36.163878720251],[-86.7867551820937,36.1638174771221],[-86.7870101629646,36.16370867892],[-86.787199152407,36.1636355646971],[-86.7873678310161,36.1635639562168],[-86.787645916365,36.1634508853135],[-86.7877245838662,36.1634125987555],[-86.7878053432528,36.1633859744461]]},"properties":{"OBJECTID":462,"BikewayType":"PBL","Status":"Completed","OnStreetName":"Dr Martin Luther King Jr Blvd","FromStreetName":"10th Ave N","ToStreetName":"Rosa L Parks Blvd","YearCompleted":2022,"District":"19"}},{"type":"Feature","id":463,"geometry":{"type":"LineString","coordinates":[[-86.7878053432528,36.1633859744461],[-86.7881281316976,36.1632259103904],[-86.7890460774059,36.1628199945401]]},"properties":{"OBJECTID":463,"BikewayType":"PBL","Status":"Completed","OnStreetName":"Dr Martin Luther King Jr Blvd","FromStreetName":"N Gulch Greenway","ToStreetName":"10th Ave N","YearCompleted":2022,"District":"19"}},{"type":"Feature","id":464,"geometry":{"type":"LineString","coordinates":[[-86.8176994938893,36.1951124667224],[-86.81826730565,36.1950706189931],[-86.8184120420424,36.1950288900257],[-86.8185711043468,36.1949522677288],[-86.8187393097868,36.1948311724936],[-86.8196252846996,36.1941209976455],[-86.8202708568563,36.1937340849891],[-86.8207866238102,36.1935492741087],[-86.8209227490611,36.1934945521064],[-86.8211609453817,36.1934237980466],[-86.8213474819299,36.1933826959942],[-86.8222112180778,36.193255488721],[-86.823176820419,36.1931202552805],[-86.8239112260235,36.1927233313977]]},"properties":{"OBJECTID":464,"BikewayType":"PBL","Status":"Completed","OnStreetName":"Freelands Station Rd","FromStreetName":"Cumberland River Greenway","ToStreetName":"Mainstream Dr","YearCompleted":2020,"District":"02"}},{"type":"Feature","id":465,"geometry":{"type":"LineString","coordinates":[[-86.7597451164578,36.1313326552602],[-86.7601443564303,36.1314181805731],[-86.7603983261792,36.1314842172116],[-86.7606167083845,36.1318522410287],[-86.7606930274801,36.1321197054789],[-86.7609262993545,36.1323679706489],[-86.7613157758291,36.1325189962059],[-86.7617105930944,36.1325581267716],[-86.7622626628156,36.1326092697834],[-86.762522800786,36.1326492485715],[-86.7627025489667,36.1326663226129],[-86.7627795839225,36.1326736397198],[-86.7630168558346,36.132705260283],[-86.7634220476342,36.1327242969016],[-86.764150229926,36.1328106444486],[-86.7650109753927,36.1329127089272]]},"properties":{"OBJECTID":465,"BikewayType":"PBL","Status":"Completed","OnStreetName":"Wedgewood Ave","FromStreetName":"Rains Ave","ToStreetName":"Craighead St","YearCompleted":2022,"District":"17"}},{"type":"Feature","id":466,"geometry":{"type":"LineString","coordinates":[[-86.7861375233111,36.1772478100241],[-86.786351439359,36.1775751528255],[-86.7864959885368,36.1778008436145],[-86.7865286728631,36.1778507645131],[-86.7873950110482,36.1791925523643],[-86.7874559166701,36.1792976888551],[-86.7875739958961,36.1794731881967],[-86.7878424454574,36.1798912796331],[-86.7881767113922,36.1803966177048],[-86.7882464792132,36.1804840680492],[-86.7883233986735,36.1806376308865]]},"properties":{"OBJECTID":466,"BikewayType":"BL","Status":"Completed","OnStreetName":"3rd Ave N","FromStreetName":"Monroe St","ToStreetName":"Van Buren St","YearCompleted":null,"District":"19"}},{"type":"Feature","id":467,"geometry":{"type":"LineString","coordinates":[[-86.8196140020725,36.1631048768191],[-86.8192577548407,36.1616425623288]]},"properties":{"OBJECTID":467,"BikewayType":"BBL","Status":"Completed","OnStreetName":"28th Ave N","FromStreetName":"Herman St","ToStreetName":"I-40E Ramp","YearCompleted":2021,"District":"21"}},{"type":"Feature","id":468,"geometry":{"type":"LineString","coordinates":[[-86.8198873702332,36.1642441446621],[-86.8196828671795,36.1633875439322],[-86.8196140020725,36.1631048768191]]},"properties":{"OBJECTID":468,"BikewayType":"BL","Status":"Completed","OnStreetName":"28th Ave N","FromStreetName":"I-40E Ramp","ToStreetName":"Albion St","YearCompleted":2021,"District":"21"}},{"type":"Feature","id":469,"geometry":{"type":"LineString","coordinates":[[-86.8462065055035,36.1565927752373],[-86.8462656640829,36.1577165519394],[-86.8463245743925,36.158816786002],[-86.846402613944,36.1603494932956],[-86.8464550735882,36.1611849113402],[-86.8465159854771,36.1621320992036],[-86.84651319834,36.1625997696013]]},"properties":{"OBJECTID":469,"BikewayType":"SSR","Status":"Completed","OnStreetName":"49th Ave N","FromStreetName":"Indiana Ave","ToStreetName":"Centennial Blvd","YearCompleted":2023,"District":"20"}},{"type":"Feature","id":470,"geometry":{"type":"LineString","coordinates":[[-86.8536025308515,36.1548012433028],[-86.8532589054248,36.1550105967925],[-86.8530501653319,36.1551086362767],[-86.852858136318,36.1551789682969],[-86.8487412018629,36.1553277633534]]},"properties":{"OBJECTID":470,"BikewayType":"PBL","Status":"Completed","OnStreetName":"Georgia Ave","FromStreetName":"Delray Dr","ToStreetName":"51st Ave N","YearCompleted":2023,"District":"20"}},{"type":"Feature","id":471,"geometry":{"type":"LineString","coordinates":[[-86.8501105379812,36.1564628869816],[-86.8488031717338,36.1564964428911],[-86.8463410590196,36.1565767497112],[-86.8462065055035,36.1565927752373]]},"properties":{"OBJECTID":471,"BikewayType":"SSR","Status":"Completed","OnStreetName":"Indiana Ave","FromStreetName":"52nd Ave N","ToStreetName":"49th Ave N","YearCompleted":2023,"District":"20"}},{"type":"Feature","id":472,"geometry":{"type":"LineString","coordinates":[[-86.8501105379812,36.1564628869816],[-86.8502533468144,36.1586782601924],[-86.8503164943557,36.1598089950892]]},"properties":{"OBJECTID":472,"BikewayType":"SSR","Status":"Completed","OnStreetName":"52nd Ave N","FromStreetName":"Georgia Ave","ToStreetName":"Kentucky Ave","YearCompleted":2023,"District":"20"}},{"type":"Feature","id":473,"geometry":{"type":"LineString","coordinates":[[-86.8503164943557,36.1598089950892],[-86.8489812606732,36.15985479711],[-86.8463818951186,36.1599425838374]]},"properties":{"OBJECTID":473,"BikewayType":"SSR","Status":"Completed","OnStreetName":"Kentucky Ave","FromStreetName":"52nd Ave N","ToStreetName":"49th ave N","YearCompleted":2023,"District":"20"}},{"type":"Feature","id":474,"geometry":{"type":"LineString","coordinates":[[-86.7518678615459,36.0522167644651],[-86.7518903261383,36.052088195512],[-86.7518255231893,36.0518837080089],[-86.7517346624238,36.0517556170512],[-86.7514285816737,36.0514956318046],[-86.7513487062131,36.0514260768203],[-86.751268149142,36.0513441648005],[-86.7511929190911,36.0512590145253],[-86.7511244244247,36.0511706172267],[-86.7510626521483,36.0510775994266],[-86.751000806459,36.0509767975845],[-86.7509391145097,36.0508922495688],[-86.7508496297501,36.0507304968809],[-86.7507435864984,36.0505168796227],[-86.7506795086214,36.0503588603093],[-86.7506292167556,36.0501977790226],[-86.7506168778134,36.0501449734077],[-86.7505977880907,36.0500340611127],[-86.7505558970465,36.0497177139741],[-86.7505317118103,36.0494552827507],[-86.7504783516741,36.0490288914695],[-86.7503891260745,36.0481478415782],[-86.7503402289511,36.0478954089268],[-86.7503417010417,36.0476930260199],[-86.7503706090824,36.0475600674602],[-86.7504067703383,36.0474190512241],[-86.7506033047073,36.0474542269117],[-86.7507934399763,36.0474683807176],[-86.7509550823613,36.0474804224927],[-86.7512200325688,36.047506471543],[-86.7516271962031,36.0475467423978],[-86.7523401407889,36.0476379858104],[-86.7523968590566,36.0476438127824]]},"properties":{"OBJECTID":474,"BikewayType":"PBL","Status":"Completed","OnStreetName":"Hill Rd/San Marcos Dr","FromStreetName":"Hill Road Cir","ToStreetName":"Broadwell Dr","YearCompleted":2017,"District":"26"}},{"type":"Feature","id":475,"geometry":{"type":"LineString","coordinates":[[-86.8722467830035,36.1573425033399],[-86.8723720247149,36.1568530673572],[-86.8724076391844,36.1567231673127],[-86.8724244011511,36.156651901021],[-86.8724449930904,36.156574282766],[-86.8724656718847,36.156504568991],[-86.8724842624129,36.1564222226678],[-86.8725028528927,36.1563398754386],[-86.8725156989223,36.1562670565953],[-86.8725265435892,36.1561895087902],[-86.8725389909402,36.1560803298385]]},"properties":{"OBJECTID":475,"BikewayType":"SSR","Status":"Completed","OnStreetName":"Nall Ave","FromStreetName":"Deal Ave","ToStreetName":"Robertson Ave","YearCompleted":2023,"District":"20"}},{"type":"Feature","id":476,"geometry":{"type":"LineString","coordinates":[[-86.774998794494,36.1200792001722],[-86.7752065179531,36.119867857241],[-86.7753903299975,36.1196424054118],[-86.7755487833129,36.1194046201201],[-86.7756806303196,36.1191563739119],[-86.7760740516277,36.1182818757932],[-86.7762134809171,36.1180109353137],[-86.7764494646417,36.1176525375156],[-86.7764988588004,36.117601101642]]},"properties":{"OBJECTID":476,"BikewayType":"BL","Status":"Completed","OnStreetName":"Gale Ln","FromStreetName":"975' SW of 8th Ave S","ToStreetName":"8th Ave S","YearCompleted":2024,"District":"17, 18"}},{"type":"Feature","id":477,"geometry":{"type":"LineString","coordinates":[[-86.7769147235728,36.1645849326828],[-86.7773164803078,36.1644140879025],[-86.7777334154172,36.1642365043073],[-86.778364269426,36.1639650560775],[-86.7789849632156,36.1636943559472],[-86.7795731157413,36.1634451525655],[-86.7801938789773,36.1631822299453],[-86.7807983045465,36.1629235294886],[-86.7808019585855,36.1629219033911],[-86.7814425175104,36.1626920399593],[-86.7820806928749,36.162421210492],[-86.7826582145636,36.1621265060583],[-86.7832493610019,36.1618683371091],[-86.7833674229458,36.1618169789402],[-86.7838979433552,36.1615949122002]]},"properties":{"OBJECTID":477,"BikewayType":"SSR","Status":"Completed","OnStreetName":"Church St","FromStreetName":"Rosa L Parks Ave","ToStreetName":"2nd Ave N","YearCompleted":2024,"District":"19"}},{"type":"Feature","id":478,"geometry":{"type":"LineString","coordinates":[[-86.8123755320989,36.1466913400782],[-86.8132728878012,36.1462574351372],[-86.8137179489734,36.1460321483277],[-86.8141332601882,36.1458235440218],[-86.8146628730938,36.145559223882],[-86.8149807510759,36.1454004931038],[-86.8153562014391,36.1452139006368],[-86.8158682845558,36.1449474052218],[-86.8163762767864,36.1446951276763],[-86.8165032224177,36.144688774529]]},"properties":{"OBJECTID":478,"BikewayType":"SSR","Status":"Completed","OnStreetName":"Poston Ave","FromStreetName":"31st Ave N","ToStreetName":"27th Ave N","YearCompleted":2024,"District":"21"}},{"type":"Feature","id":479,"geometry":{"type":"LineString","coordinates":[[-86.8162169653978,36.143595479537],[-86.8161091781452,36.1434566539878],[-86.8155984019547,36.1427413716065],[-86.8155046010748,36.1426135736208]]},"properties":{"OBJECTID":479,"BikewayType":"SSR","Status":"Completed","OnStreetName":"31st Ave N","FromStreetName":"Hedrick St","ToStreetName":"West End Ave","YearCompleted":2011,"District":"21"}},{"type":"Feature","id":480,"geometry":{"type":"LineString","coordinates":[[-86.7052639973285,36.2663310758585],[-86.7052386609412,36.2664381267762],[-86.7052089851858,36.2665658053085],[-86.7051967195352,36.2666169248077],[-86.7051820137687,36.2666797331806],[-86.7051660005755,36.266754453632],[-86.7051503046318,36.2668330628726],[-86.7051381081475,36.2668919650488],[-86.7051283741643,36.2669416962773],[-86.7051104982878,36.2670294748044],[-86.7050831404586,36.2671635502619],[-86.7050327794211,36.2673492647477],[-86.7050064296775,36.2676284660192],[-86.7049972693719,36.2677109286358],[-86.7049831720708,36.2678421788112],[-86.7049766551421,36.2679040237075],[-86.704964149583,36.2679917708586],[-86.7049481668122,36.2681017438826],[-86.7049295292482,36.2682311892043],[-86.7049203036397,36.2683063269211],[-86.7049090182191,36.2684041391691],[-86.704902981015,36.2684563668504],[-86.7048927325874,36.268543643886],[-86.7048838180816,36.2686219845787],[-86.7048777869521,36.2686748989625],[-86.7048614377731,36.2687754877003],[-86.7048556044101,36.2688824247027],[-86.7048452154022,36.268953907456],[-86.7048340292461,36.2690311168119],[-86.7048254723222,36.2690861061454],[-86.7048183653935,36.2691452074782],[-86.7048086495498,36.2692288178521],[-86.7047970404725,36.269322053663],[-86.7047796726159,36.2694670585775],[-86.7047709794993,36.2695385305202],[-86.7047545139776,36.2696260717818],[-86.7047128237138,36.2697698441157],[-86.704692498335,36.2698683966533],[-86.7046867048794,36.2699162735077],[-86.7046775175167,36.2699957603128],[-86.7046700320581,36.2700441048585],[-86.704648584215,36.2701753977554],[-86.7046233742159,36.2703286892414],[-86.7046083665273,36.2704212580734],[-86.7045841733131,36.2705935425869],[-86.7045668271662,36.2707410644396],[-86.7045567549288,36.2708164368194],[-86.7045485433846,36.2708785204271],[-86.7045408666605,36.270937167203],[-86.7042147046889,36.273171671577]]},"properties":{"OBJECTID":480,"BikewayType":"SSR","Status":"Completed","OnStreetName":"Bixler Ave","FromStreetName":"Dupont Ave","ToStreetName":"Anderson Ln","YearCompleted":2024,"District":"09"}},{"type":"Feature","id":481,"geometry":{"type":"LineString","coordinates":[[-86.7109145950217,36.2669148935608],[-86.7107719739941,36.2668981060291],[-86.7105373167373,36.2668628595765],[-86.7104498881901,36.266853988077],[-86.7101748738045,36.2668260745124],[-86.710092823225,36.2668178578954],[-86.7099128733551,36.2667994573638],[-86.7097532764993,36.2667809370347],[-86.7096536639415,36.2667687027973],[-86.7095297136157,36.266753406566],[-86.709413710713,36.2667417261881],[-86.7093016660758,36.2667302513818],[-86.7091251158125,36.2667125164696],[-86.708853215781,36.2666850394567],[-86.7087346659443,36.2666731444524],[-86.7085844261647,36.2666577716092],[-86.7083951440824,36.2666387367944],[-86.7080808030072,36.266606928525],[-86.7079271694813,36.2665913467368],[-86.7077998502921,36.2665785865279],[-86.7077161021905,36.266570149327],[-86.7075104085905,36.2665493779186],[-86.7073765801073,36.2665357397141],[-86.7072416230598,36.2665223368806],[-86.7070370603611,36.2665015580495],[-86.706973117221,36.266495064695],[-86.7067314922084,36.2664706106076],[-86.7063580208199,36.2664329629487],[-86.7061676071182,36.2664137023497],[-86.7061059274627,36.2664074242254],[-86.7060184978749,36.2663983206164],[-86.7057567738193,36.2663705482836],[-86.7056789641105,36.2663623039078],[-86.7054749605222,36.2663406035137],[-86.7054172391799,36.266334530846],[-86.7053394865834,36.2663326955242],[-86.7052639973285,36.2663310758585],[-86.7050000348575,36.2663058330114],[-86.7047935048462,36.266286206437],[-86.7046605334032,36.2662734758889],[-86.704431371338,36.266251691513],[-86.704321032218,36.266241116911],[-86.7041679736004,36.266226442658],[-86.7040177416616,36.2662117517447],[-86.7039000464242,36.266200304855],[-86.7037851787621,36.2661890702989],[-86.7037193286439,36.2661905983371],[-86.7036420236791,36.2661754822786],[-86.7035596938207,36.2661674917728],[-86.7034532889426,36.2661541474031],[-86.7033024574171,36.2661355675461],[-86.7031963341744,36.2661222213116],[-86.7029628680507,36.2660931339364],[-86.7025165115874,36.2660446256727]]},"properties":{"OBJECTID":481,"BikewayType":"SSR","Status":"Completed","OnStreetName":"Dupont Ave","FromStreetName":"Gallatin Pike","ToStreetName":"Madison Park Parking Lot","YearCompleted":2024,"District":"09"}},{"type":"Feature","id":482,"geometry":{"type":"LineString","coordinates":[[-86.7890488257864,36.1767769260511],[-86.7892951699974,36.1766759634508],[-86.7896435694173,36.1765308376255],[-86.7901685443546,36.176310841304],[-86.7902534599542,36.1762750314477],[-86.7903715581536,36.176225497875],[-86.7908717813343,36.176015504157],[-86.791417571713,36.1757882702676],[-86.7915095195226,36.175749895268],[-86.7920614582463,36.1755166652388],[-86.7926630529165,36.1752799025757],[-86.7926817893761,36.1752718790243]]},"properties":{"OBJECTID":482,"BikewayType":"BL","Status":"Completed","OnStreetName":"Monroe St","FromStreetName":"Rosa L Parks Blvd","ToStreetName":"5th Ave N","YearCompleted":2022,"District":"19"}},{"type":"Feature","id":483,"geometry":{"type":"LineString","coordinates":[[-86.7804996807878,36.2428418233094],[-86.7803678488883,36.2442628809094],[-86.7801716786698,36.2450909988544],[-86.7797967667961,36.2455899416122],[-86.7792506581455,36.2461820120985],[-86.7780256678833,36.2476909187874]]},"properties":{"OBJECTID":483,"BikewayType":"BL","Status":"Completed","OnStreetName":"Brick Church Pike","FromStreetName":"Masonwood Dr","ToStreetName":"Village Trl","YearCompleted":2024,"District":"3"}},{"type":"Feature","id":484,"geometry":{"type":"LineString","coordinates":[[-86.6939278913432,36.0695983255647],[-86.69394811704,36.0693958381868],[-86.6939684824867,36.0692739311905],[-86.6939784033112,36.0691507116599],[-86.6939787374333,36.0690275473161],[-86.6939694868889,36.0689046661726],[-86.6939506577361,36.0687827567747],[-86.6939129614069,36.0686314244685],[-86.6938727894751,36.0685194817475],[-86.6937843249957,36.0683343306688],[-86.6937182221348,36.0682236817646],[-86.6936445376868,36.0681165103467],[-86.6935128905685,36.0679588497882],[-86.6933753605581,36.0678378520622],[-86.6932283003745,36.0677233189274],[-86.6930391222493,36.0675968946658],[-86.6928881869891,36.0675229024833],[-86.6926790674369,36.0674375701239],[-86.6924347267852,36.0673551868477],[-86.692184856342,36.0672851968624],[-86.6919286158951,36.0672285206624],[-86.6917103301962,36.0671913138064],[-86.6912876318066,36.0671234573195],[-86.6908700816571,36.0670963196635],[-86.6892584381762,36.0671066904628],[-86.6886216398302,36.067061110812],[-86.6878776582891,36.0668810728916],[-86.687054391518,36.0662706418253],[-86.6858206203421,36.0650748852938],[-86.685044154318,36.0643291065823],[-86.6844090030929,36.0637189616498],[-86.6836515587676,36.0629854279065],[-86.6832908166884,36.0626431669175],[-86.6825077650776,36.0618802404439],[-86.6812752573595,36.0606842008389],[-86.6811549759977,36.0605653809112],[-86.6810270867892,36.0604470617016],[-86.6809383828907,36.0603610276741],[-86.680709513862,36.060138887993],[-86.6800317367233,36.0594818006904],[-86.6796288829447,36.0590910048302],[-86.679377012104,36.0588791146398],[-86.6791423986163,36.058632035094],[-86.6789075149568,36.0583531610227],[-86.6787767441079,36.0579425440773],[-86.6787851577019,36.0577815323185],[-86.6788180439822,36.0576203827232],[-86.6789022719158,36.057452981915],[-86.6791087425922,36.0572151309272],[-86.6791519520893,36.057174279079]]},"properties":{"OBJECTID":484,"BikewayType":"PBL","Status":"Completed","OnStreetName":"Apache Trail","FromStreetName":"Shihmen Dr","ToStreetName":"Haywood Ln","YearCompleted":2024,"District":"33, 27, 30"}},{"type":"Feature","id":485,"geometry":{"type":"LineString","coordinates":[[-86.6791519520893,36.057174279079],[-86.6792220112056,36.0571080416808],[-86.67935237943,36.0570226039923],[-86.6798885496106,36.0567183119938],[-86.6800076007701,36.0566613243532],[-86.6802291635335,36.0565584305526],[-86.6803910588277,36.0565002850066],[-86.6805260965824,36.0564665571415],[-86.6806992674641,36.0564413129852],[-86.680875129579,36.0564339096743],[-86.6810500119859,36.0564439100874],[-86.6812219523047,36.0564724699554],[-86.6815255968801,36.056538744633],[-86.6816450754912,36.0565646244887],[-86.6818319775304,36.0565953881389],[-86.6820215310356,36.0566064487816],[-86.6821554141489,36.0566024861218],[-86.6828804180708,36.05655534227],[-86.6837420770075,36.0564987196593],[-86.6842101722197,36.0564763755206],[-86.6843710243685,36.0564612688001],[-86.6845449253952,36.0564227372016],[-86.6847234413031,36.0563635748046],[-86.6854055193365,36.0560794912413],[-86.6855379024757,36.056032495072],[-86.6859618629075,36.0559600311957],[-86.6865901629282,36.055946151889],[-86.6877125574576,36.0565365663855],[-86.6878473680336,36.0566072223135],[-86.688364119902,36.0568968416833],[-86.6885204526583,36.0569783624329],[-86.6886820659281,36.0570509246546],[-86.6888492512761,36.0571159002229],[-86.6889719156196,36.0571511406298],[-86.6894910094527,36.0573198683353],[-86.6896253006432,36.0573628250832],[-86.6899142600213,36.0574250420111],[-86.690164180568,36.0574721436906],[-86.6908037971026,36.0575911842768],[-86.6910410055135,36.0576351520236],[-86.691534501004,36.0577124469149],[-86.691732076735,36.0577378686791],[-86.6919315383373,36.057753206505],[-86.692131477241,36.0577584684715],[-86.6923318871617,36.057753196758],[-86.6925051608295,36.0577398392564],[-86.6930093990943,36.0576909266993],[-86.6934498347923,36.0576323054411],[-86.6938880044916,36.0575725518804],[-86.6940003387494,36.0575545066499],[-86.6941120591282,36.057530741673],[-86.6942200675938,36.0575015037229],[-86.6943280168664,36.0574656271313],[-86.6944561222301,36.0574133804854],[-86.6946583019912,36.0573204156287],[-86.6948484316113,36.0572034816533],[-86.6949541701844,36.0571083251216],[-86.6950620337056,36.0569982759773],[-86.6952076950371,36.0568259694673],[-86.6948892983077,36.0566538200894],[-86.6946510541609,36.0564912816309],[-86.6945846055115,36.0564367220813],[-86.6944684994073,36.0563133126391],[-86.6943725955522,36.0561787972915],[-86.6942878707071,36.0560652796668],[-86.6942583634942,36.0560116517622],[-86.6941941267514,36.0558874854005],[-86.6941417095009,36.0557932394862],[-86.6940726026182,36.0556278942152],[-86.6940319292319,36.0554578066264],[-86.6940168700371,36.0552829920802],[-86.6940189314692,36.0551962168077],[-86.6940780030487,36.0546968144414]]},"properties":{"OBJECTID":485,"BikewayType":"PBL","Status":"Completed","OnStreetName":"Bart Dr/Coleridge Dr","FromStreetName":"Tusculum Rd","ToStreetName":"Shihmen Dr","YearCompleted":2024,"District":"27, 33"}},{"type":"Feature","id":486,"geometry":{"type":"LineString","coordinates":[[-86.7922701490581,36.1480727699664],[-86.78874303825,36.1477111074884],[-86.7857290350089,36.147378832714],[-86.782469033636,36.1470318336959],[-86.7790230326868,36.1466829212588]]},"properties":{"OBJECTID":486,"BikewayType":"PBL","Status":"Complete","OnStreetName":"South St","FromStreetName":"Music Sq E","ToStreetName":"8th Ave S","YearCompleted":2024,"District":"17, 19"}},{"type":"Feature","id":487,"geometry":{"type":"LineString","coordinates":[[-86.7467930530602,36.2843238239258],[-86.7421217621812,36.2837400185267],[-86.7402391934152,36.2832168179804],[-86.7395009831101,36.2830979509474],[-86.7390608076448,36.2830727155525],[-86.7386832206548,36.2831496495205],[-86.7383319239709,36.2832261937088],[-86.7379745549206,36.2833185680992],[-86.7377589928397,36.2833670402029],[-86.7376630631731,36.283388685734],[-86.7372305228164,36.2834549626183],[-86.7369724137176,36.2834583678567],[-86.736634866814,36.2834631723237],[-86.7360553407055,36.2834424377324],[-86.735832646376,36.283453636866],[-86.73559688814,36.2834891799548],[-86.7352501350142,36.2835682046526],[-86.7349767247712,36.2836291560608],[-86.7346545796902,36.2837398493299],[-86.7342395301537,36.2838939120618],[-86.7336834271457,36.2841129263209],[-86.733510152796,36.2841789894022],[-86.7332861643215,36.2842645886422],[-86.7331344431979,36.2843071712285],[-86.7328553255554,36.2843628873994],[-86.7325131267497,36.2844153225842],[-86.7321780946563,36.2844173523744],[-86.7318182761713,36.2843989290665],[-86.7316152156316,36.2843628453203]]},"properties":{"OBJECTID":487,"BikewayType":"SSR","Status":"Completed","OnStreetName":"Cunniff Pkwy","FromStreetName":"Dickerson Pike","ToStreetName":"W Campbell Rd","YearCompleted":2024,"District":"3"}},{"type":"Feature","id":488,"geometry":{"type":"LineString","coordinates":[[-86.7272587560193,36.0826219263222],[-86.7275033098804,36.0825645929024],[-86.7280153966495,36.08246466602],[-86.7285966054718,36.0823677531495],[-86.7287301153616,36.0823493189264],[-86.7289034922646,36.0823418609249],[-86.7290784377294,36.0823517915873],[-86.7292490413292,36.0823802912886],[-86.7294008336175,36.0824178326818],[-86.7295298012231,36.0824575723336],[-86.7301479923835,36.0827024449936],[-86.7306455017554,36.0828882952363],[-86.7307930960093,36.082929294217],[-86.7309464799221,36.0829558355604],[-86.7311544105894,36.0829641896794],[-86.7312761797414,36.0829570412304],[-86.7315816462389,36.0829300061844],[-86.731741475036,36.0829212527589],[-86.7319527001141,36.0829199706013],[-86.7321626259575,36.0829306001323],[-86.7323239390166,36.0829912015961]]},"properties":{"OBJECTID":488,"BikewayType":"BL","Status":"Completed","OnStreetName":"Welshwood Dr","FromStreetName":"Corning Dr","ToStreetName":"Nolensville Pike","YearCompleted":2024,"District":"26"}},{"type":"Feature","id":489,"geometry":{"type":"LineString","coordinates":[[-86.7433395278441,36.1924755562512],[-86.7426938638072,36.1924133132542],[-86.7421011859605,36.1923678488552],[-86.7415038888436,36.1923359270143],[-86.7397182774507,36.1921344425179],[-86.7390814460824,36.1920751597553],[-86.7374979013988,36.191917960423],[-86.7339734017315,36.1915837362018],[-86.7333592456006,36.1912665847328]]},"properties":{"OBJECTID":489,"BikewayType":"SSR","Status":"Completed","OnStreetName":"Douglas Ave","FromStreetName":"N 12th St","ToStreetName":"Scott Ave","YearCompleted":2024,"District":"06"}},{"type":"Feature","id":490,"geometry":{"type":"LineString","coordinates":[[-86.7444662108222,36.1925841612222],[-86.7433395278441,36.1924755562512]]},"properties":{"OBJECTID":490,"BikewayType":"PBL","Status":"Completed","OnStreetName":"Douglas Ave","FromStreetName":"Gallatin Ave","ToStreetName":"N 12th St","YearCompleted":2024,"District":"05, 06"}},{"type":"Feature","id":491,"geometry":{"type":"LineString","coordinates":[[-86.8358104760524,36.2270560824148],[-86.8361373069342,36.2266928557783],[-86.8367704156434,36.2259998030004],[-86.8372663031476,36.2254679435231],[-86.8375985467795,36.2250969029809],[-86.8378868553332,36.2247024806105],[-86.8379850090898,36.2245094242856],[-86.8380641034855,36.2243107070761],[-86.8381236478646,36.224107562071],[-86.8381632728939,36.2239012498251],[-86.8381759219865,36.2235363575731],[-86.8381367374489,36.2231727047315],[-86.8380459342296,36.2228601182976],[-86.8379112838149,36.2225580915876],[-86.8374593880224,36.2216798823843],[-86.8372378088946,36.2212083167849],[-86.8371413704554,36.220948082431],[-86.8370620935274,36.2206840714945],[-86.8370002008878,36.2204170264505],[-86.8369558664189,36.2201476982997],[-86.8369254884563,36.2198315789371],[-86.8369138708002,36.2195146424268],[-86.8369329761156,36.2191798959971],[-86.8369750929496,36.2188465340675],[-86.8371846588495,36.2179580143505],[-86.8374828456124,36.2167674663966],[-86.8377293392634,36.2158100129657],[-86.8380819285231,36.2144225959176],[-86.8383509177835,36.2133676931717],[-86.8386508390798,36.2121218072388],[-86.8389282613269,36.2109752746981],[-86.8392333349032,36.209773226729],[-86.8395866787309,36.2084621036451],[-86.839862406214,36.2073804414955],[-86.8401723822454,36.20619934067],[-86.8405132595676,36.2048253467865],[-86.84059981514,36.2043921524144],[-86.840640553601,36.2039545587421],[-86.8406244253731,36.2035875855035],[-86.8405763033132,36.203222456563],[-86.8404776874299,36.2028836387422],[-86.8403526351576,36.2025506020446],[-86.8396679844543,36.2012447881154],[-86.8390123036826,36.2000055380151],[-86.8386594375582,36.1993555626462],[-86.838461409008,36.1990193849898],[-86.8382405380582,36.1986926905577],[-86.8380280068423,36.198422277021],[-86.8378030195481,36.1981585667405],[-86.8375658977315,36.1979019364734],[-86.8373169802746,36.1976527528582]]},"properties":{"OBJECTID":491,"BikewayType":"BL","Status":"Completed","OnStreetName":"Clarksville Pike","FromStreetName":"Briley Pkwy","ToStreetName":"Ashland City Hwy","YearCompleted":2024,"District":"01, 02"}},{"type":"Feature","id":492,"geometry":{"type":"LineString","coordinates":[[-86.7129335411354,36.0424577611101],[-86.7132232015192,36.0453861600898]]},"properties":{"OBJECTID":492,"BikewayType":"BL","Status":"Completed","OnStreetName":"Nolensville Pike","FromStreetName":"Swiss Ave","ToStreetName":"Old Hickory Blvd","YearCompleted":2018,"District":"04, 27"}}]}